[0.000000] (-) TimerEvent: {}
[0.000602] (autorccar_interfaces) JobQueued: {'identifier': 'autorccar_interfaces', 'dependencies': OrderedDict()}
[0.001220] (lio_sam) JobQueued: {'identifier': 'lio_sam', 'dependencies': OrderedDict([('autorccar_interfaces', '/home/ztl/ROS_humble_LIO/install/autorccar_interfaces')])}
[0.002005] (autorccar_interfaces) JobStarted: {'identifier': 'autorccar_interfaces'}
[0.023673] (autorccar_interfaces) JobProgress: {'identifier': 'autorccar_interfaces', 'progress': 'cmake'}
[0.024931] (autorccar_interfaces) Command: {'cmd': ['/usr/bin/cmake', '/home/ztl/ROS_humble_LIO/src/autorccar_interfaces', '-DCMAKE_INSTALL_PREFIX=/home/ztl/ROS_humble_LIO/install/autorccar_interfaces'], 'cwd': '/home/ztl/ROS_humble_LIO/build/autorccar_interfaces', 'env': OrderedDict([('LESSOPEN', '| /usr/bin/lesspipe %s'), ('LANGUAGE', 'zh_CN:en'), ('USER', 'ztl'), ('LC_TIME', 'en_US.UTF-8'), ('XDG_SESSION_TYPE', 'x11'), ('SHLVL', '1'), ('LD_LIBRARY_PATH', '/home/ztl/lio-sam/src/LIO/LIO-SAM_MID360_ROS2_PKG/ros2/install/lio_sam/lib:/home/ztl/lio-sam/src/LIO/LIO-SAM_MID360_ROS2_PKG/ros2/install/autorccar_interfaces/lib:/home/ztl/project/install/livox_ros_driver2/lib:/opt/ros/humble/opt/rviz_ogre_vendor/lib:/opt/ros/humble/lib/aarch64-linux-gnu:/opt/ros/humble/lib'), ('HOME', '/home/ztl'), ('MUTTER_DEBUG_ENABLE_ATOMIC_KMS', '0'), ('DESKTOP_SESSION', 'ubuntu'), ('ROS_PYTHON_VERSION', '3'), ('GNOME_SHELL_SESSION_MODE', 'ubuntu'), ('GTK_MODULES', 'gail:atk-bridge'), ('LC_MONETARY', 'en_US.UTF-8'), ('DBUS_STARTER_BUS_TYPE', 'session'), ('SYSTEMD_EXEC_PID', '1138'), ('DBUS_SESSION_BUS_ADDRESS', 'unix:path=/run/user/1000/bus,guid=e38796444bff260aed25fbd367c59363'), ('COLORTERM', 'truecolor'), ('DEBUGINFOD_URLS', ''), ('IM_CONFIG_PHASE', '1'), ('COLCON_PREFIX_PATH', '/home/ztl/pointcloud2pcd/install:/home/ztl/lio-sam/src/LIO/LIO-SAM_MID360_ROS2_PKG/ros2/install:/home/ztl/project/install'), ('ROS_DISTRO', 'humble'), ('GTK_IM_MODULE', 'ibus'), ('LOGNAME', 'ztl'), ('_', '/usr/bin/colcon'), ('ROS_VERSION', '2'), ('XDG_SESSION_CLASS', 'user'), ('USERNAME', 'ztl'), ('TERM', 'xterm-256color'), ('GNOME_DESKTOP_SESSION_ID', 'this-is-deprecated'), ('ROS_LOCALHOST_ONLY', '0'), ('WINDOWPATH', '2'), ('PATH', '/opt/ros/humble/bin:/usr/local/sbin:/usr/local/bin:/usr/sbin:/usr/bin:/sbin:/bin:/usr/games:/usr/local/games:/snap/bin:/snap/bin'), ('SESSION_MANAGER', 'local/3588:@/tmp/.ICE-unix/1138,unix/3588:/tmp/.ICE-unix/1138'), ('PAPERSIZE', 'letter'), ('XDG_MENU_PREFIX', 'gnome-'), ('LC_ADDRESS', 'en_US.UTF-8'), ('GNOME_TERMINAL_SCREEN', '/org/gnome/Terminal/screen/15001a7c_95e8_42c3_83ca_8e6400d20d5f'), ('XDG_RUNTIME_DIR', '/run/user/1000'), ('DISPLAY', ':0'), ('LANG', 'zh_CN.UTF-8'), ('XDG_CURRENT_DESKTOP', 'ubuntu:GNOME'), ('LC_TELEPHONE', 'en_US.UTF-8'), ('XMODIFIERS', '@im=ibus'), ('XDG_SESSION_DESKTOP', 'ubuntu'), ('XAUTHORITY', '/run/user/1000/gdm/Xauthority'), ('LS_COLORS', 'rs=0:di=01;34:ln=01;36:mh=00:pi=40;33:so=01;35:do=01;35:bd=40;33;01:cd=40;33;01:or=40;31;01:mi=00:su=37;41:sg=30;43:ca=30;41:tw=30;42:ow=34;42:st=37;44:ex=01;32:*.tar=01;31:*.tgz=01;31:*.arc=01;31:*.arj=01;31:*.taz=01;31:*.lha=01;31:*.lz4=01;31:*.lzh=01;31:*.lzma=01;31:*.tlz=01;31:*.txz=01;31:*.tzo=01;31:*.t7z=01;31:*.zip=01;31:*.z=01;31:*.dz=01;31:*.gz=01;31:*.lrz=01;31:*.lz=01;31:*.lzo=01;31:*.xz=01;31:*.zst=01;31:*.tzst=01;31:*.bz2=01;31:*.bz=01;31:*.tbz=01;31:*.tbz2=01;31:*.tz=01;31:*.deb=01;31:*.rpm=01;31:*.jar=01;31:*.war=01;31:*.ear=01;31:*.sar=01;31:*.rar=01;31:*.alz=01;31:*.ace=01;31:*.zoo=01;31:*.cpio=01;31:*.7z=01;31:*.rz=01;31:*.cab=01;31:*.wim=01;31:*.swm=01;31:*.dwm=01;31:*.esd=01;31:*.jpg=01;35:*.jpeg=01;35:*.mjpg=01;35:*.mjpeg=01;35:*.gif=01;35:*.bmp=01;35:*.pbm=01;35:*.pgm=01;35:*.ppm=01;35:*.tga=01;35:*.xbm=01;35:*.xpm=01;35:*.tif=01;35:*.tiff=01;35:*.png=01;35:*.svg=01;35:*.svgz=01;35:*.mng=01;35:*.pcx=01;35:*.mov=01;35:*.mpg=01;35:*.mpeg=01;35:*.m2v=01;35:*.mkv=01;35:*.webm=01;35:*.webp=01;35:*.ogm=01;35:*.mp4=01;35:*.m4v=01;35:*.mp4v=01;35:*.vob=01;35:*.qt=01;35:*.nuv=01;35:*.wmv=01;35:*.asf=01;35:*.rm=01;35:*.rmvb=01;35:*.flc=01;35:*.avi=01;35:*.fli=01;35:*.flv=01;35:*.gl=01;35:*.dl=01;35:*.xcf=01;35:*.xwd=01;35:*.yuv=01;35:*.cgm=01;35:*.emf=01;35:*.ogv=01;35:*.ogx=01;35:*.aac=00;36:*.au=00;36:*.flac=00;36:*.m4a=00;36:*.mid=00;36:*.midi=00;36:*.mka=00;36:*.mp3=00;36:*.mpc=00;36:*.ogg=00;36:*.ra=00;36:*.wav=00;36:*.oga=00;36:*.opus=00;36:*.spx=00;36:*.xspf=00;36:'), ('GNOME_TERMINAL_SERVICE', ':1.95'), ('SSH_AGENT_LAUNCHER', 'gnome-keyring'), ('SSH_AUTH_SOCK', '/run/user/1000/keyring/ssh'), ('AMENT_PREFIX_PATH', '/home/ztl/pointcloud2pcd/install/pointcloud2_to_pcd:/home/ztl/lio-sam/src/LIO/LIO-SAM_MID360_ROS2_PKG/ros2/install/lio_sam:/home/ztl/lio-sam/src/LIO/LIO-SAM_MID360_ROS2_PKG/ros2/install/autorccar_interfaces:/home/ztl/project/install/livox_ros_driver2:/opt/ros/humble'), ('SHELL', '/bin/bash'), ('LC_NAME', 'en_US.UTF-8'), ('CLUTTER_PAINT', 'disable-dynamic-max-render-time'), ('QT_ACCESSIBILITY', '1'), ('GDMSESSION', 'ubuntu'), ('LESSCLOSE', '/usr/bin/lesspipe %s %s'), ('LC_MEASUREMENT', 'en_US.UTF-8'), ('GPG_AGENT_INFO', '/run/user/1000/gnupg/S.gpg-agent:0:1'), ('LC_IDENTIFICATION', 'en_US.UTF-8'), ('MUTTER_DEBUG_FORCE_KMS_MODE', 'simple'), ('QT_IM_MODULE', 'ibus'), ('PWD', '/home/ztl/ROS_humble_LIO/build/autorccar_interfaces'), ('XDG_CONFIG_DIRS', '/etc/xdg/xdg-ubuntu:/etc/xdg'), ('DBUS_STARTER_ADDRESS', 'unix:path=/run/user/1000/bus,guid=e38796444bff260aed25fbd367c59363'), ('XDG_DATA_DIRS', '/usr/share/ubuntu:/usr/share/gnome:/usr/local/share/:/usr/share/:/var/lib/snapd/desktop'), ('PYTHONPATH', '/home/ztl/lio-sam/src/LIO/LIO-SAM_MID360_ROS2_PKG/ros2/install/lio_sam/local/lib/python3.10/dist-packages:/home/ztl/lio-sam/src/LIO/LIO-SAM_MID360_ROS2_PKG/ros2/install/autorccar_interfaces/local/lib/python3.10/dist-packages:/home/ztl/project/install/livox_ros_driver2/local/lib/python3.10/dist-packages:/opt/ros/humble/lib/python3.10/site-packages:/opt/ros/humble/local/lib/python3.10/dist-packages'), ('LC_NUMERIC', 'en_US.UTF-8'), ('LC_PAPER', 'en_US.UTF-8'), ('COLCON', '1'), ('VTE_VERSION', '6800'), ('CMAKE_PREFIX_PATH', '/home/ztl/pointcloud2pcd/install/pointcloud2_to_pcd:/home/ztl/lio-sam/src/LIO/LIO-SAM_MID360_ROS2_PKG/ros2/install/lio_sam:/home/ztl/lio-sam/src/LIO/LIO-SAM_MID360_ROS2_PKG/ros2/install/autorccar_interfaces:/home/ztl/project/install/livox_ros_driver2:/opt/ros/humble')]), 'shell': False}
[0.098394] (-) TimerEvent: {}
[0.198893] (-) TimerEvent: {}
[0.299379] (-) TimerEvent: {}
[0.317470] (autorccar_interfaces) StdoutLine: {'line': b'-- The C compiler identification is GNU 11.4.0\n'}
[0.399629] (-) TimerEvent: {}
[0.500672] (-) TimerEvent: {}
[0.601646] (-) TimerEvent: {}
[0.631822] (autorccar_interfaces) StdoutLine: {'line': b'-- The CXX compiler identification is GNU 11.4.0\n'}
[0.656755] (autorccar_interfaces) StdoutLine: {'line': b'-- Detecting C compiler ABI info\n'}
[0.701889] (-) TimerEvent: {}
[0.802859] (-) TimerEvent: {}
[0.828960] (autorccar_interfaces) StdoutLine: {'line': b'-- Detecting C compiler ABI info - done\n'}
[0.852316] (autorccar_interfaces) StdoutLine: {'line': b'-- Check for working C compiler: /usr/bin/cc - skipped\n'}
[0.853594] (autorccar_interfaces) StdoutLine: {'line': b'-- Detecting C compile features\n'}
[0.855270] (autorccar_interfaces) StdoutLine: {'line': b'-- Detecting C compile features - done\n'}
[0.865541] (autorccar_interfaces) StdoutLine: {'line': b'-- Detecting CXX compiler ABI info\n'}
[0.903074] (-) TimerEvent: {}
[1.004084] (-) TimerEvent: {}
[1.077723] (autorccar_interfaces) StdoutLine: {'line': b'-- Detecting CXX compiler ABI info - done\n'}
[1.101602] (autorccar_interfaces) StdoutLine: {'line': b'-- Check for working CXX compiler: /usr/bin/c++ - skipped\n'}
[1.102376] (autorccar_interfaces) StdoutLine: {'line': b'-- Detecting CXX compile features\n'}
[1.103573] (autorccar_interfaces) StdoutLine: {'line': b'-- Detecting CXX compile features - done\n'}
[1.104106] (-) TimerEvent: {}
[1.115906] (autorccar_interfaces) StdoutLine: {'line': b'-- Found ament_cmake: 1.3.11 (/opt/ros/humble/share/ament_cmake/cmake)\n'}
[1.204258] (-) TimerEvent: {}
[1.305074] (-) TimerEvent: {}
[1.405710] (-) TimerEvent: {}
[1.506684] (-) TimerEvent: {}
[1.576282] (autorccar_interfaces) StdoutLine: {'line': b'-- Found Python3: /usr/bin/python3 (found version "3.10.12") found components: Interpreter \n'}
[1.606805] (-) TimerEvent: {}
[1.707272] (-) TimerEvent: {}
[1.807723] (-) TimerEvent: {}
[1.873696] (autorccar_interfaces) StdoutLine: {'line': b'-- Found std_msgs: 4.2.4 (/opt/ros/humble/share/std_msgs/cmake)\n'}
[1.907859] (-) TimerEvent: {}
[2.001810] (autorccar_interfaces) StdoutLine: {'line': b'-- Found rosidl_generator_c: 3.1.6 (/opt/ros/humble/share/rosidl_generator_c/cmake)\n'}
[2.008037] (-) TimerEvent: {}
[2.025064] (autorccar_interfaces) StdoutLine: {'line': b'-- Found rosidl_adapter: 3.1.6 (/opt/ros/humble/share/rosidl_adapter/cmake)\n'}
[2.053151] (autorccar_interfaces) StdoutLine: {'line': b'-- Found rosidl_generator_cpp: 3.1.6 (/opt/ros/humble/share/rosidl_generator_cpp/cmake)\n'}
[2.097230] (autorccar_interfaces) StdoutLine: {'line': b'-- Using all available rosidl_typesupport_c: rosidl_typesupport_fastrtps_c;rosidl_typesupport_introspection_c\n'}
[2.108171] (-) TimerEvent: {}
[2.155795] (autorccar_interfaces) StdoutLine: {'line': b'-- Using all available rosidl_typesupport_cpp: rosidl_typesupport_fastrtps_cpp;rosidl_typesupport_introspection_cpp\n'}
[2.208427] (-) TimerEvent: {}
[2.246391] (autorccar_interfaces) StdoutLine: {'line': b'-- Found geometry_msgs: 4.2.4 (/opt/ros/humble/share/geometry_msgs/cmake)\n'}
[2.296999] (autorccar_interfaces) StdoutLine: {'line': b'-- Found sensor_msgs: 4.2.4 (/opt/ros/humble/share/sensor_msgs/cmake)\n'}
[2.308657] (-) TimerEvent: {}
[2.363508] (autorccar_interfaces) StdoutLine: {'line': b'-- Found vision_msgs: 4.1.1 (/opt/ros/humble/share/vision_msgs/cmake)\n'}
[2.408879] (-) TimerEvent: {}
[2.423684] (autorccar_interfaces) StdoutLine: {'line': b'-- Found rosidl_default_generators: 1.2.0 (/opt/ros/humble/share/rosidl_default_generators/cmake)\n'}
[2.453586] (autorccar_interfaces) StdoutLine: {'line': b'-- Found ament_lint_auto: 0.12.11 (/opt/ros/humble/share/ament_lint_auto/cmake)\n'}
[2.508993] (-) TimerEvent: {}
[2.609540] (-) TimerEvent: {}
[2.710070] (-) TimerEvent: {}
[2.810922] (-) TimerEvent: {}
[2.911395] (-) TimerEvent: {}
[3.011859] (-) TimerEvent: {}
[3.112298] (-) TimerEvent: {}
[3.212761] (-) TimerEvent: {}
[3.313220] (-) TimerEvent: {}
[3.413678] (-) TimerEvent: {}
[3.514131] (-) TimerEvent: {}
[3.571636] (autorccar_interfaces) StdoutLine: {'line': b'-- Found ament_cmake_ros: 0.10.0 (/opt/ros/humble/share/ament_cmake_ros/cmake)\n'}
[3.614283] (-) TimerEvent: {}
[3.714788] (-) TimerEvent: {}
[3.815326] (-) TimerEvent: {}
[3.915790] (-) TimerEvent: {}
[4.016259] (-) TimerEvent: {}
[4.116728] (-) TimerEvent: {}
[4.217200] (-) TimerEvent: {}
[4.317748] (-) TimerEvent: {}
[4.418620] (-) TimerEvent: {}
[4.519111] (-) TimerEvent: {}
[4.619581] (-) TimerEvent: {}
[4.720046] (-) TimerEvent: {}
[4.820513] (-) TimerEvent: {}
[4.920984] (-) TimerEvent: {}
[4.992993] (autorccar_interfaces) StdoutLine: {'line': b'-- Using all available rosidl_typesupport_c: rosidl_typesupport_fastrtps_c;rosidl_typesupport_introspection_c\n'}
[5.021114] (-) TimerEvent: {}
[5.121583] (-) TimerEvent: {}
[5.222102] (-) TimerEvent: {}
[5.322560] (-) TimerEvent: {}
[5.423122] (-) TimerEvent: {}
[5.513632] (autorccar_interfaces) StdoutLine: {'line': b'-- Using all available rosidl_typesupport_cpp: rosidl_typesupport_fastrtps_cpp;rosidl_typesupport_introspection_cpp\n'}
[5.523341] (-) TimerEvent: {}
[5.573267] (autorccar_interfaces) StdoutLine: {'line': b'-- Found PythonInterp: /usr/bin/python3 (found suitable version "3.10.12", minimum required is "3.6") \n'}
[5.577536] (autorccar_interfaces) StdoutLine: {'line': b'-- Found python_cmake_module: 0.10.0 (/opt/ros/humble/share/python_cmake_module/cmake)\n'}
[5.623531] (-) TimerEvent: {}
[5.671055] (autorccar_interfaces) StdoutLine: {'line': b'-- Found PythonLibs: /usr/lib/aarch64-linux-gnu/libpython3.10.so (found suitable version "3.10.12", minimum required is "3.5") \n'}
[5.671471] (autorccar_interfaces) StdoutLine: {'line': b'-- Using PYTHON_EXECUTABLE: /usr/bin/python3\n'}
[5.671662] (autorccar_interfaces) StdoutLine: {'line': b'-- Using PYTHON_INCLUDE_DIRS: /usr/include/python3.10\n'}
[5.671840] (autorccar_interfaces) StdoutLine: {'line': b'-- Using PYTHON_LIBRARIES: /usr/lib/aarch64-linux-gnu/libpython3.10.so\n'}
[5.723667] (-) TimerEvent: {}
[5.727819] (autorccar_interfaces) StdoutLine: {'line': b'-- Found PythonExtra: .so  \n'}
[5.823800] (-) TimerEvent: {}
[5.924280] (-) TimerEvent: {}
[5.965297] (autorccar_interfaces) StdoutLine: {'line': b"-- Added test 'copyright' to check source files copyright and LICENSE\n"}
[5.970358] (autorccar_interfaces) StdoutLine: {'line': b"-- Added test 'lint_cmake' to check CMake code style\n"}
[5.973741] (autorccar_interfaces) StdoutLine: {'line': b"-- Added test 'xmllint' to check XML markup files\n"}
[5.987696] (autorccar_interfaces) StdoutLine: {'line': b'-- Configuring done\n'}
[6.024411] (-) TimerEvent: {}
[6.115197] (autorccar_interfaces) StdoutLine: {'line': b'-- Generating done\n'}
[6.124588] (-) TimerEvent: {}
[6.152665] (autorccar_interfaces) StdoutLine: {'line': b'-- Build files have been written to: /home/ztl/ROS_humble_LIO/build/autorccar_interfaces\n'}
[6.178780] (autorccar_interfaces) CommandEnded: {'returncode': 0}
[6.182347] (autorccar_interfaces) JobProgress: {'identifier': 'autorccar_interfaces', 'progress': 'build'}
[6.185591] (autorccar_interfaces) Command: {'cmd': ['/usr/bin/cmake', '--build', '/home/ztl/ROS_humble_LIO/build/autorccar_interfaces', '--', '-j8', '-l8'], 'cwd': '/home/ztl/ROS_humble_LIO/build/autorccar_interfaces', 'env': OrderedDict([('LESSOPEN', '| /usr/bin/lesspipe %s'), ('LANGUAGE', 'zh_CN:en'), ('USER', 'ztl'), ('LC_TIME', 'en_US.UTF-8'), ('XDG_SESSION_TYPE', 'x11'), ('SHLVL', '1'), ('LD_LIBRARY_PATH', '/home/ztl/lio-sam/src/LIO/LIO-SAM_MID360_ROS2_PKG/ros2/install/lio_sam/lib:/home/ztl/lio-sam/src/LIO/LIO-SAM_MID360_ROS2_PKG/ros2/install/autorccar_interfaces/lib:/home/ztl/project/install/livox_ros_driver2/lib:/opt/ros/humble/opt/rviz_ogre_vendor/lib:/opt/ros/humble/lib/aarch64-linux-gnu:/opt/ros/humble/lib'), ('HOME', '/home/ztl'), ('MUTTER_DEBUG_ENABLE_ATOMIC_KMS', '0'), ('DESKTOP_SESSION', 'ubuntu'), ('ROS_PYTHON_VERSION', '3'), ('GNOME_SHELL_SESSION_MODE', 'ubuntu'), ('GTK_MODULES', 'gail:atk-bridge'), ('LC_MONETARY', 'en_US.UTF-8'), ('DBUS_STARTER_BUS_TYPE', 'session'), ('SYSTEMD_EXEC_PID', '1138'), ('DBUS_SESSION_BUS_ADDRESS', 'unix:path=/run/user/1000/bus,guid=e38796444bff260aed25fbd367c59363'), ('COLORTERM', 'truecolor'), ('DEBUGINFOD_URLS', ''), ('IM_CONFIG_PHASE', '1'), ('COLCON_PREFIX_PATH', '/home/ztl/pointcloud2pcd/install:/home/ztl/lio-sam/src/LIO/LIO-SAM_MID360_ROS2_PKG/ros2/install:/home/ztl/project/install'), ('ROS_DISTRO', 'humble'), ('GTK_IM_MODULE', 'ibus'), ('LOGNAME', 'ztl'), ('_', '/usr/bin/colcon'), ('ROS_VERSION', '2'), ('XDG_SESSION_CLASS', 'user'), ('USERNAME', 'ztl'), ('TERM', 'xterm-256color'), ('GNOME_DESKTOP_SESSION_ID', 'this-is-deprecated'), ('ROS_LOCALHOST_ONLY', '0'), ('WINDOWPATH', '2'), ('PATH', '/opt/ros/humble/bin:/usr/local/sbin:/usr/local/bin:/usr/sbin:/usr/bin:/sbin:/bin:/usr/games:/usr/local/games:/snap/bin:/snap/bin'), ('SESSION_MANAGER', 'local/3588:@/tmp/.ICE-unix/1138,unix/3588:/tmp/.ICE-unix/1138'), ('PAPERSIZE', 'letter'), ('XDG_MENU_PREFIX', 'gnome-'), ('LC_ADDRESS', 'en_US.UTF-8'), ('GNOME_TERMINAL_SCREEN', '/org/gnome/Terminal/screen/15001a7c_95e8_42c3_83ca_8e6400d20d5f'), ('XDG_RUNTIME_DIR', '/run/user/1000'), ('DISPLAY', ':0'), ('LANG', 'zh_CN.UTF-8'), ('XDG_CURRENT_DESKTOP', 'ubuntu:GNOME'), ('LC_TELEPHONE', 'en_US.UTF-8'), ('XMODIFIERS', '@im=ibus'), ('XDG_SESSION_DESKTOP', 'ubuntu'), ('XAUTHORITY', '/run/user/1000/gdm/Xauthority'), ('LS_COLORS', 'rs=0:di=01;34:ln=01;36:mh=00:pi=40;33:so=01;35:do=01;35:bd=40;33;01:cd=40;33;01:or=40;31;01:mi=00:su=37;41:sg=30;43:ca=30;41:tw=30;42:ow=34;42:st=37;44:ex=01;32:*.tar=01;31:*.tgz=01;31:*.arc=01;31:*.arj=01;31:*.taz=01;31:*.lha=01;31:*.lz4=01;31:*.lzh=01;31:*.lzma=01;31:*.tlz=01;31:*.txz=01;31:*.tzo=01;31:*.t7z=01;31:*.zip=01;31:*.z=01;31:*.dz=01;31:*.gz=01;31:*.lrz=01;31:*.lz=01;31:*.lzo=01;31:*.xz=01;31:*.zst=01;31:*.tzst=01;31:*.bz2=01;31:*.bz=01;31:*.tbz=01;31:*.tbz2=01;31:*.tz=01;31:*.deb=01;31:*.rpm=01;31:*.jar=01;31:*.war=01;31:*.ear=01;31:*.sar=01;31:*.rar=01;31:*.alz=01;31:*.ace=01;31:*.zoo=01;31:*.cpio=01;31:*.7z=01;31:*.rz=01;31:*.cab=01;31:*.wim=01;31:*.swm=01;31:*.dwm=01;31:*.esd=01;31:*.jpg=01;35:*.jpeg=01;35:*.mjpg=01;35:*.mjpeg=01;35:*.gif=01;35:*.bmp=01;35:*.pbm=01;35:*.pgm=01;35:*.ppm=01;35:*.tga=01;35:*.xbm=01;35:*.xpm=01;35:*.tif=01;35:*.tiff=01;35:*.png=01;35:*.svg=01;35:*.svgz=01;35:*.mng=01;35:*.pcx=01;35:*.mov=01;35:*.mpg=01;35:*.mpeg=01;35:*.m2v=01;35:*.mkv=01;35:*.webm=01;35:*.webp=01;35:*.ogm=01;35:*.mp4=01;35:*.m4v=01;35:*.mp4v=01;35:*.vob=01;35:*.qt=01;35:*.nuv=01;35:*.wmv=01;35:*.asf=01;35:*.rm=01;35:*.rmvb=01;35:*.flc=01;35:*.avi=01;35:*.fli=01;35:*.flv=01;35:*.gl=01;35:*.dl=01;35:*.xcf=01;35:*.xwd=01;35:*.yuv=01;35:*.cgm=01;35:*.emf=01;35:*.ogv=01;35:*.ogx=01;35:*.aac=00;36:*.au=00;36:*.flac=00;36:*.m4a=00;36:*.mid=00;36:*.midi=00;36:*.mka=00;36:*.mp3=00;36:*.mpc=00;36:*.ogg=00;36:*.ra=00;36:*.wav=00;36:*.oga=00;36:*.opus=00;36:*.spx=00;36:*.xspf=00;36:'), ('GNOME_TERMINAL_SERVICE', ':1.95'), ('SSH_AGENT_LAUNCHER', 'gnome-keyring'), ('SSH_AUTH_SOCK', '/run/user/1000/keyring/ssh'), ('AMENT_PREFIX_PATH', '/home/ztl/pointcloud2pcd/install/pointcloud2_to_pcd:/home/ztl/lio-sam/src/LIO/LIO-SAM_MID360_ROS2_PKG/ros2/install/lio_sam:/home/ztl/lio-sam/src/LIO/LIO-SAM_MID360_ROS2_PKG/ros2/install/autorccar_interfaces:/home/ztl/project/install/livox_ros_driver2:/opt/ros/humble'), ('SHELL', '/bin/bash'), ('LC_NAME', 'en_US.UTF-8'), ('CLUTTER_PAINT', 'disable-dynamic-max-render-time'), ('QT_ACCESSIBILITY', '1'), ('GDMSESSION', 'ubuntu'), ('LESSCLOSE', '/usr/bin/lesspipe %s %s'), ('LC_MEASUREMENT', 'en_US.UTF-8'), ('GPG_AGENT_INFO', '/run/user/1000/gnupg/S.gpg-agent:0:1'), ('LC_IDENTIFICATION', 'en_US.UTF-8'), ('MUTTER_DEBUG_FORCE_KMS_MODE', 'simple'), ('QT_IM_MODULE', 'ibus'), ('PWD', '/home/ztl/ROS_humble_LIO/build/autorccar_interfaces'), ('XDG_CONFIG_DIRS', '/etc/xdg/xdg-ubuntu:/etc/xdg'), ('DBUS_STARTER_ADDRESS', 'unix:path=/run/user/1000/bus,guid=e38796444bff260aed25fbd367c59363'), ('XDG_DATA_DIRS', '/usr/share/ubuntu:/usr/share/gnome:/usr/local/share/:/usr/share/:/var/lib/snapd/desktop'), ('PYTHONPATH', '/home/ztl/lio-sam/src/LIO/LIO-SAM_MID360_ROS2_PKG/ros2/install/lio_sam/local/lib/python3.10/dist-packages:/home/ztl/lio-sam/src/LIO/LIO-SAM_MID360_ROS2_PKG/ros2/install/autorccar_interfaces/local/lib/python3.10/dist-packages:/home/ztl/project/install/livox_ros_driver2/local/lib/python3.10/dist-packages:/opt/ros/humble/lib/python3.10/site-packages:/opt/ros/humble/local/lib/python3.10/dist-packages'), ('LC_NUMERIC', 'en_US.UTF-8'), ('LC_PAPER', 'en_US.UTF-8'), ('COLCON', '1'), ('VTE_VERSION', '6800'), ('CMAKE_PREFIX_PATH', '/home/ztl/pointcloud2pcd/install/pointcloud2_to_pcd:/home/ztl/lio-sam/src/LIO/LIO-SAM_MID360_ROS2_PKG/ros2/install/lio_sam:/home/ztl/lio-sam/src/LIO/LIO-SAM_MID360_ROS2_PKG/ros2/install/autorccar_interfaces:/home/ztl/project/install/livox_ros_driver2:/opt/ros/humble')]), 'shell': False}
[6.224727] (-) TimerEvent: {}
[6.325343] (-) TimerEvent: {}
[6.330351] (autorccar_interfaces) StdoutLine: {'line': b'[  1%] \x1b[34m\x1b[1mGenerating C++ code for ROS interfaces\x1b[0m\n'}
[6.334913] (autorccar_interfaces) StdoutLine: {'line': b'[  2%] \x1b[34m\x1b[1mGenerating C code for ROS interfaces\x1b[0m\n'}
[6.343740] (autorccar_interfaces) StdoutLine: {'line': b'[  2%] Built target ament_cmake_python_copy_autorccar_interfaces\n'}
[6.425505] (-) TimerEvent: {}
[6.526348] (-) TimerEvent: {}
[6.626894] (-) TimerEvent: {}
[6.727791] (-) TimerEvent: {}
[6.832048] (-) TimerEvent: {}
[6.933004] (-) TimerEvent: {}
[6.960319] (autorccar_interfaces) StdoutLine: {'line': b'running egg_info\n'}
[6.964918] (autorccar_interfaces) StdoutLine: {'line': b'creating autorccar_interfaces.egg-info\n'}
[6.965838] (autorccar_interfaces) StdoutLine: {'line': b'writing autorccar_interfaces.egg-info/PKG-INFO\n'}
[6.966065] (autorccar_interfaces) StdoutLine: {'line': b'writing dependency_links to autorccar_interfaces.egg-info/dependency_links.txt\n'}
[6.966425] (autorccar_interfaces) StdoutLine: {'line': b'writing top-level names to autorccar_interfaces.egg-info/top_level.txt\n'}
[6.966601] (autorccar_interfaces) StdoutLine: {'line': b"writing manifest file 'autorccar_interfaces.egg-info/SOURCES.txt'\n"}
[6.972834] (autorccar_interfaces) StdoutLine: {'line': b"reading manifest file 'autorccar_interfaces.egg-info/SOURCES.txt'\n"}
[6.974248] (autorccar_interfaces) StdoutLine: {'line': b"writing manifest file 'autorccar_interfaces.egg-info/SOURCES.txt'\n"}
[7.033306] (-) TimerEvent: {}
[7.052499] (autorccar_interfaces) StdoutLine: {'line': b'[  2%] Built target ament_cmake_python_build_autorccar_interfaces_egg\n'}
[7.140871] (-) TimerEvent: {}
[7.241746] (-) TimerEvent: {}
[7.342670] (-) TimerEvent: {}
[7.443540] (-) TimerEvent: {}
[7.544392] (-) TimerEvent: {}
[7.645338] (-) TimerEvent: {}
[7.746344] (-) TimerEvent: {}
[7.846794] (-) TimerEvent: {}
[7.947283] (-) TimerEvent: {}
[8.047795] (-) TimerEvent: {}
[8.104456] (autorccar_interfaces) StdoutLine: {'line': b'[  2%] Built target autorccar_interfaces__cpp\n'}
[8.147492] (autorccar_interfaces) StdoutLine: {'line': b'[  3%] \x1b[34m\x1b[1mGenerating C++ type support dispatch for ROS interfaces\x1b[0m\n'}
[8.147882] (-) TimerEvent: {}
[8.149692] (autorccar_interfaces) StdoutLine: {'line': b'[  5%] \x1b[34m\x1b[1mGenerating C++ introspection for ROS interfaces\x1b[0m\n'}
[8.156050] (autorccar_interfaces) StdoutLine: {'line': b'[  6%] \x1b[34m\x1b[1mGenerating C++ type support for eProsima Fast-RTPS\x1b[0m\n'}
[8.248028] (-) TimerEvent: {}
[8.301564] (autorccar_interfaces) StdoutLine: {'line': b'[  7%] \x1b[32mBuilding C object CMakeFiles/autorccar_interfaces__rosidl_generator_c.dir/rosidl_generator_c/autorccar_interfaces/msg/detail/imu__functions.c.o\x1b[0m\n'}
[8.303461] (autorccar_interfaces) StdoutLine: {'line': b'[  8%] \x1b[32mBuilding C object CMakeFiles/autorccar_interfaces__rosidl_generator_c.dir/rosidl_generator_c/autorccar_interfaces/msg/detail/control_command__functions.c.o\x1b[0m\n'}
[8.312157] (autorccar_interfaces) StdoutLine: {'line': b'[ 10%] \x1b[32mBuilding C object CMakeFiles/autorccar_interfaces__rosidl_generator_c.dir/rosidl_generator_c/autorccar_interfaces/msg/detail/gnss__functions.c.o\x1b[0m\n'}
[8.312558] (autorccar_interfaces) StdoutLine: {'line': b'[ 11%] \x1b[32mBuilding C object CMakeFiles/autorccar_interfaces__rosidl_generator_c.dir/rosidl_generator_c/autorccar_interfaces/msg/detail/nav_state__functions.c.o\x1b[0m\n'}
[8.327803] (autorccar_interfaces) StdoutLine: {'line': b'[ 12%] \x1b[32mBuilding C object CMakeFiles/autorccar_interfaces__rosidl_generator_c.dir/rosidl_generator_c/autorccar_interfaces/msg/detail/path__functions.c.o\x1b[0m\n'}
[8.348157] (-) TimerEvent: {}
[8.448667] (-) TimerEvent: {}
[8.549144] (-) TimerEvent: {}
[8.620699] (autorccar_interfaces) StdoutLine: {'line': b'[ 13%] \x1b[32mBuilding C object CMakeFiles/autorccar_interfaces__rosidl_generator_c.dir/rosidl_generator_c/autorccar_interfaces/msg/detail/path_point__functions.c.o\x1b[0m\n'}
[8.649410] (-) TimerEvent: {}
[8.726431] (autorccar_interfaces) StdoutLine: {'line': b'[ 15%] \x1b[32mBuilding C object CMakeFiles/autorccar_interfaces__rosidl_generator_c.dir/rosidl_generator_c/autorccar_interfaces/msg/detail/bounding_boxes__functions.c.o\x1b[0m\n'}
[8.749604] (-) TimerEvent: {}
[8.850611] (-) TimerEvent: {}
[8.951437] (-) TimerEvent: {}
[8.959059] (autorccar_interfaces) StdoutLine: {'line': b'[ 16%] \x1b[32m\x1b[1mLinking C shared library libautorccar_interfaces__rosidl_generator_c.so\x1b[0m\n'}
[9.051562] (-) TimerEvent: {}
[9.152132] (-) TimerEvent: {}
[9.156162] (autorccar_interfaces) StdoutLine: {'line': b'[ 16%] Built target autorccar_interfaces__rosidl_generator_c\n'}
[9.198639] (autorccar_interfaces) StdoutLine: {'line': b'[ 17%] \x1b[34m\x1b[1mGenerating C introspection for ROS interfaces\x1b[0m\n'}
[9.210944] (autorccar_interfaces) StdoutLine: {'line': b'[ 18%] \x1b[34m\x1b[1mGenerating C type support dispatch for ROS interfaces\x1b[0m\n'}
[9.230019] (autorccar_interfaces) StdoutLine: {'line': b'[ 20%] \x1b[34m\x1b[1mGenerating C type support for eProsima Fast-RTPS\x1b[0m\n'}
[9.252888] (-) TimerEvent: {}
[9.353806] (-) TimerEvent: {}
[9.455246] (-) TimerEvent: {}
[9.472265] (autorccar_interfaces) StdoutLine: {'line': b'[ 21%] \x1b[32mBuilding CXX object CMakeFiles/autorccar_interfaces__rosidl_typesupport_cpp.dir/rosidl_typesupport_cpp/autorccar_interfaces/msg/imu__type_support.cpp.o\x1b[0m\n'}
[9.491891] (autorccar_interfaces) StdoutLine: {'line': b'[ 22%] \x1b[32mBuilding CXX object CMakeFiles/autorccar_interfaces__rosidl_typesupport_cpp.dir/rosidl_typesupport_cpp/autorccar_interfaces/msg/gnss__type_support.cpp.o\x1b[0m\n'}
[9.518917] (autorccar_interfaces) StdoutLine: {'line': b'[ 24%] \x1b[32mBuilding CXX object CMakeFiles/autorccar_interfaces__rosidl_typesupport_cpp.dir/rosidl_typesupport_cpp/autorccar_interfaces/msg/nav_state__type_support.cpp.o\x1b[0m\n'}
[9.555325] (-) TimerEvent: {}
[9.655784] (-) TimerEvent: {}
[9.756343] (-) TimerEvent: {}
[9.776024] (autorccar_interfaces) StdoutLine: {'line': b'[ 25%] \x1b[32mBuilding CXX object CMakeFiles/autorccar_interfaces__rosidl_typesupport_introspection_cpp.dir/rosidl_typesupport_introspection_cpp/autorccar_interfaces/msg/detail/imu__type_support.cpp.o\x1b[0m\n'}
[9.856476] (-) TimerEvent: {}
[9.956963] (-) TimerEvent: {}
[10.057430] (-) TimerEvent: {}
[10.149436] (autorccar_interfaces) StdoutLine: {'line': b'[ 26%] \x1b[32mBuilding CXX object CMakeFiles/autorccar_interfaces__rosidl_typesupport_fastrtps_cpp.dir/rosidl_typesupport_fastrtps_cpp/autorccar_interfaces/msg/detail/dds_fastrtps/imu__type_support.cpp.o\x1b[0m\n'}
[10.157568] (-) TimerEvent: {}
[10.258041] (-) TimerEvent: {}
[10.358544] (-) TimerEvent: {}
[10.459011] (-) TimerEvent: {}
[10.559477] (-) TimerEvent: {}
[10.661890] (-) TimerEvent: {}
[10.733119] (autorccar_interfaces) StdoutLine: {'line': b'[ 27%] \x1b[32mBuilding CXX object CMakeFiles/autorccar_interfaces__rosidl_typesupport_fastrtps_cpp.dir/rosidl_typesupport_fastrtps_cpp/autorccar_interfaces/msg/detail/dds_fastrtps/gnss__type_support.cpp.o\x1b[0m\n'}
[10.762043] (-) TimerEvent: {}
[10.862644] (-) TimerEvent: {}
[10.963158] (-) TimerEvent: {}
[11.059970] (autorccar_interfaces) StdoutLine: {'line': b'[ 29%] \x1b[32mBuilding CXX object CMakeFiles/autorccar_interfaces__rosidl_typesupport_introspection_cpp.dir/rosidl_typesupport_introspection_cpp/autorccar_interfaces/msg/detail/gnss__type_support.cpp.o\x1b[0m\n'}
[11.063298] (-) TimerEvent: {}
[11.163830] (-) TimerEvent: {}
[11.166844] (autorccar_interfaces) StdoutLine: {'line': b'[ 30%] \x1b[32mBuilding CXX object CMakeFiles/autorccar_interfaces__rosidl_typesupport_c.dir/rosidl_typesupport_c/autorccar_interfaces/msg/imu__type_support.cpp.o\x1b[0m\n'}
[11.263967] (-) TimerEvent: {}
[11.338749] (autorccar_interfaces) StdoutLine: {'line': b'[ 31%] \x1b[32mBuilding CXX object CMakeFiles/autorccar_interfaces__rosidl_typesupport_c.dir/rosidl_typesupport_c/autorccar_interfaces/msg/gnss__type_support.cpp.o\x1b[0m\n'}
[11.364108] (-) TimerEvent: {}
[11.465183] (-) TimerEvent: {}
[11.565693] (-) TimerEvent: {}
[11.607977] (autorccar_interfaces) StdoutLine: {'line': b'[ 32%] \x1b[32mBuilding CXX object CMakeFiles/autorccar_interfaces__rosidl_typesupport_c.dir/rosidl_typesupport_c/autorccar_interfaces/msg/nav_state__type_support.cpp.o\x1b[0m\n'}
[11.650895] (autorccar_interfaces) StdoutLine: {'line': b'[ 34%] \x1b[32mBuilding CXX object CMakeFiles/autorccar_interfaces__rosidl_typesupport_fastrtps_c.dir/rosidl_typesupport_fastrtps_c/autorccar_interfaces/msg/detail/imu__type_support_c.cpp.o\x1b[0m\n'}
[11.665834] (-) TimerEvent: {}
[11.712727] (autorccar_interfaces) StdoutLine: {'line': b'[ 35%] \x1b[32mBuilding CXX object CMakeFiles/autorccar_interfaces__rosidl_typesupport_cpp.dir/rosidl_typesupport_cpp/autorccar_interfaces/msg/control_command__type_support.cpp.o\x1b[0m\n'}
[11.743133] (autorccar_interfaces) StdoutLine: {'line': b'[ 36%] \x1b[32mBuilding CXX object CMakeFiles/autorccar_interfaces__rosidl_typesupport_cpp.dir/rosidl_typesupport_cpp/autorccar_interfaces/msg/path__type_support.cpp.o\x1b[0m\n'}
[11.761783] (autorccar_interfaces) StdoutLine: {'line': b'[ 37%] \x1b[32mBuilding CXX object CMakeFiles/autorccar_interfaces__rosidl_typesupport_cpp.dir/rosidl_typesupport_cpp/autorccar_interfaces/msg/path_point__type_support.cpp.o\x1b[0m\n'}
[11.765965] (-) TimerEvent: {}
[11.776495] (autorccar_interfaces) StdoutLine: {'line': b'[ 39%] \x1b[32mBuilding CXX object CMakeFiles/autorccar_interfaces__rosidl_typesupport_c.dir/rosidl_typesupport_c/autorccar_interfaces/msg/control_command__type_support.cpp.o\x1b[0m\n'}
[11.866248] (-) TimerEvent: {}
[11.967176] (-) TimerEvent: {}
[11.972239] (autorccar_interfaces) StdoutLine: {'line': b'[ 40%] \x1b[32mBuilding CXX object CMakeFiles/autorccar_interfaces__rosidl_typesupport_c.dir/rosidl_typesupport_c/autorccar_interfaces/msg/path__type_support.cpp.o\x1b[0m\n'}
[12.067407] (-) TimerEvent: {}
[12.169658] (-) TimerEvent: {}
[12.190619] (autorccar_interfaces) StdoutLine: {'line': b'[ 41%] \x1b[32mBuilding CXX object CMakeFiles/autorccar_interfaces__rosidl_typesupport_c.dir/rosidl_typesupport_c/autorccar_interfaces/msg/path_point__type_support.cpp.o\x1b[0m\n'}
[12.269841] (-) TimerEvent: {}
[12.371182] (-) TimerEvent: {}
[12.407401] (autorccar_interfaces) StdoutLine: {'line': b'[ 43%] \x1b[32mBuilding CXX object CMakeFiles/autorccar_interfaces__rosidl_typesupport_c.dir/rosidl_typesupport_c/autorccar_interfaces/msg/bounding_boxes__type_support.cpp.o\x1b[0m\n'}
[12.424624] (autorccar_interfaces) StdoutLine: {'line': b'[ 44%] \x1b[32mBuilding CXX object CMakeFiles/autorccar_interfaces__rosidl_typesupport_introspection_cpp.dir/rosidl_typesupport_introspection_cpp/autorccar_interfaces/msg/detail/nav_state__type_support.cpp.o\x1b[0m\n'}
[12.471443] (-) TimerEvent: {}
[12.572527] (-) TimerEvent: {}
[12.575225] (autorccar_interfaces) StdoutLine: {'line': b'[ 45%] \x1b[32m\x1b[1mLinking CXX shared library libautorccar_interfaces__rosidl_typesupport_c.so\x1b[0m\n'}
[12.616340] (autorccar_interfaces) StdoutLine: {'line': b'[ 46%] \x1b[32mBuilding CXX object CMakeFiles/autorccar_interfaces__rosidl_typesupport_introspection_cpp.dir/rosidl_typesupport_introspection_cpp/autorccar_interfaces/msg/detail/control_command__type_support.cpp.o\x1b[0m\n'}
[12.672757] (-) TimerEvent: {}
[12.754779] (autorccar_interfaces) StdoutLine: {'line': b'[ 48%] \x1b[32mBuilding CXX object CMakeFiles/autorccar_interfaces__rosidl_typesupport_cpp.dir/rosidl_typesupport_cpp/autorccar_interfaces/msg/bounding_boxes__type_support.cpp.o\x1b[0m\n'}
[12.772999] (-) TimerEvent: {}
[12.808414] (autorccar_interfaces) StdoutLine: {'line': b'[ 48%] Built target autorccar_interfaces__rosidl_typesupport_c\n'}
[12.825268] (autorccar_interfaces) StdoutLine: {'line': b'[ 49%] \x1b[32mBuilding CXX object CMakeFiles/autorccar_interfaces__rosidl_typesupport_fastrtps_cpp.dir/rosidl_typesupport_fastrtps_cpp/autorccar_interfaces/msg/detail/dds_fastrtps/control_command__type_support.cpp.o\x1b[0m\n'}
[12.834279] (autorccar_interfaces) StdoutLine: {'line': b'[ 50%] \x1b[32mBuilding CXX object CMakeFiles/autorccar_interfaces__rosidl_typesupport_fastrtps_cpp.dir/rosidl_typesupport_fastrtps_cpp/autorccar_interfaces/msg/detail/dds_fastrtps/nav_state__type_support.cpp.o\x1b[0m\n'}
[12.873292] (-) TimerEvent: {}
[12.974499] (-) TimerEvent: {}
[13.075485] (-) TimerEvent: {}
[13.176431] (-) TimerEvent: {}
[13.179406] (autorccar_interfaces) StdoutLine: {'line': b'[ 51%] \x1b[32mBuilding C object CMakeFiles/autorccar_interfaces__rosidl_typesupport_introspection_c.dir/rosidl_typesupport_introspection_c/autorccar_interfaces/msg/detail/imu__type_support.c.o\x1b[0m\n'}
[13.276672] (-) TimerEvent: {}
[13.377739] (-) TimerEvent: {}
[13.478798] (-) TimerEvent: {}
[13.517555] (autorccar_interfaces) StdoutLine: {'line': b'[ 53%] \x1b[32mBuilding C object CMakeFiles/autorccar_interfaces__rosidl_typesupport_introspection_c.dir/rosidl_typesupport_introspection_c/autorccar_interfaces/msg/detail/gnss__type_support.c.o\x1b[0m\n'}
[13.579024] (-) TimerEvent: {}
[13.637001] (autorccar_interfaces) StdoutLine: {'line': b'[ 54%] \x1b[32mBuilding C object CMakeFiles/autorccar_interfaces__rosidl_typesupport_introspection_c.dir/rosidl_typesupport_introspection_c/autorccar_interfaces/msg/detail/nav_state__type_support.c.o\x1b[0m\n'}
[13.679531] (-) TimerEvent: {}
[13.780550] (-) TimerEvent: {}
[13.786393] (autorccar_interfaces) StdoutLine: {'line': b'[ 55%] \x1b[32mBuilding CXX object CMakeFiles/autorccar_interfaces__rosidl_typesupport_introspection_cpp.dir/rosidl_typesupport_introspection_cpp/autorccar_interfaces/msg/detail/path__type_support.cpp.o\x1b[0m\n'}
[13.815174] (autorccar_interfaces) StdoutLine: {'line': b'[ 56%] \x1b[32mBuilding C object CMakeFiles/autorccar_interfaces__rosidl_typesupport_introspection_c.dir/rosidl_typesupport_introspection_c/autorccar_interfaces/msg/detail/control_command__type_support.c.o\x1b[0m\n'}
[13.880267] (autorccar_interfaces) StdoutLine: {'line': b'[ 58%] \x1b[32mBuilding CXX object CMakeFiles/autorccar_interfaces__rosidl_typesupport_fastrtps_cpp.dir/rosidl_typesupport_fastrtps_cpp/autorccar_interfaces/msg/detail/dds_fastrtps/path__type_support.cpp.o\x1b[0m\n'}
[13.881385] (-) TimerEvent: {}
[13.975614] (autorccar_interfaces) StdoutLine: {'line': b'[ 59%] \x1b[32mBuilding C object CMakeFiles/autorccar_interfaces__rosidl_typesupport_introspection_c.dir/rosidl_typesupport_introspection_c/autorccar_interfaces/msg/detail/path__type_support.c.o\x1b[0m\n'}
[13.981631] (-) TimerEvent: {}
[14.010639] (autorccar_interfaces) StdoutLine: {'line': b'[ 60%] \x1b[32m\x1b[1mLinking CXX shared library libautorccar_interfaces__rosidl_typesupport_cpp.so\x1b[0m\n'}
[14.023847] (autorccar_interfaces) StdoutLine: {'line': b'[ 62%] \x1b[32mBuilding C object CMakeFiles/autorccar_interfaces__rosidl_typesupport_introspection_c.dir/rosidl_typesupport_introspection_c/autorccar_interfaces/msg/detail/path_point__type_support.c.o\x1b[0m\n'}
[14.068287] (autorccar_interfaces) StdoutLine: {'line': b'[ 63%] \x1b[32mBuilding C object CMakeFiles/autorccar_interfaces__rosidl_typesupport_introspection_c.dir/rosidl_typesupport_introspection_c/autorccar_interfaces/msg/detail/bounding_boxes__type_support.c.o\x1b[0m\n'}
[14.084802] (-) TimerEvent: {}
[14.185828] (-) TimerEvent: {}
[14.256191] (autorccar_interfaces) StdoutLine: {'line': b'[ 64%] \x1b[32mBuilding CXX object CMakeFiles/autorccar_interfaces__rosidl_typesupport_fastrtps_cpp.dir/rosidl_typesupport_fastrtps_cpp/autorccar_interfaces/msg/detail/dds_fastrtps/path_point__type_support.cpp.o\x1b[0m\n'}
[14.267540] (autorccar_interfaces) StdoutLine: {'line': b'[ 65%] \x1b[32m\x1b[1mLinking C shared library libautorccar_interfaces__rosidl_typesupport_introspection_c.so\x1b[0m\n'}
[14.274395] (autorccar_interfaces) StdoutLine: {'line': b'[ 67%] \x1b[32mBuilding CXX object CMakeFiles/autorccar_interfaces__rosidl_typesupport_introspection_cpp.dir/rosidl_typesupport_introspection_cpp/autorccar_interfaces/msg/detail/path_point__type_support.cpp.o\x1b[0m\n'}
[14.286043] (-) TimerEvent: {}
[14.296462] (autorccar_interfaces) StdoutLine: {'line': b'[ 67%] Built target autorccar_interfaces__rosidl_typesupport_cpp\n'}
[14.369773] (autorccar_interfaces) StdoutLine: {'line': b'[ 68%] \x1b[32mBuilding CXX object CMakeFiles/autorccar_interfaces__rosidl_typesupport_introspection_cpp.dir/rosidl_typesupport_introspection_cpp/autorccar_interfaces/msg/detail/bounding_boxes__type_support.cpp.o\x1b[0m\n'}
[14.387437] (-) TimerEvent: {}
[14.463246] (autorccar_interfaces) StdoutLine: {'line': b'[ 68%] Built target autorccar_interfaces__rosidl_typesupport_introspection_c\n'}
[14.487982] (-) TimerEvent: {}
[14.522797] (autorccar_interfaces) StdoutLine: {'line': b'[ 69%] \x1b[32mBuilding CXX object CMakeFiles/autorccar_interfaces__rosidl_typesupport_fastrtps_cpp.dir/rosidl_typesupport_fastrtps_cpp/autorccar_interfaces/msg/detail/dds_fastrtps/bounding_boxes__type_support.cpp.o\x1b[0m\n'}
[14.588165] (-) TimerEvent: {}
[14.686399] (autorccar_interfaces) StdoutLine: {'line': b'[ 70%] \x1b[32mBuilding CXX object CMakeFiles/autorccar_interfaces__rosidl_typesupport_fastrtps_c.dir/rosidl_typesupport_fastrtps_c/autorccar_interfaces/msg/detail/gnss__type_support_c.cpp.o\x1b[0m\n'}
[14.688317] (-) TimerEvent: {}
[14.721229] (autorccar_interfaces) StdoutLine: {'line': b'[ 72%] \x1b[32mBuilding CXX object CMakeFiles/autorccar_interfaces__rosidl_typesupport_fastrtps_c.dir/rosidl_typesupport_fastrtps_c/autorccar_interfaces/msg/detail/nav_state__type_support_c.cpp.o\x1b[0m\n'}
[14.789138] (-) TimerEvent: {}
[14.890275] (-) TimerEvent: {}
[14.991373] (-) TimerEvent: {}
[15.092483] (-) TimerEvent: {}
[15.193534] (-) TimerEvent: {}
[15.295327] (-) TimerEvent: {}
[15.396375] (-) TimerEvent: {}
[15.497423] (-) TimerEvent: {}
[15.511822] (autorccar_interfaces) StdoutLine: {'line': b'[ 73%] \x1b[32mBuilding CXX object CMakeFiles/autorccar_interfaces__rosidl_typesupport_fastrtps_c.dir/rosidl_typesupport_fastrtps_c/autorccar_interfaces/msg/detail/path__type_support_c.cpp.o\x1b[0m\n'}
[15.526830] (autorccar_interfaces) StdoutLine: {'line': b'[ 74%] \x1b[32mBuilding CXX object CMakeFiles/autorccar_interfaces__rosidl_typesupport_fastrtps_c.dir/rosidl_typesupport_fastrtps_c/autorccar_interfaces/msg/detail/control_command__type_support_c.cpp.o\x1b[0m\n'}
[15.598143] (-) TimerEvent: {}
[15.698642] (-) TimerEvent: {}
[15.799132] (-) TimerEvent: {}
[15.858041] (autorccar_interfaces) StdoutLine: {'line': b'[ 75%] \x1b[32mBuilding CXX object CMakeFiles/autorccar_interfaces__rosidl_typesupport_fastrtps_c.dir/rosidl_typesupport_fastrtps_c/autorccar_interfaces/msg/detail/path_point__type_support_c.cpp.o\x1b[0m\n'}
[15.899275] (-) TimerEvent: {}
[15.999789] (-) TimerEvent: {}
[16.100353] (-) TimerEvent: {}
[16.200858] (-) TimerEvent: {}
[16.252845] (autorccar_interfaces) StdoutLine: {'line': b'[ 77%] \x1b[32mBuilding CXX object CMakeFiles/autorccar_interfaces__rosidl_typesupport_fastrtps_c.dir/rosidl_typesupport_fastrtps_c/autorccar_interfaces/msg/detail/bounding_boxes__type_support_c.cpp.o\x1b[0m\n'}
[16.301156] (-) TimerEvent: {}
[16.402173] (-) TimerEvent: {}
[16.503194] (-) TimerEvent: {}
[16.604206] (-) TimerEvent: {}
[16.641091] (autorccar_interfaces) StdoutLine: {'line': b'[ 78%] \x1b[32m\x1b[1mLinking CXX shared library libautorccar_interfaces__rosidl_typesupport_introspection_cpp.so\x1b[0m\n'}
[16.704416] (-) TimerEvent: {}
[16.805458] (-) TimerEvent: {}
[16.842859] (autorccar_interfaces) StdoutLine: {'line': b'[ 79%] \x1b[32m\x1b[1mLinking CXX shared library libautorccar_interfaces__rosidl_typesupport_fastrtps_cpp.so\x1b[0m\n'}
[16.905685] (-) TimerEvent: {}
[17.007157] (-) TimerEvent: {}
[17.019967] (autorccar_interfaces) StdoutLine: {'line': b'[ 79%] Built target autorccar_interfaces__rosidl_typesupport_introspection_cpp\n'}
[17.107281] (-) TimerEvent: {}
[17.131470] (autorccar_interfaces) StdoutLine: {'line': b'[ 79%] Built target autorccar_interfaces__rosidl_typesupport_fastrtps_cpp\n'}
[17.207419] (-) TimerEvent: {}
[17.307977] (-) TimerEvent: {}
[17.408553] (-) TimerEvent: {}
[17.472511] (autorccar_interfaces) StdoutLine: {'line': b'[ 81%] \x1b[32m\x1b[1mLinking CXX shared library libautorccar_interfaces__rosidl_typesupport_fastrtps_c.so\x1b[0m\n'}
[17.508787] (-) TimerEvent: {}
[17.609875] (-) TimerEvent: {}
[17.676867] (autorccar_interfaces) StdoutLine: {'line': b'[ 81%] Built target autorccar_interfaces__rosidl_typesupport_fastrtps_c\n'}
[17.710143] (-) TimerEvent: {}
[17.760874] (autorccar_interfaces) StdoutLine: {'line': b'[ 81%] Built target autorccar_interfaces\n'}
[17.810273] (-) TimerEvent: {}
[17.827893] (autorccar_interfaces) StdoutLine: {'line': b'[ 82%] \x1b[34m\x1b[1mGenerating Python code for ROS interfaces\x1b[0m\n'}
[17.910435] (-) TimerEvent: {}
[18.010918] (-) TimerEvent: {}
[18.111364] (-) TimerEvent: {}
[18.211844] (-) TimerEvent: {}
[18.312305] (-) TimerEvent: {}
[18.412896] (-) TimerEvent: {}
[18.513853] (-) TimerEvent: {}
[18.615026] (-) TimerEvent: {}
[18.715979] (-) TimerEvent: {}
[18.816757] (-) TimerEvent: {}
[18.917243] (-) TimerEvent: {}
[19.017695] (-) TimerEvent: {}
[19.118148] (-) TimerEvent: {}
[19.218606] (-) TimerEvent: {}
[19.319058] (-) TimerEvent: {}
[19.419604] (-) TimerEvent: {}
[19.520586] (-) TimerEvent: {}
[19.621517] (-) TimerEvent: {}
[19.722438] (-) TimerEvent: {}
[19.823392] (-) TimerEvent: {}
[19.924359] (-) TimerEvent: {}
[20.025242] (-) TimerEvent: {}
[20.126149] (-) TimerEvent: {}
[20.227070] (-) TimerEvent: {}
[20.328060] (-) TimerEvent: {}
[20.375312] (autorccar_interfaces) StdoutLine: {'line': b'[ 82%] Built target autorccar_interfaces__py\n'}
[20.425220] (autorccar_interfaces) StdoutLine: {'line': b'[ 84%] \x1b[32mBuilding C object CMakeFiles/autorccar_interfaces__rosidl_generator_py.dir/rosidl_generator_py/autorccar_interfaces/msg/_nav_state_s.c.o\x1b[0m\n'}
[20.426327] (autorccar_interfaces) StdoutLine: {'line': b'[ 84%] \x1b[32mBuilding C object CMakeFiles/autorccar_interfaces__rosidl_generator_py.dir/rosidl_generator_py/autorccar_interfaces/msg/_gnss_s.c.o\x1b[0m\n'}
[20.428184] (-) TimerEvent: {}
[20.436789] (autorccar_interfaces) StdoutLine: {'line': b'[ 86%] \x1b[32mBuilding C object CMakeFiles/autorccar_interfaces__rosidl_generator_py.dir/rosidl_generator_py/autorccar_interfaces/msg/_control_command_s.c.o\x1b[0m\n'}
[20.442877] (autorccar_interfaces) StdoutLine: {'line': b'[ 87%] \x1b[32mBuilding C object CMakeFiles/autorccar_interfaces__rosidl_generator_py.dir/rosidl_generator_py/autorccar_interfaces/msg/_imu_s.c.o\x1b[0m\n'}
[20.449205] (autorccar_interfaces) StdoutLine: {'line': b'[ 88%] \x1b[32mBuilding C object CMakeFiles/autorccar_interfaces__rosidl_generator_py.dir/rosidl_generator_py/autorccar_interfaces/msg/_bounding_boxes_s.c.o\x1b[0m\n'}
[20.451084] (autorccar_interfaces) StdoutLine: {'line': b'[ 89%] \x1b[32mBuilding C object CMakeFiles/autorccar_interfaces__rosidl_generator_py.dir/rosidl_generator_py/autorccar_interfaces/msg/_path_point_s.c.o\x1b[0m\n'}
[20.456358] (autorccar_interfaces) StdoutLine: {'line': b'[ 91%] \x1b[32mBuilding C object CMakeFiles/autorccar_interfaces__rosidl_generator_py.dir/rosidl_generator_py/autorccar_interfaces/msg/_path_s.c.o\x1b[0m\n'}
[20.528456] (-) TimerEvent: {}
[20.629440] (-) TimerEvent: {}
[20.730389] (-) TimerEvent: {}
[20.831226] (-) TimerEvent: {}
[20.931816] (-) TimerEvent: {}
[21.016880] (autorccar_interfaces) StdoutLine: {'line': b'[ 92%] \x1b[32m\x1b[1mLinking C shared library rosidl_generator_py/autorccar_interfaces/libautorccar_interfaces__rosidl_generator_py.so\x1b[0m\n'}
[21.031942] (-) TimerEvent: {}
[21.132419] (-) TimerEvent: {}
[21.139398] (autorccar_interfaces) StdoutLine: {'line': b'[ 92%] Built target autorccar_interfaces__rosidl_generator_py\n'}
[21.178650] (autorccar_interfaces) StdoutLine: {'line': b'[ 93%] \x1b[32mBuilding C object CMakeFiles/autorccar_interfaces__rosidl_typesupport_fastrtps_c__pyext.dir/rosidl_generator_py/autorccar_interfaces/_autorccar_interfaces_s.ep.rosidl_typesupport_fastrtps_c.c.o\x1b[0m\n'}
[21.198483] (autorccar_interfaces) StdoutLine: {'line': b'[ 94%] \x1b[32mBuilding C object CMakeFiles/autorccar_interfaces__rosidl_typesupport_c__pyext.dir/rosidl_generator_py/autorccar_interfaces/_autorccar_interfaces_s.ep.rosidl_typesupport_c.c.o\x1b[0m\n'}
[21.206702] (autorccar_interfaces) StdoutLine: {'line': b'[ 96%] \x1b[32mBuilding C object CMakeFiles/autorccar_interfaces__rosidl_typesupport_introspection_c__pyext.dir/rosidl_generator_py/autorccar_interfaces/_autorccar_interfaces_s.ep.rosidl_typesupport_introspection_c.c.o\x1b[0m\n'}
[21.232551] (-) TimerEvent: {}
[21.333121] (-) TimerEvent: {}
[21.434107] (-) TimerEvent: {}
[21.514324] (autorccar_interfaces) StdoutLine: {'line': b'[ 97%] \x1b[32m\x1b[1mLinking C shared library rosidl_generator_py/autorccar_interfaces/autorccar_interfaces_s__rosidl_typesupport_fastrtps_c.cpython-310-aarch64-linux-gnu.so\x1b[0m\n'}
[21.534333] (-) TimerEvent: {}
[21.537778] (autorccar_interfaces) StdoutLine: {'line': b'[ 98%] \x1b[32m\x1b[1mLinking C shared library rosidl_generator_py/autorccar_interfaces/autorccar_interfaces_s__rosidl_typesupport_c.cpython-310-aarch64-linux-gnu.so\x1b[0m\n'}
[21.572109] (autorccar_interfaces) StdoutLine: {'line': b'[100%] \x1b[32m\x1b[1mLinking C shared library rosidl_generator_py/autorccar_interfaces/autorccar_interfaces_s__rosidl_typesupport_introspection_c.cpython-310-aarch64-linux-gnu.so\x1b[0m\n'}
[21.618662] (autorccar_interfaces) StdoutLine: {'line': b'[100%] Built target autorccar_interfaces__rosidl_typesupport_fastrtps_c__pyext\n'}
[21.634562] (-) TimerEvent: {}
[21.684443] (autorccar_interfaces) StdoutLine: {'line': b'[100%] Built target autorccar_interfaces__rosidl_typesupport_c__pyext\n'}
[21.687696] (autorccar_interfaces) StdoutLine: {'line': b'[100%] Built target autorccar_interfaces__rosidl_typesupport_introspection_c__pyext\n'}
[21.734622] (-) TimerEvent: {}
[21.741892] (autorccar_interfaces) CommandEnded: {'returncode': 0}
[21.747509] (autorccar_interfaces) JobProgress: {'identifier': 'autorccar_interfaces', 'progress': 'install'}
[21.764242] (autorccar_interfaces) Command: {'cmd': ['/usr/bin/cmake', '--install', '/home/ztl/ROS_humble_LIO/build/autorccar_interfaces'], 'cwd': '/home/ztl/ROS_humble_LIO/build/autorccar_interfaces', 'env': OrderedDict([('LESSOPEN', '| /usr/bin/lesspipe %s'), ('LANGUAGE', 'zh_CN:en'), ('USER', 'ztl'), ('LC_TIME', 'en_US.UTF-8'), ('XDG_SESSION_TYPE', 'x11'), ('SHLVL', '1'), ('LD_LIBRARY_PATH', '/home/ztl/lio-sam/src/LIO/LIO-SAM_MID360_ROS2_PKG/ros2/install/lio_sam/lib:/home/ztl/lio-sam/src/LIO/LIO-SAM_MID360_ROS2_PKG/ros2/install/autorccar_interfaces/lib:/home/ztl/project/install/livox_ros_driver2/lib:/opt/ros/humble/opt/rviz_ogre_vendor/lib:/opt/ros/humble/lib/aarch64-linux-gnu:/opt/ros/humble/lib'), ('HOME', '/home/ztl'), ('MUTTER_DEBUG_ENABLE_ATOMIC_KMS', '0'), ('DESKTOP_SESSION', 'ubuntu'), ('ROS_PYTHON_VERSION', '3'), ('GNOME_SHELL_SESSION_MODE', 'ubuntu'), ('GTK_MODULES', 'gail:atk-bridge'), ('LC_MONETARY', 'en_US.UTF-8'), ('DBUS_STARTER_BUS_TYPE', 'session'), ('SYSTEMD_EXEC_PID', '1138'), ('DBUS_SESSION_BUS_ADDRESS', 'unix:path=/run/user/1000/bus,guid=e38796444bff260aed25fbd367c59363'), ('COLORTERM', 'truecolor'), ('DEBUGINFOD_URLS', ''), ('IM_CONFIG_PHASE', '1'), ('COLCON_PREFIX_PATH', '/home/ztl/pointcloud2pcd/install:/home/ztl/lio-sam/src/LIO/LIO-SAM_MID360_ROS2_PKG/ros2/install:/home/ztl/project/install'), ('ROS_DISTRO', 'humble'), ('GTK_IM_MODULE', 'ibus'), ('LOGNAME', 'ztl'), ('_', '/usr/bin/colcon'), ('ROS_VERSION', '2'), ('XDG_SESSION_CLASS', 'user'), ('USERNAME', 'ztl'), ('TERM', 'xterm-256color'), ('GNOME_DESKTOP_SESSION_ID', 'this-is-deprecated'), ('ROS_LOCALHOST_ONLY', '0'), ('WINDOWPATH', '2'), ('PATH', '/opt/ros/humble/bin:/usr/local/sbin:/usr/local/bin:/usr/sbin:/usr/bin:/sbin:/bin:/usr/games:/usr/local/games:/snap/bin:/snap/bin'), ('SESSION_MANAGER', 'local/3588:@/tmp/.ICE-unix/1138,unix/3588:/tmp/.ICE-unix/1138'), ('PAPERSIZE', 'letter'), ('XDG_MENU_PREFIX', 'gnome-'), ('LC_ADDRESS', 'en_US.UTF-8'), ('GNOME_TERMINAL_SCREEN', '/org/gnome/Terminal/screen/15001a7c_95e8_42c3_83ca_8e6400d20d5f'), ('XDG_RUNTIME_DIR', '/run/user/1000'), ('DISPLAY', ':0'), ('LANG', 'zh_CN.UTF-8'), ('XDG_CURRENT_DESKTOP', 'ubuntu:GNOME'), ('LC_TELEPHONE', 'en_US.UTF-8'), ('XMODIFIERS', '@im=ibus'), ('XDG_SESSION_DESKTOP', 'ubuntu'), ('XAUTHORITY', '/run/user/1000/gdm/Xauthority'), ('LS_COLORS', 'rs=0:di=01;34:ln=01;36:mh=00:pi=40;33:so=01;35:do=01;35:bd=40;33;01:cd=40;33;01:or=40;31;01:mi=00:su=37;41:sg=30;43:ca=30;41:tw=30;42:ow=34;42:st=37;44:ex=01;32:*.tar=01;31:*.tgz=01;31:*.arc=01;31:*.arj=01;31:*.taz=01;31:*.lha=01;31:*.lz4=01;31:*.lzh=01;31:*.lzma=01;31:*.tlz=01;31:*.txz=01;31:*.tzo=01;31:*.t7z=01;31:*.zip=01;31:*.z=01;31:*.dz=01;31:*.gz=01;31:*.lrz=01;31:*.lz=01;31:*.lzo=01;31:*.xz=01;31:*.zst=01;31:*.tzst=01;31:*.bz2=01;31:*.bz=01;31:*.tbz=01;31:*.tbz2=01;31:*.tz=01;31:*.deb=01;31:*.rpm=01;31:*.jar=01;31:*.war=01;31:*.ear=01;31:*.sar=01;31:*.rar=01;31:*.alz=01;31:*.ace=01;31:*.zoo=01;31:*.cpio=01;31:*.7z=01;31:*.rz=01;31:*.cab=01;31:*.wim=01;31:*.swm=01;31:*.dwm=01;31:*.esd=01;31:*.jpg=01;35:*.jpeg=01;35:*.mjpg=01;35:*.mjpeg=01;35:*.gif=01;35:*.bmp=01;35:*.pbm=01;35:*.pgm=01;35:*.ppm=01;35:*.tga=01;35:*.xbm=01;35:*.xpm=01;35:*.tif=01;35:*.tiff=01;35:*.png=01;35:*.svg=01;35:*.svgz=01;35:*.mng=01;35:*.pcx=01;35:*.mov=01;35:*.mpg=01;35:*.mpeg=01;35:*.m2v=01;35:*.mkv=01;35:*.webm=01;35:*.webp=01;35:*.ogm=01;35:*.mp4=01;35:*.m4v=01;35:*.mp4v=01;35:*.vob=01;35:*.qt=01;35:*.nuv=01;35:*.wmv=01;35:*.asf=01;35:*.rm=01;35:*.rmvb=01;35:*.flc=01;35:*.avi=01;35:*.fli=01;35:*.flv=01;35:*.gl=01;35:*.dl=01;35:*.xcf=01;35:*.xwd=01;35:*.yuv=01;35:*.cgm=01;35:*.emf=01;35:*.ogv=01;35:*.ogx=01;35:*.aac=00;36:*.au=00;36:*.flac=00;36:*.m4a=00;36:*.mid=00;36:*.midi=00;36:*.mka=00;36:*.mp3=00;36:*.mpc=00;36:*.ogg=00;36:*.ra=00;36:*.wav=00;36:*.oga=00;36:*.opus=00;36:*.spx=00;36:*.xspf=00;36:'), ('GNOME_TERMINAL_SERVICE', ':1.95'), ('SSH_AGENT_LAUNCHER', 'gnome-keyring'), ('SSH_AUTH_SOCK', '/run/user/1000/keyring/ssh'), ('AMENT_PREFIX_PATH', '/home/ztl/pointcloud2pcd/install/pointcloud2_to_pcd:/home/ztl/lio-sam/src/LIO/LIO-SAM_MID360_ROS2_PKG/ros2/install/lio_sam:/home/ztl/lio-sam/src/LIO/LIO-SAM_MID360_ROS2_PKG/ros2/install/autorccar_interfaces:/home/ztl/project/install/livox_ros_driver2:/opt/ros/humble'), ('SHELL', '/bin/bash'), ('LC_NAME', 'en_US.UTF-8'), ('CLUTTER_PAINT', 'disable-dynamic-max-render-time'), ('QT_ACCESSIBILITY', '1'), ('GDMSESSION', 'ubuntu'), ('LESSCLOSE', '/usr/bin/lesspipe %s %s'), ('LC_MEASUREMENT', 'en_US.UTF-8'), ('GPG_AGENT_INFO', '/run/user/1000/gnupg/S.gpg-agent:0:1'), ('LC_IDENTIFICATION', 'en_US.UTF-8'), ('MUTTER_DEBUG_FORCE_KMS_MODE', 'simple'), ('QT_IM_MODULE', 'ibus'), ('PWD', '/home/ztl/ROS_humble_LIO/build/autorccar_interfaces'), ('XDG_CONFIG_DIRS', '/etc/xdg/xdg-ubuntu:/etc/xdg'), ('DBUS_STARTER_ADDRESS', 'unix:path=/run/user/1000/bus,guid=e38796444bff260aed25fbd367c59363'), ('XDG_DATA_DIRS', '/usr/share/ubuntu:/usr/share/gnome:/usr/local/share/:/usr/share/:/var/lib/snapd/desktop'), ('PYTHONPATH', '/home/ztl/lio-sam/src/LIO/LIO-SAM_MID360_ROS2_PKG/ros2/install/lio_sam/local/lib/python3.10/dist-packages:/home/ztl/lio-sam/src/LIO/LIO-SAM_MID360_ROS2_PKG/ros2/install/autorccar_interfaces/local/lib/python3.10/dist-packages:/home/ztl/project/install/livox_ros_driver2/local/lib/python3.10/dist-packages:/opt/ros/humble/lib/python3.10/site-packages:/opt/ros/humble/local/lib/python3.10/dist-packages'), ('LC_NUMERIC', 'en_US.UTF-8'), ('LC_PAPER', 'en_US.UTF-8'), ('COLCON', '1'), ('VTE_VERSION', '6800'), ('CMAKE_PREFIX_PATH', '/home/ztl/pointcloud2pcd/install/pointcloud2_to_pcd:/home/ztl/lio-sam/src/LIO/LIO-SAM_MID360_ROS2_PKG/ros2/install/lio_sam:/home/ztl/lio-sam/src/LIO/LIO-SAM_MID360_ROS2_PKG/ros2/install/autorccar_interfaces:/home/ztl/project/install/livox_ros_driver2:/opt/ros/humble')]), 'shell': False}
[21.782517] (autorccar_interfaces) StdoutLine: {'line': b'-- Install configuration: ""\n'}
[21.782961] (autorccar_interfaces) StdoutLine: {'line': b'-- Installing: /home/ztl/ROS_humble_LIO/install/autorccar_interfaces/share/ament_index/resource_index/rosidl_interfaces/autorccar_interfaces\n'}
[21.783198] (autorccar_interfaces) StdoutLine: {'line': b'-- Installing: /home/ztl/ROS_humble_LIO/install/autorccar_interfaces/include/autorccar_interfaces/autorccar_interfaces\n'}
[21.783475] (autorccar_interfaces) StdoutLine: {'line': b'-- Installing: /home/ztl/ROS_humble_LIO/install/autorccar_interfaces/include/autorccar_interfaces/autorccar_interfaces/msg\n'}
[21.783678] (autorccar_interfaces) StdoutLine: {'line': b'-- Installing: /home/ztl/ROS_humble_LIO/install/autorccar_interfaces/include/autorccar_interfaces/autorccar_interfaces/msg/bounding_boxes.h\n'}
[21.783897] (autorccar_interfaces) StdoutLine: {'line': b'-- Installing: /home/ztl/ROS_humble_LIO/install/autorccar_interfaces/include/autorccar_interfaces/autorccar_interfaces/msg/detail\n'}
[21.784099] (autorccar_interfaces) StdoutLine: {'line': b'-- Installing: /home/ztl/ROS_humble_LIO/install/autorccar_interfaces/include/autorccar_interfaces/autorccar_interfaces/msg/detail/control_command__struct.h\n'}
[21.784292] (autorccar_interfaces) StdoutLine: {'line': b'-- Installing: /home/ztl/ROS_humble_LIO/install/autorccar_interfaces/include/autorccar_interfaces/autorccar_interfaces/msg/detail/control_command__functions.h\n'}
[21.784693] (autorccar_interfaces) StdoutLine: {'line': b'-- Installing: /home/ztl/ROS_humble_LIO/install/autorccar_interfaces/include/autorccar_interfaces/autorccar_interfaces/msg/detail/bounding_boxes__functions.c\n'}
[21.785735] (autorccar_interfaces) StdoutLine: {'line': b'-- Installing: /home/ztl/ROS_humble_LIO/install/autorccar_interfaces/include/autorccar_interfaces/autorccar_interfaces/msg/detail/nav_state__functions.h\n'}
[21.787245] (autorccar_interfaces) StdoutLine: {'line': b'-- Installing: /home/ztl/ROS_humble_LIO/install/autorccar_interfaces/include/autorccar_interfaces/autorccar_interfaces/msg/detail/bounding_boxes__functions.h\n'}
[21.788132] (autorccar_interfaces) StdoutLine: {'line': b'-- Installing: /home/ztl/ROS_humble_LIO/install/autorccar_interfaces/include/autorccar_interfaces/autorccar_interfaces/msg/detail/nav_state__type_support.h\n'}
[21.789096] (autorccar_interfaces) StdoutLine: {'line': b'-- Installing: /home/ztl/ROS_humble_LIO/install/autorccar_interfaces/include/autorccar_interfaces/autorccar_interfaces/msg/detail/bounding_boxes__struct.h\n'}
[21.789964] (autorccar_interfaces) StdoutLine: {'line': b'-- Installing: /home/ztl/ROS_humble_LIO/install/autorccar_interfaces/include/autorccar_interfaces/autorccar_interfaces/msg/detail/control_command__type_support.h\n'}
[21.790833] (autorccar_interfaces) StdoutLine: {'line': b'-- Installing: /home/ztl/ROS_humble_LIO/install/autorccar_interfaces/include/autorccar_interfaces/autorccar_interfaces/msg/detail/imu__functions.h\n'}
[21.791718] (autorccar_interfaces) StdoutLine: {'line': b'-- Installing: /home/ztl/ROS_humble_LIO/install/autorccar_interfaces/include/autorccar_interfaces/autorccar_interfaces/msg/detail/gnss__functions.h\n'}
[21.792537] (autorccar_interfaces) StdoutLine: {'line': b'-- Installing: /home/ztl/ROS_humble_LIO/install/autorccar_interfaces/include/autorccar_interfaces/autorccar_interfaces/msg/detail/path__functions.c\n'}
[21.793330] (autorccar_interfaces) StdoutLine: {'line': b'-- Installing: /home/ztl/ROS_humble_LIO/install/autorccar_interfaces/include/autorccar_interfaces/autorccar_interfaces/msg/detail/path_point__struct.h\n'}
[21.794202] (autorccar_interfaces) StdoutLine: {'line': b'-- Installing: /home/ztl/ROS_humble_LIO/install/autorccar_interfaces/include/autorccar_interfaces/autorccar_interfaces/msg/detail/imu__type_support.h\n'}
[21.795417] (autorccar_interfaces) StdoutLine: {'line': b'-- Installing: /home/ztl/ROS_humble_LIO/install/autorccar_interfaces/include/autorccar_interfaces/autorccar_interfaces/msg/detail/path__functions.h\n'}
[21.796700] (autorccar_interfaces) StdoutLine: {'line': b'-- Installing: /home/ztl/ROS_humble_LIO/install/autorccar_interfaces/include/autorccar_interfaces/autorccar_interfaces/msg/detail/path_point__type_support.h\n'}
[21.798022] (autorccar_interfaces) StdoutLine: {'line': b'-- Installing: /home/ztl/ROS_humble_LIO/install/autorccar_interfaces/include/autorccar_interfaces/autorccar_interfaces/msg/detail/path_point__functions.c\n'}
[21.798949] (autorccar_interfaces) StdoutLine: {'line': b'-- Installing: /home/ztl/ROS_humble_LIO/install/autorccar_interfaces/include/autorccar_interfaces/autorccar_interfaces/msg/detail/gnss__struct.h\n'}
[21.799165] (autorccar_interfaces) StdoutLine: {'line': b'-- Installing: /home/ztl/ROS_humble_LIO/install/autorccar_interfaces/include/autorccar_interfaces/autorccar_interfaces/msg/detail/control_command__functions.c\n'}
[21.800125] (autorccar_interfaces) StdoutLine: {'line': b'-- Installing: /home/ztl/ROS_humble_LIO/install/autorccar_interfaces/include/autorccar_interfaces/autorccar_interfaces/msg/detail/gnss__type_support.h\n'}
[21.800362] (autorccar_interfaces) StdoutLine: {'line': b'-- Installing: /home/ztl/ROS_humble_LIO/install/autorccar_interfaces/include/autorccar_interfaces/autorccar_interfaces/msg/detail/bounding_boxes__type_support.h\n'}
[21.800546] (autorccar_interfaces) StdoutLine: {'line': b'-- Installing: /home/ztl/ROS_humble_LIO/install/autorccar_interfaces/include/autorccar_interfaces/autorccar_interfaces/msg/detail/path__struct.h\n'}
[21.800853] (autorccar_interfaces) StdoutLine: {'line': b'-- Installing: /home/ztl/ROS_humble_LIO/install/autorccar_interfaces/include/autorccar_interfaces/autorccar_interfaces/msg/detail/nav_state__struct.h\n'}
[21.801072] (autorccar_interfaces) StdoutLine: {'line': b'-- Installing: /home/ztl/ROS_humble_LIO/install/autorccar_interfaces/include/autorccar_interfaces/autorccar_interfaces/msg/detail/imu__functions.c\n'}
[21.801282] (autorccar_interfaces) StdoutLine: {'line': b'-- Installing: /home/ztl/ROS_humble_LIO/install/autorccar_interfaces/include/autorccar_interfaces/autorccar_interfaces/msg/detail/imu__struct.h\n'}
[21.801445] (autorccar_interfaces) StdoutLine: {'line': b'-- Installing: /home/ztl/ROS_humble_LIO/install/autorccar_interfaces/include/autorccar_interfaces/autorccar_interfaces/msg/detail/gnss__functions.c\n'}
[21.801676] (autorccar_interfaces) StdoutLine: {'line': b'-- Installing: /home/ztl/ROS_humble_LIO/install/autorccar_interfaces/include/autorccar_interfaces/autorccar_interfaces/msg/detail/nav_state__functions.c\n'}
[21.802049] (autorccar_interfaces) StdoutLine: {'line': b'-- Installing: /home/ztl/ROS_humble_LIO/install/autorccar_interfaces/include/autorccar_interfaces/autorccar_interfaces/msg/detail/path_point__functions.h\n'}
[21.802305] (autorccar_interfaces) StdoutLine: {'line': b'-- Installing: /home/ztl/ROS_humble_LIO/install/autorccar_interfaces/include/autorccar_interfaces/autorccar_interfaces/msg/detail/path__type_support.h\n'}
[21.802476] (autorccar_interfaces) StdoutLine: {'line': b'-- Installing: /home/ztl/ROS_humble_LIO/install/autorccar_interfaces/include/autorccar_interfaces/autorccar_interfaces/msg/gnss.h\n'}
[21.802632] (autorccar_interfaces) StdoutLine: {'line': b'-- Installing: /home/ztl/ROS_humble_LIO/install/autorccar_interfaces/include/autorccar_interfaces/autorccar_interfaces/msg/path.h\n'}
[21.802842] (autorccar_interfaces) StdoutLine: {'line': b'-- Installing: /home/ztl/ROS_humble_LIO/install/autorccar_interfaces/include/autorccar_interfaces/autorccar_interfaces/msg/path_point.h\n'}
[21.803023] (autorccar_interfaces) StdoutLine: {'line': b'-- Installing: /home/ztl/ROS_humble_LIO/install/autorccar_interfaces/include/autorccar_interfaces/autorccar_interfaces/msg/control_command.h\n'}
[21.803313] (autorccar_interfaces) StdoutLine: {'line': b'-- Installing: /home/ztl/ROS_humble_LIO/install/autorccar_interfaces/include/autorccar_interfaces/autorccar_interfaces/msg/rosidl_generator_c__visibility_control.h\n'}
[21.803504] (autorccar_interfaces) StdoutLine: {'line': b'-- Installing: /home/ztl/ROS_humble_LIO/install/autorccar_interfaces/include/autorccar_interfaces/autorccar_interfaces/msg/imu.h\n'}
[21.803669] (autorccar_interfaces) StdoutLine: {'line': b'-- Installing: /home/ztl/ROS_humble_LIO/install/autorccar_interfaces/include/autorccar_interfaces/autorccar_interfaces/msg/nav_state.h\n'}
[21.803871] (autorccar_interfaces) StdoutLine: {'line': b'-- Installing: /home/ztl/ROS_humble_LIO/install/autorccar_interfaces/share/autorccar_interfaces/environment/library_path.sh\n'}
[21.804193] (autorccar_interfaces) StdoutLine: {'line': b'-- Installing: /home/ztl/ROS_humble_LIO/install/autorccar_interfaces/share/autorccar_interfaces/environment/library_path.dsv\n'}
[21.804368] (autorccar_interfaces) StdoutLine: {'line': b'-- Installing: /home/ztl/ROS_humble_LIO/install/autorccar_interfaces/lib/libautorccar_interfaces__rosidl_generator_c.so\n'}
[21.804632] (autorccar_interfaces) StdoutLine: {'line': b'-- Set runtime path of "/home/ztl/ROS_humble_LIO/install/autorccar_interfaces/lib/libautorccar_interfaces__rosidl_generator_c.so" to ""\n'}
[21.804841] (autorccar_interfaces) StdoutLine: {'line': b'-- Up-to-date: /home/ztl/ROS_humble_LIO/install/autorccar_interfaces/include/autorccar_interfaces/autorccar_interfaces\n'}
[21.805004] (autorccar_interfaces) StdoutLine: {'line': b'-- Up-to-date: /home/ztl/ROS_humble_LIO/install/autorccar_interfaces/include/autorccar_interfaces/autorccar_interfaces/msg\n'}
[21.805176] (autorccar_interfaces) StdoutLine: {'line': b'-- Up-to-date: /home/ztl/ROS_humble_LIO/install/autorccar_interfaces/include/autorccar_interfaces/autorccar_interfaces/msg/detail\n'}
[21.805336] (autorccar_interfaces) StdoutLine: {'line': b'-- Installing: /home/ztl/ROS_humble_LIO/install/autorccar_interfaces/include/autorccar_interfaces/autorccar_interfaces/msg/detail/nav_state__rosidl_typesupport_fastrtps_c.h\n'}
[21.805626] (autorccar_interfaces) StdoutLine: {'line': b'-- Installing: /home/ztl/ROS_humble_LIO/install/autorccar_interfaces/include/autorccar_interfaces/autorccar_interfaces/msg/detail/bounding_boxes__rosidl_typesupport_fastrtps_c.h\n'}
[21.805791] (autorccar_interfaces) StdoutLine: {'line': b'-- Installing: /home/ztl/ROS_humble_LIO/install/autorccar_interfaces/include/autorccar_interfaces/autorccar_interfaces/msg/detail/path_point__rosidl_typesupport_fastrtps_c.h\n'}
[21.805951] (autorccar_interfaces) StdoutLine: {'line': b'-- Installing: /home/ztl/ROS_humble_LIO/install/autorccar_interfaces/include/autorccar_interfaces/autorccar_interfaces/msg/detail/imu__rosidl_typesupport_fastrtps_c.h\n'}
[21.806133] (autorccar_interfaces) StdoutLine: {'line': b'-- Installing: /home/ztl/ROS_humble_LIO/install/autorccar_interfaces/include/autorccar_interfaces/autorccar_interfaces/msg/detail/control_command__rosidl_typesupport_fastrtps_c.h\n'}
[21.806449] (autorccar_interfaces) StdoutLine: {'line': b'-- Installing: /home/ztl/ROS_humble_LIO/install/autorccar_interfaces/include/autorccar_interfaces/autorccar_interfaces/msg/detail/gnss__rosidl_typesupport_fastrtps_c.h\n'}
[21.806612] (autorccar_interfaces) StdoutLine: {'line': b'-- Installing: /home/ztl/ROS_humble_LIO/install/autorccar_interfaces/include/autorccar_interfaces/autorccar_interfaces/msg/detail/path__rosidl_typesupport_fastrtps_c.h\n'}
[21.806770] (autorccar_interfaces) StdoutLine: {'line': b'-- Installing: /home/ztl/ROS_humble_LIO/install/autorccar_interfaces/include/autorccar_interfaces/autorccar_interfaces/msg/rosidl_typesupport_fastrtps_c__visibility_control.h\n'}
[21.806928] (autorccar_interfaces) StdoutLine: {'line': b'-- Installing: /home/ztl/ROS_humble_LIO/install/autorccar_interfaces/lib/libautorccar_interfaces__rosidl_typesupport_fastrtps_c.so\n'}
[21.807086] (autorccar_interfaces) StdoutLine: {'line': b'-- Set runtime path of "/home/ztl/ROS_humble_LIO/install/autorccar_interfaces/lib/libautorccar_interfaces__rosidl_typesupport_fastrtps_c.so" to ""\n'}
[21.807428] (autorccar_interfaces) StdoutLine: {'line': b'-- Up-to-date: /home/ztl/ROS_humble_LIO/install/autorccar_interfaces/include/autorccar_interfaces/autorccar_interfaces\n'}
[21.807597] (autorccar_interfaces) StdoutLine: {'line': b'-- Up-to-date: /home/ztl/ROS_humble_LIO/install/autorccar_interfaces/include/autorccar_interfaces/autorccar_interfaces/msg\n'}
[21.807753] (autorccar_interfaces) StdoutLine: {'line': b'-- Up-to-date: /home/ztl/ROS_humble_LIO/install/autorccar_interfaces/include/autorccar_interfaces/autorccar_interfaces/msg/detail\n'}
[21.807909] (autorccar_interfaces) StdoutLine: {'line': b'-- Installing: /home/ztl/ROS_humble_LIO/install/autorccar_interfaces/include/autorccar_interfaces/autorccar_interfaces/msg/detail/path__struct.hpp\n'}
[21.808069] (autorccar_interfaces) StdoutLine: {'line': b'-- Installing: /home/ztl/ROS_humble_LIO/install/autorccar_interfaces/include/autorccar_interfaces/autorccar_interfaces/msg/detail/nav_state__traits.hpp\n'}
[21.808231] (autorccar_interfaces) StdoutLine: {'line': b'-- Installing: /home/ztl/ROS_humble_LIO/install/autorccar_interfaces/include/autorccar_interfaces/autorccar_interfaces/msg/detail/path_point__struct.hpp\n'}
[21.808407] (autorccar_interfaces) StdoutLine: {'line': b'-- Installing: /home/ztl/ROS_humble_LIO/install/autorccar_interfaces/include/autorccar_interfaces/autorccar_interfaces/msg/detail/control_command__type_support.hpp\n'}
[21.808782] (autorccar_interfaces) StdoutLine: {'line': b'-- Installing: /home/ztl/ROS_humble_LIO/install/autorccar_interfaces/include/autorccar_interfaces/autorccar_interfaces/msg/detail/gnss__traits.hpp\n'}
[21.808986] (autorccar_interfaces) StdoutLine: {'line': b'-- Installing: /home/ztl/ROS_humble_LIO/install/autorccar_interfaces/include/autorccar_interfaces/autorccar_interfaces/msg/detail/path__traits.hpp\n'}
[21.809220] (autorccar_interfaces) StdoutLine: {'line': b'-- Installing: /home/ztl/ROS_humble_LIO/install/autorccar_interfaces/include/autorccar_interfaces/autorccar_interfaces/msg/detail/bounding_boxes__struct.hpp\n'}
[21.809519] (autorccar_interfaces) StdoutLine: {'line': b'-- Installing: /home/ztl/ROS_humble_LIO/install/autorccar_interfaces/include/autorccar_interfaces/autorccar_interfaces/msg/detail/nav_state__builder.hpp\n'}
[21.809706] (autorccar_interfaces) StdoutLine: {'line': b'-- Installing: /home/ztl/ROS_humble_LIO/install/autorccar_interfaces/include/autorccar_interfaces/autorccar_interfaces/msg/detail/bounding_boxes__traits.hpp\n'}
[21.809894] (autorccar_interfaces) StdoutLine: {'line': b'-- Installing: /home/ztl/ROS_humble_LIO/install/autorccar_interfaces/include/autorccar_interfaces/autorccar_interfaces/msg/detail/path__type_support.hpp\n'}
[21.810083] (autorccar_interfaces) StdoutLine: {'line': b'-- Installing: /home/ztl/ROS_humble_LIO/install/autorccar_interfaces/include/autorccar_interfaces/autorccar_interfaces/msg/detail/imu__builder.hpp\n'}
[21.810271] (autorccar_interfaces) StdoutLine: {'line': b'-- Installing: /home/ztl/ROS_humble_LIO/install/autorccar_interfaces/include/autorccar_interfaces/autorccar_interfaces/msg/detail/gnss__struct.hpp\n'}
[21.810476] (autorccar_interfaces) StdoutLine: {'line': b'-- Installing: /home/ztl/ROS_humble_LIO/install/autorccar_interfaces/include/autorccar_interfaces/autorccar_interfaces/msg/detail/nav_state__type_support.hpp\n'}
[21.810628] (autorccar_interfaces) StdoutLine: {'line': b'-- Installing: /home/ztl/ROS_humble_LIO/install/autorccar_interfaces/include/autorccar_interfaces/autorccar_interfaces/msg/detail/control_command__builder.hpp\n'}
[21.810811] (autorccar_interfaces) StdoutLine: {'line': b'-- Installing: /home/ztl/ROS_humble_LIO/install/autorccar_interfaces/include/autorccar_interfaces/autorccar_interfaces/msg/detail/path__builder.hpp\n'}
[21.810958] (autorccar_interfaces) StdoutLine: {'line': b'-- Installing: /home/ztl/ROS_humble_LIO/install/autorccar_interfaces/include/autorccar_interfaces/autorccar_interfaces/msg/detail/path_point__traits.hpp\n'}
[21.811106] (autorccar_interfaces) StdoutLine: {'line': b'-- Installing: /home/ztl/ROS_humble_LIO/install/autorccar_interfaces/include/autorccar_interfaces/autorccar_interfaces/msg/detail/control_command__struct.hpp\n'}
[21.811250] (autorccar_interfaces) StdoutLine: {'line': b'-- Installing: /home/ztl/ROS_humble_LIO/install/autorccar_interfaces/include/autorccar_interfaces/autorccar_interfaces/msg/detail/gnss__type_support.hpp\n'}
[21.811407] (autorccar_interfaces) StdoutLine: {'line': b'-- Installing: /home/ztl/ROS_humble_LIO/install/autorccar_interfaces/include/autorccar_interfaces/autorccar_interfaces/msg/detail/imu__struct.hpp\n'}
[21.811596] (autorccar_interfaces) StdoutLine: {'line': b'-- Installing: /home/ztl/ROS_humble_LIO/install/autorccar_interfaces/include/autorccar_interfaces/autorccar_interfaces/msg/detail/nav_state__struct.hpp\n'}
[21.811796] (autorccar_interfaces) StdoutLine: {'line': b'-- Installing: /home/ztl/ROS_humble_LIO/install/autorccar_interfaces/include/autorccar_interfaces/autorccar_interfaces/msg/detail/path_point__type_support.hpp\n'}
[21.811954] (autorccar_interfaces) StdoutLine: {'line': b'-- Installing: /home/ztl/ROS_humble_LIO/install/autorccar_interfaces/include/autorccar_interfaces/autorccar_interfaces/msg/detail/control_command__traits.hpp\n'}
[21.812106] (autorccar_interfaces) StdoutLine: {'line': b'-- Installing: /home/ztl/ROS_humble_LIO/install/autorccar_interfaces/include/autorccar_interfaces/autorccar_interfaces/msg/detail/path_point__builder.hpp\n'}
[21.812252] (autorccar_interfaces) StdoutLine: {'line': b'-- Installing: /home/ztl/ROS_humble_LIO/install/autorccar_interfaces/include/autorccar_interfaces/autorccar_interfaces/msg/detail/imu__traits.hpp\n'}
[21.812479] (autorccar_interfaces) StdoutLine: {'line': b'-- Installing: /home/ztl/ROS_humble_LIO/install/autorccar_interfaces/include/autorccar_interfaces/autorccar_interfaces/msg/detail/imu__type_support.hpp\n'}
[21.812634] (autorccar_interfaces) StdoutLine: {'line': b'-- Installing: /home/ztl/ROS_humble_LIO/install/autorccar_interfaces/include/autorccar_interfaces/autorccar_interfaces/msg/detail/bounding_boxes__type_support.hpp\n'}
[21.812836] (autorccar_interfaces) StdoutLine: {'line': b'-- Installing: /home/ztl/ROS_humble_LIO/install/autorccar_interfaces/include/autorccar_interfaces/autorccar_interfaces/msg/detail/bounding_boxes__builder.hpp\n'}
[21.813022] (autorccar_interfaces) StdoutLine: {'line': b'-- Installing: /home/ztl/ROS_humble_LIO/install/autorccar_interfaces/include/autorccar_interfaces/autorccar_interfaces/msg/detail/gnss__builder.hpp\n'}
[21.813204] (autorccar_interfaces) StdoutLine: {'line': b'-- Installing: /home/ztl/ROS_humble_LIO/install/autorccar_interfaces/include/autorccar_interfaces/autorccar_interfaces/msg/bounding_boxes.hpp\n'}
[21.813357] (autorccar_interfaces) StdoutLine: {'line': b'-- Installing: /home/ztl/ROS_humble_LIO/install/autorccar_interfaces/include/autorccar_interfaces/autorccar_interfaces/msg/imu.hpp\n'}
[21.813726] (autorccar_interfaces) StdoutLine: {'line': b'-- Installing: /home/ztl/ROS_humble_LIO/install/autorccar_interfaces/include/autorccar_interfaces/autorccar_interfaces/msg/rosidl_generator_cpp__visibility_control.hpp\n'}
[21.814079] (autorccar_interfaces) StdoutLine: {'line': b'-- Installing: /home/ztl/ROS_humble_LIO/install/autorccar_interfaces/include/autorccar_interfaces/autorccar_interfaces/msg/gnss.hpp\n'}
[21.814337] (autorccar_interfaces) StdoutLine: {'line': b'-- Installing: /home/ztl/ROS_humble_LIO/install/autorccar_interfaces/include/autorccar_interfaces/autorccar_interfaces/msg/control_command.hpp\n'}
[21.814568] (autorccar_interfaces) StdoutLine: {'line': b'-- Installing: /home/ztl/ROS_humble_LIO/install/autorccar_interfaces/include/autorccar_interfaces/autorccar_interfaces/msg/path.hpp\n'}
[21.814822] (autorccar_interfaces) StdoutLine: {'line': b'-- Installing: /home/ztl/ROS_humble_LIO/install/autorccar_interfaces/include/autorccar_interfaces/autorccar_interfaces/msg/nav_state.hpp\n'}
[21.815125] (autorccar_interfaces) StdoutLine: {'line': b'-- Installing: /home/ztl/ROS_humble_LIO/install/autorccar_interfaces/include/autorccar_interfaces/autorccar_interfaces/msg/path_point.hpp\n'}
[21.815344] (autorccar_interfaces) StdoutLine: {'line': b'-- Up-to-date: /home/ztl/ROS_humble_LIO/install/autorccar_interfaces/include/autorccar_interfaces/autorccar_interfaces\n'}
[21.815541] (autorccar_interfaces) StdoutLine: {'line': b'-- Up-to-date: /home/ztl/ROS_humble_LIO/install/autorccar_interfaces/include/autorccar_interfaces/autorccar_interfaces/msg\n'}
[21.815739] (autorccar_interfaces) StdoutLine: {'line': b'-- Up-to-date: /home/ztl/ROS_humble_LIO/install/autorccar_interfaces/include/autorccar_interfaces/autorccar_interfaces/msg/detail\n'}
[21.816153] (autorccar_interfaces) StdoutLine: {'line': b'-- Installing: /home/ztl/ROS_humble_LIO/install/autorccar_interfaces/include/autorccar_interfaces/autorccar_interfaces/msg/detail/nav_state__rosidl_typesupport_fastrtps_cpp.hpp\n'}
[21.816381] (autorccar_interfaces) StdoutLine: {'line': b'-- Installing: /home/ztl/ROS_humble_LIO/install/autorccar_interfaces/include/autorccar_interfaces/autorccar_interfaces/msg/detail/control_command__rosidl_typesupport_fastrtps_cpp.hpp\n'}
[21.816744] (autorccar_interfaces) StdoutLine: {'line': b'-- Installing: /home/ztl/ROS_humble_LIO/install/autorccar_interfaces/include/autorccar_interfaces/autorccar_interfaces/msg/detail/gnss__rosidl_typesupport_fastrtps_cpp.hpp\n'}
[21.816981] (autorccar_interfaces) StdoutLine: {'line': b'-- Installing: /home/ztl/ROS_humble_LIO/install/autorccar_interfaces/include/autorccar_interfaces/autorccar_interfaces/msg/detail/path__rosidl_typesupport_fastrtps_cpp.hpp\n'}
[21.817202] (autorccar_interfaces) StdoutLine: {'line': b'-- Installing: /home/ztl/ROS_humble_LIO/install/autorccar_interfaces/include/autorccar_interfaces/autorccar_interfaces/msg/detail/dds_fastrtps\n'}
[21.817513] (autorccar_interfaces) StdoutLine: {'line': b'-- Installing: /home/ztl/ROS_humble_LIO/install/autorccar_interfaces/include/autorccar_interfaces/autorccar_interfaces/msg/detail/imu__rosidl_typesupport_fastrtps_cpp.hpp\n'}
[21.818009] (autorccar_interfaces) StdoutLine: {'line': b'-- Installing: /home/ztl/ROS_humble_LIO/install/autorccar_interfaces/include/autorccar_interfaces/autorccar_interfaces/msg/detail/bounding_boxes__rosidl_typesupport_fastrtps_cpp.hpp\n'}
[21.818203] (autorccar_interfaces) StdoutLine: {'line': b'-- Installing: /home/ztl/ROS_humble_LIO/install/autorccar_interfaces/include/autorccar_interfaces/autorccar_interfaces/msg/detail/path_point__rosidl_typesupport_fastrtps_cpp.hpp\n'}
[21.818369] (autorccar_interfaces) StdoutLine: {'line': b'-- Installing: /home/ztl/ROS_humble_LIO/install/autorccar_interfaces/include/autorccar_interfaces/autorccar_interfaces/msg/rosidl_typesupport_fastrtps_cpp__visibility_control.h\n'}
[21.818692] (autorccar_interfaces) StdoutLine: {'line': b'-- Installing: /home/ztl/ROS_humble_LIO/install/autorccar_interfaces/lib/libautorccar_interfaces__rosidl_typesupport_fastrtps_cpp.so\n'}
[21.818918] (autorccar_interfaces) StdoutLine: {'line': b'-- Set runtime path of "/home/ztl/ROS_humble_LIO/install/autorccar_interfaces/lib/libautorccar_interfaces__rosidl_typesupport_fastrtps_cpp.so" to ""\n'}
[21.819245] (autorccar_interfaces) StdoutLine: {'line': b'-- Up-to-date: /home/ztl/ROS_humble_LIO/install/autorccar_interfaces/include/autorccar_interfaces/autorccar_interfaces\n'}
[21.819407] (autorccar_interfaces) StdoutLine: {'line': b'-- Up-to-date: /home/ztl/ROS_humble_LIO/install/autorccar_interfaces/include/autorccar_interfaces/autorccar_interfaces/msg\n'}
[21.819565] (autorccar_interfaces) StdoutLine: {'line': b'-- Up-to-date: /home/ztl/ROS_humble_LIO/install/autorccar_interfaces/include/autorccar_interfaces/autorccar_interfaces/msg/detail\n'}
[21.819713] (autorccar_interfaces) StdoutLine: {'line': b'-- Installing: /home/ztl/ROS_humble_LIO/install/autorccar_interfaces/include/autorccar_interfaces/autorccar_interfaces/msg/detail/bounding_boxes__rosidl_typesupport_introspection_c.h\n'}
[21.819879] (autorccar_interfaces) StdoutLine: {'line': b'-- Installing: /home/ztl/ROS_humble_LIO/install/autorccar_interfaces/include/autorccar_interfaces/autorccar_interfaces/msg/detail/path_point__rosidl_typesupport_introspection_c.h\n'}
[21.820034] (autorccar_interfaces) StdoutLine: {'line': b'-- Installing: /home/ztl/ROS_humble_LIO/install/autorccar_interfaces/include/autorccar_interfaces/autorccar_interfaces/msg/detail/gnss__type_support.c\n'}
[21.820187] (autorccar_interfaces) StdoutLine: {'line': b'-- Installing: /home/ztl/ROS_humble_LIO/install/autorccar_interfaces/include/autorccar_interfaces/autorccar_interfaces/msg/detail/control_command__type_support.c\n'}
[21.820350] (autorccar_interfaces) StdoutLine: {'line': b'-- Installing: /home/ztl/ROS_humble_LIO/install/autorccar_interfaces/include/autorccar_interfaces/autorccar_interfaces/msg/detail/control_command__rosidl_typesupport_introspection_c.h\n'}
[21.820505] (autorccar_interfaces) StdoutLine: {'line': b'-- Installing: /home/ztl/ROS_humble_LIO/install/autorccar_interfaces/include/autorccar_interfaces/autorccar_interfaces/msg/detail/path_point__type_support.c\n'}
[21.820653] (autorccar_interfaces) StdoutLine: {'line': b'-- Installing: /home/ztl/ROS_humble_LIO/install/autorccar_interfaces/include/autorccar_interfaces/autorccar_interfaces/msg/detail/nav_state__type_support.c\n'}
[21.820797] (autorccar_interfaces) StdoutLine: {'line': b'-- Installing: /home/ztl/ROS_humble_LIO/install/autorccar_interfaces/include/autorccar_interfaces/autorccar_interfaces/msg/detail/bounding_boxes__type_support.c\n'}
[21.820943] (autorccar_interfaces) StdoutLine: {'line': b'-- Installing: /home/ztl/ROS_humble_LIO/install/autorccar_interfaces/include/autorccar_interfaces/autorccar_interfaces/msg/detail/imu__type_support.c\n'}
[21.821089] (autorccar_interfaces) StdoutLine: {'line': b'-- Installing: /home/ztl/ROS_humble_LIO/install/autorccar_interfaces/include/autorccar_interfaces/autorccar_interfaces/msg/detail/imu__rosidl_typesupport_introspection_c.h\n'}
[21.821237] (autorccar_interfaces) StdoutLine: {'line': b'-- Installing: /home/ztl/ROS_humble_LIO/install/autorccar_interfaces/include/autorccar_interfaces/autorccar_interfaces/msg/detail/nav_state__rosidl_typesupport_introspection_c.h\n'}
[21.821399] (autorccar_interfaces) StdoutLine: {'line': b'-- Installing: /home/ztl/ROS_humble_LIO/install/autorccar_interfaces/include/autorccar_interfaces/autorccar_interfaces/msg/detail/path__rosidl_typesupport_introspection_c.h\n'}
[21.821562] (autorccar_interfaces) StdoutLine: {'line': b'-- Installing: /home/ztl/ROS_humble_LIO/install/autorccar_interfaces/include/autorccar_interfaces/autorccar_interfaces/msg/detail/gnss__rosidl_typesupport_introspection_c.h\n'}
[21.821711] (autorccar_interfaces) StdoutLine: {'line': b'-- Installing: /home/ztl/ROS_humble_LIO/install/autorccar_interfaces/include/autorccar_interfaces/autorccar_interfaces/msg/detail/path__type_support.c\n'}
[21.821901] (autorccar_interfaces) StdoutLine: {'line': b'-- Installing: /home/ztl/ROS_humble_LIO/install/autorccar_interfaces/include/autorccar_interfaces/autorccar_interfaces/msg/rosidl_typesupport_introspection_c__visibility_control.h\n'}
[21.822058] (autorccar_interfaces) StdoutLine: {'line': b'-- Installing: /home/ztl/ROS_humble_LIO/install/autorccar_interfaces/lib/libautorccar_interfaces__rosidl_typesupport_introspection_c.so\n'}
[21.822206] (autorccar_interfaces) StdoutLine: {'line': b'-- Set runtime path of "/home/ztl/ROS_humble_LIO/install/autorccar_interfaces/lib/libautorccar_interfaces__rosidl_typesupport_introspection_c.so" to ""\n'}
[21.822351] (autorccar_interfaces) StdoutLine: {'line': b'-- Installing: /home/ztl/ROS_humble_LIO/install/autorccar_interfaces/lib/libautorccar_interfaces__rosidl_typesupport_c.so\n'}
[21.822516] (autorccar_interfaces) StdoutLine: {'line': b'-- Set runtime path of "/home/ztl/ROS_humble_LIO/install/autorccar_interfaces/lib/libautorccar_interfaces__rosidl_typesupport_c.so" to ""\n'}
[21.822671] (autorccar_interfaces) StdoutLine: {'line': b'-- Up-to-date: /home/ztl/ROS_humble_LIO/install/autorccar_interfaces/include/autorccar_interfaces/autorccar_interfaces\n'}
[21.822818] (autorccar_interfaces) StdoutLine: {'line': b'-- Up-to-date: /home/ztl/ROS_humble_LIO/install/autorccar_interfaces/include/autorccar_interfaces/autorccar_interfaces/msg\n'}
[21.822966] (autorccar_interfaces) StdoutLine: {'line': b'-- Up-to-date: /home/ztl/ROS_humble_LIO/install/autorccar_interfaces/include/autorccar_interfaces/autorccar_interfaces/msg/detail\n'}
[21.823114] (autorccar_interfaces) StdoutLine: {'line': b'-- Installing: /home/ztl/ROS_humble_LIO/install/autorccar_interfaces/include/autorccar_interfaces/autorccar_interfaces/msg/detail/control_command__type_support.cpp\n'}
[21.823265] (autorccar_interfaces) StdoutLine: {'line': b'-- Installing: /home/ztl/ROS_humble_LIO/install/autorccar_interfaces/include/autorccar_interfaces/autorccar_interfaces/msg/detail/path__rosidl_typesupport_introspection_cpp.hpp\n'}
[21.823412] (autorccar_interfaces) StdoutLine: {'line': b'-- Installing: /home/ztl/ROS_humble_LIO/install/autorccar_interfaces/include/autorccar_interfaces/autorccar_interfaces/msg/detail/bounding_boxes__type_support.cpp\n'}
[21.823564] (autorccar_interfaces) StdoutLine: {'line': b'-- Installing: /home/ztl/ROS_humble_LIO/install/autorccar_interfaces/include/autorccar_interfaces/autorccar_interfaces/msg/detail/path_point__type_support.cpp\n'}
[21.823725] (autorccar_interfaces) StdoutLine: {'line': b'-- Installing: /home/ztl/ROS_humble_LIO/install/autorccar_interfaces/include/autorccar_interfaces/autorccar_interfaces/msg/detail/bounding_boxes__rosidl_typesupport_introspection_cpp.hpp\n'}
[21.823874] (autorccar_interfaces) StdoutLine: {'line': b'-- Installing: /home/ztl/ROS_humble_LIO/install/autorccar_interfaces/include/autorccar_interfaces/autorccar_interfaces/msg/detail/nav_state__type_support.cpp\n'}
[21.824017] (autorccar_interfaces) StdoutLine: {'line': b'-- Installing: /home/ztl/ROS_humble_LIO/install/autorccar_interfaces/include/autorccar_interfaces/autorccar_interfaces/msg/detail/gnss__rosidl_typesupport_introspection_cpp.hpp\n'}
[21.824161] (autorccar_interfaces) StdoutLine: {'line': b'-- Installing: /home/ztl/ROS_humble_LIO/install/autorccar_interfaces/include/autorccar_interfaces/autorccar_interfaces/msg/detail/path__type_support.cpp\n'}
[21.824314] (autorccar_interfaces) StdoutLine: {'line': b'-- Installing: /home/ztl/ROS_humble_LIO/install/autorccar_interfaces/include/autorccar_interfaces/autorccar_interfaces/msg/detail/gnss__type_support.cpp\n'}
[21.824456] (autorccar_interfaces) StdoutLine: {'line': b'-- Installing: /home/ztl/ROS_humble_LIO/install/autorccar_interfaces/include/autorccar_interfaces/autorccar_interfaces/msg/detail/imu__type_support.cpp\n'}
[21.824604] (autorccar_interfaces) StdoutLine: {'line': b'-- Installing: /home/ztl/ROS_humble_LIO/install/autorccar_interfaces/include/autorccar_interfaces/autorccar_interfaces/msg/detail/control_command__rosidl_typesupport_introspection_cpp.hpp\n'}
[21.824750] (autorccar_interfaces) StdoutLine: {'line': b'-- Installing: /home/ztl/ROS_humble_LIO/install/autorccar_interfaces/include/autorccar_interfaces/autorccar_interfaces/msg/detail/path_point__rosidl_typesupport_introspection_cpp.hpp\n'}
[21.824895] (autorccar_interfaces) StdoutLine: {'line': b'-- Installing: /home/ztl/ROS_humble_LIO/install/autorccar_interfaces/include/autorccar_interfaces/autorccar_interfaces/msg/detail/nav_state__rosidl_typesupport_introspection_cpp.hpp\n'}
[21.825037] (autorccar_interfaces) StdoutLine: {'line': b'-- Installing: /home/ztl/ROS_humble_LIO/install/autorccar_interfaces/include/autorccar_interfaces/autorccar_interfaces/msg/detail/imu__rosidl_typesupport_introspection_cpp.hpp\n'}
[21.825199] (autorccar_interfaces) StdoutLine: {'line': b'-- Installing: /home/ztl/ROS_humble_LIO/install/autorccar_interfaces/lib/libautorccar_interfaces__rosidl_typesupport_introspection_cpp.so\n'}
[21.825345] (autorccar_interfaces) StdoutLine: {'line': b'-- Set runtime path of "/home/ztl/ROS_humble_LIO/install/autorccar_interfaces/lib/libautorccar_interfaces__rosidl_typesupport_introspection_cpp.so" to ""\n'}
[21.825492] (autorccar_interfaces) StdoutLine: {'line': b'-- Installing: /home/ztl/ROS_humble_LIO/install/autorccar_interfaces/lib/libautorccar_interfaces__rosidl_typesupport_cpp.so\n'}
[21.825637] (autorccar_interfaces) StdoutLine: {'line': b'-- Set runtime path of "/home/ztl/ROS_humble_LIO/install/autorccar_interfaces/lib/libautorccar_interfaces__rosidl_typesupport_cpp.so" to ""\n'}
[21.825779] (autorccar_interfaces) StdoutLine: {'line': b'-- Installing: /home/ztl/ROS_humble_LIO/install/autorccar_interfaces/share/autorccar_interfaces/environment/pythonpath.sh\n'}
[21.825924] (autorccar_interfaces) StdoutLine: {'line': b'-- Installing: /home/ztl/ROS_humble_LIO/install/autorccar_interfaces/share/autorccar_interfaces/environment/pythonpath.dsv\n'}
[21.826066] (autorccar_interfaces) StdoutLine: {'line': b'-- Installing: /home/ztl/ROS_humble_LIO/install/autorccar_interfaces/local/lib/python3.10/dist-packages/autorccar_interfaces-0.0.0-py3.10.egg-info\n'}
[21.826208] (autorccar_interfaces) StdoutLine: {'line': b'-- Installing: /home/ztl/ROS_humble_LIO/install/autorccar_interfaces/local/lib/python3.10/dist-packages/autorccar_interfaces-0.0.0-py3.10.egg-info/top_level.txt\n'}
[21.826360] (autorccar_interfaces) StdoutLine: {'line': b'-- Installing: /home/ztl/ROS_humble_LIO/install/autorccar_interfaces/local/lib/python3.10/dist-packages/autorccar_interfaces-0.0.0-py3.10.egg-info/PKG-INFO\n'}
[21.826516] (autorccar_interfaces) StdoutLine: {'line': b'-- Installing: /home/ztl/ROS_humble_LIO/install/autorccar_interfaces/local/lib/python3.10/dist-packages/autorccar_interfaces-0.0.0-py3.10.egg-info/SOURCES.txt\n'}
[21.826658] (autorccar_interfaces) StdoutLine: {'line': b'-- Installing: /home/ztl/ROS_humble_LIO/install/autorccar_interfaces/local/lib/python3.10/dist-packages/autorccar_interfaces-0.0.0-py3.10.egg-info/dependency_links.txt\n'}
[21.826801] (autorccar_interfaces) StdoutLine: {'line': b'-- Installing: /home/ztl/ROS_humble_LIO/install/autorccar_interfaces/local/lib/python3.10/dist-packages/autorccar_interfaces\n'}
[21.826941] (autorccar_interfaces) StdoutLine: {'line': b'-- Installing: /home/ztl/ROS_humble_LIO/install/autorccar_interfaces/local/lib/python3.10/dist-packages/autorccar_interfaces/__init__.py\n'}
[21.827101] (autorccar_interfaces) StdoutLine: {'line': b'-- Installing: /home/ztl/ROS_humble_LIO/install/autorccar_interfaces/local/lib/python3.10/dist-packages/autorccar_interfaces/autorccar_interfaces_s__rosidl_typesupport_fastrtps_c.cpython-310-aarch64-linux-gnu.so\n'}
[21.827249] (autorccar_interfaces) StdoutLine: {'line': b'-- Installing: /home/ztl/ROS_humble_LIO/install/autorccar_interfaces/local/lib/python3.10/dist-packages/autorccar_interfaces/msg\n'}
[21.827391] (autorccar_interfaces) StdoutLine: {'line': b'-- Installing: /home/ztl/ROS_humble_LIO/install/autorccar_interfaces/local/lib/python3.10/dist-packages/autorccar_interfaces/msg/__init__.py\n'}
[21.827535] (autorccar_interfaces) StdoutLine: {'line': b'-- Installing: /home/ztl/ROS_humble_LIO/install/autorccar_interfaces/local/lib/python3.10/dist-packages/autorccar_interfaces/msg/_nav_state.py\n'}
[21.827676] (autorccar_interfaces) StdoutLine: {'line': b'-- Installing: /home/ztl/ROS_humble_LIO/install/autorccar_interfaces/local/lib/python3.10/dist-packages/autorccar_interfaces/msg/_bounding_boxes_s.c\n'}
[21.827819] (autorccar_interfaces) StdoutLine: {'line': b'-- Installing: /home/ztl/ROS_humble_LIO/install/autorccar_interfaces/local/lib/python3.10/dist-packages/autorccar_interfaces/msg/_control_command_s.c\n'}
[21.827961] (autorccar_interfaces) StdoutLine: {'line': b'-- Installing: /home/ztl/ROS_humble_LIO/install/autorccar_interfaces/local/lib/python3.10/dist-packages/autorccar_interfaces/msg/_path_point_s.c\n'}
[21.828101] (autorccar_interfaces) StdoutLine: {'line': b'-- Installing: /home/ztl/ROS_humble_LIO/install/autorccar_interfaces/local/lib/python3.10/dist-packages/autorccar_interfaces/msg/_path_s.c\n'}
[21.828244] (autorccar_interfaces) StdoutLine: {'line': b'-- Installing: /home/ztl/ROS_humble_LIO/install/autorccar_interfaces/local/lib/python3.10/dist-packages/autorccar_interfaces/msg/_path.py\n'}
[21.828385] (autorccar_interfaces) StdoutLine: {'line': b'-- Installing: /home/ztl/ROS_humble_LIO/install/autorccar_interfaces/local/lib/python3.10/dist-packages/autorccar_interfaces/msg/_imu_s.c\n'}
[21.828546] (autorccar_interfaces) StdoutLine: {'line': b'-- Installing: /home/ztl/ROS_humble_LIO/install/autorccar_interfaces/local/lib/python3.10/dist-packages/autorccar_interfaces/msg/_gnss_s.c\n'}
[21.828688] (autorccar_interfaces) StdoutLine: {'line': b'-- Installing: /home/ztl/ROS_humble_LIO/install/autorccar_interfaces/local/lib/python3.10/dist-packages/autorccar_interfaces/msg/_bounding_boxes.py\n'}
[21.828830] (autorccar_interfaces) StdoutLine: {'line': b'-- Installing: /home/ztl/ROS_humble_LIO/install/autorccar_interfaces/local/lib/python3.10/dist-packages/autorccar_interfaces/msg/_gnss.py\n'}
[21.828970] (autorccar_interfaces) StdoutLine: {'line': b'-- Installing: /home/ztl/ROS_humble_LIO/install/autorccar_interfaces/local/lib/python3.10/dist-packages/autorccar_interfaces/msg/_nav_state_s.c\n'}
[21.829111] (autorccar_interfaces) StdoutLine: {'line': b'-- Installing: /home/ztl/ROS_humble_LIO/install/autorccar_interfaces/local/lib/python3.10/dist-packages/autorccar_interfaces/msg/_imu.py\n'}
[21.829255] (autorccar_interfaces) StdoutLine: {'line': b'-- Installing: /home/ztl/ROS_humble_LIO/install/autorccar_interfaces/local/lib/python3.10/dist-packages/autorccar_interfaces/msg/_path_point.py\n'}
[21.829396] (autorccar_interfaces) StdoutLine: {'line': b'-- Installing: /home/ztl/ROS_humble_LIO/install/autorccar_interfaces/local/lib/python3.10/dist-packages/autorccar_interfaces/msg/_control_command.py\n'}
[21.829540] (autorccar_interfaces) StdoutLine: {'line': b'-- Installing: /home/ztl/ROS_humble_LIO/install/autorccar_interfaces/local/lib/python3.10/dist-packages/autorccar_interfaces/_autorccar_interfaces_s.ep.rosidl_typesupport_c.c\n'}
[21.829684] (autorccar_interfaces) StdoutLine: {'line': b'-- Installing: /home/ztl/ROS_humble_LIO/install/autorccar_interfaces/local/lib/python3.10/dist-packages/autorccar_interfaces/autorccar_interfaces_s__rosidl_typesupport_introspection_c.cpython-310-aarch64-linux-gnu.so\n'}
[21.829837] (autorccar_interfaces) StdoutLine: {'line': b'-- Installing: /home/ztl/ROS_humble_LIO/install/autorccar_interfaces/local/lib/python3.10/dist-packages/autorccar_interfaces/libautorccar_interfaces__rosidl_generator_py.so\n'}
[21.829980] (autorccar_interfaces) StdoutLine: {'line': b'-- Installing: /home/ztl/ROS_humble_LIO/install/autorccar_interfaces/local/lib/python3.10/dist-packages/autorccar_interfaces/_autorccar_interfaces_s.ep.rosidl_typesupport_introspection_c.c\n'}
[21.830136] (autorccar_interfaces) StdoutLine: {'line': b'-- Installing: /home/ztl/ROS_humble_LIO/install/autorccar_interfaces/local/lib/python3.10/dist-packages/autorccar_interfaces/autorccar_interfaces_s__rosidl_typesupport_c.cpython-310-aarch64-linux-gnu.so\n'}
[21.830294] (autorccar_interfaces) StdoutLine: {'line': b'-- Installing: /home/ztl/ROS_humble_LIO/install/autorccar_interfaces/local/lib/python3.10/dist-packages/autorccar_interfaces/_autorccar_interfaces_s.ep.rosidl_typesupport_fastrtps_c.c\n'}
[21.834711] (-) TimerEvent: {}
[21.928613] (autorccar_interfaces) StdoutLine: {'line': b"Listing '/home/ztl/ROS_humble_LIO/install/autorccar_interfaces/local/lib/python3.10/dist-packages/autorccar_interfaces'...\n"}
[21.928990] (autorccar_interfaces) StdoutLine: {'line': b"Compiling '/home/ztl/ROS_humble_LIO/install/autorccar_interfaces/local/lib/python3.10/dist-packages/autorccar_interfaces/__init__.py'...\n"}
[21.929199] (autorccar_interfaces) StdoutLine: {'line': b"Listing '/home/ztl/ROS_humble_LIO/install/autorccar_interfaces/local/lib/python3.10/dist-packages/autorccar_interfaces/msg'...\n"}
[21.929361] (autorccar_interfaces) StdoutLine: {'line': b"Compiling '/home/ztl/ROS_humble_LIO/install/autorccar_interfaces/local/lib/python3.10/dist-packages/autorccar_interfaces/msg/__init__.py'...\n"}
[21.929519] (autorccar_interfaces) StdoutLine: {'line': b"Compiling '/home/ztl/ROS_humble_LIO/install/autorccar_interfaces/local/lib/python3.10/dist-packages/autorccar_interfaces/msg/_bounding_boxes.py'...\n"}
[21.929670] (autorccar_interfaces) StdoutLine: {'line': b"Compiling '/home/ztl/ROS_humble_LIO/install/autorccar_interfaces/local/lib/python3.10/dist-packages/autorccar_interfaces/msg/_control_command.py'...\n"}
[21.929815] (autorccar_interfaces) StdoutLine: {'line': b"Compiling '/home/ztl/ROS_humble_LIO/install/autorccar_interfaces/local/lib/python3.10/dist-packages/autorccar_interfaces/msg/_gnss.py'...\n"}
[21.929967] (autorccar_interfaces) StdoutLine: {'line': b"Compiling '/home/ztl/ROS_humble_LIO/install/autorccar_interfaces/local/lib/python3.10/dist-packages/autorccar_interfaces/msg/_imu.py'...\n"}
[21.930111] (autorccar_interfaces) StdoutLine: {'line': b"Compiling '/home/ztl/ROS_humble_LIO/install/autorccar_interfaces/local/lib/python3.10/dist-packages/autorccar_interfaces/msg/_nav_state.py'...\n"}
[21.930254] (autorccar_interfaces) StdoutLine: {'line': b"Compiling '/home/ztl/ROS_humble_LIO/install/autorccar_interfaces/local/lib/python3.10/dist-packages/autorccar_interfaces/msg/_path.py'...\n"}
[21.930399] (autorccar_interfaces) StdoutLine: {'line': b"Compiling '/home/ztl/ROS_humble_LIO/install/autorccar_interfaces/local/lib/python3.10/dist-packages/autorccar_interfaces/msg/_path_point.py'...\n"}
[21.934853] (-) TimerEvent: {}
[21.943020] (autorccar_interfaces) StdoutLine: {'line': b'-- Installing: /home/ztl/ROS_humble_LIO/install/autorccar_interfaces/local/lib/python3.10/dist-packages/autorccar_interfaces/autorccar_interfaces_s__rosidl_typesupport_fastrtps_c.cpython-310-aarch64-linux-gnu.so\n'}
[21.944355] (autorccar_interfaces) StdoutLine: {'line': b'-- Set runtime path of "/home/ztl/ROS_humble_LIO/install/autorccar_interfaces/local/lib/python3.10/dist-packages/autorccar_interfaces/autorccar_interfaces_s__rosidl_typesupport_fastrtps_c.cpython-310-aarch64-linux-gnu.so" to ""\n'}
[21.945467] (autorccar_interfaces) StdoutLine: {'line': b'-- Installing: /home/ztl/ROS_humble_LIO/install/autorccar_interfaces/local/lib/python3.10/dist-packages/autorccar_interfaces/autorccar_interfaces_s__rosidl_typesupport_introspection_c.cpython-310-aarch64-linux-gnu.so\n'}
[21.946410] (autorccar_interfaces) StdoutLine: {'line': b'-- Set runtime path of "/home/ztl/ROS_humble_LIO/install/autorccar_interfaces/local/lib/python3.10/dist-packages/autorccar_interfaces/autorccar_interfaces_s__rosidl_typesupport_introspection_c.cpython-310-aarch64-linux-gnu.so" to ""\n'}
[21.947220] (autorccar_interfaces) StdoutLine: {'line': b'-- Installing: /home/ztl/ROS_humble_LIO/install/autorccar_interfaces/local/lib/python3.10/dist-packages/autorccar_interfaces/autorccar_interfaces_s__rosidl_typesupport_c.cpython-310-aarch64-linux-gnu.so\n'}
[21.948073] (autorccar_interfaces) StdoutLine: {'line': b'-- Set runtime path of "/home/ztl/ROS_humble_LIO/install/autorccar_interfaces/local/lib/python3.10/dist-packages/autorccar_interfaces/autorccar_interfaces_s__rosidl_typesupport_c.cpython-310-aarch64-linux-gnu.so" to ""\n'}
[21.948884] (autorccar_interfaces) StdoutLine: {'line': b'-- Installing: /home/ztl/ROS_humble_LIO/install/autorccar_interfaces/lib/libautorccar_interfaces__rosidl_generator_py.so\n'}
[21.949609] (autorccar_interfaces) StdoutLine: {'line': b'-- Set runtime path of "/home/ztl/ROS_humble_LIO/install/autorccar_interfaces/lib/libautorccar_interfaces__rosidl_generator_py.so" to ""\n'}
[21.950356] (autorccar_interfaces) StdoutLine: {'line': b'-- Installing: /home/ztl/ROS_humble_LIO/install/autorccar_interfaces/share/autorccar_interfaces/msg/Imu.idl\n'}
[21.951759] (autorccar_interfaces) StdoutLine: {'line': b'-- Installing: /home/ztl/ROS_humble_LIO/install/autorccar_interfaces/share/autorccar_interfaces/msg/Gnss.idl\n'}
[21.953084] (autorccar_interfaces) StdoutLine: {'line': b'-- Installing: /home/ztl/ROS_humble_LIO/install/autorccar_interfaces/share/autorccar_interfaces/msg/NavState.idl\n'}
[21.954214] (autorccar_interfaces) StdoutLine: {'line': b'-- Installing: /home/ztl/ROS_humble_LIO/install/autorccar_interfaces/share/autorccar_interfaces/msg/ControlCommand.idl\n'}
[21.955380] (autorccar_interfaces) StdoutLine: {'line': b'-- Installing: /home/ztl/ROS_humble_LIO/install/autorccar_interfaces/share/autorccar_interfaces/msg/Path.idl\n'}
[21.956557] (autorccar_interfaces) StdoutLine: {'line': b'-- Installing: /home/ztl/ROS_humble_LIO/install/autorccar_interfaces/share/autorccar_interfaces/msg/PathPoint.idl\n'}
[21.957918] (autorccar_interfaces) StdoutLine: {'line': b'-- Installing: /home/ztl/ROS_humble_LIO/install/autorccar_interfaces/share/autorccar_interfaces/msg/BoundingBoxes.idl\n'}
[21.958950] (autorccar_interfaces) StdoutLine: {'line': b'-- Installing: /home/ztl/ROS_humble_LIO/install/autorccar_interfaces/share/autorccar_interfaces/msg/Imu.msg\n'}
[21.959795] (autorccar_interfaces) StdoutLine: {'line': b'-- Installing: /home/ztl/ROS_humble_LIO/install/autorccar_interfaces/share/autorccar_interfaces/msg/Gnss.msg\n'}
[21.960508] (autorccar_interfaces) StdoutLine: {'line': b'-- Installing: /home/ztl/ROS_humble_LIO/install/autorccar_interfaces/share/autorccar_interfaces/msg/NavState.msg\n'}
[21.961152] (autorccar_interfaces) StdoutLine: {'line': b'-- Installing: /home/ztl/ROS_humble_LIO/install/autorccar_interfaces/share/autorccar_interfaces/msg/ControlCommand.msg\n'}
[21.961829] (autorccar_interfaces) StdoutLine: {'line': b'-- Installing: /home/ztl/ROS_humble_LIO/install/autorccar_interfaces/share/autorccar_interfaces/msg/Path.msg\n'}
[21.962471] (autorccar_interfaces) StdoutLine: {'line': b'-- Installing: /home/ztl/ROS_humble_LIO/install/autorccar_interfaces/share/autorccar_interfaces/msg/PathPoint.msg\n'}
[21.964003] (autorccar_interfaces) StdoutLine: {'line': b'-- Installing: /home/ztl/ROS_humble_LIO/install/autorccar_interfaces/share/autorccar_interfaces/msg/BoundingBoxes.msg\n'}
[21.966411] (autorccar_interfaces) StdoutLine: {'line': b'-- Installing: /home/ztl/ROS_humble_LIO/install/autorccar_interfaces/share/ament_index/resource_index/package_run_dependencies/autorccar_interfaces\n'}
[21.968196] (autorccar_interfaces) StdoutLine: {'line': b'-- Installing: /home/ztl/ROS_humble_LIO/install/autorccar_interfaces/share/ament_index/resource_index/parent_prefix_path/autorccar_interfaces\n'}
[21.969117] (autorccar_interfaces) StdoutLine: {'line': b'-- Installing: /home/ztl/ROS_humble_LIO/install/autorccar_interfaces/share/autorccar_interfaces/environment/ament_prefix_path.sh\n'}
[21.971294] (autorccar_interfaces) StdoutLine: {'line': b'-- Installing: /home/ztl/ROS_humble_LIO/install/autorccar_interfaces/share/autorccar_interfaces/environment/ament_prefix_path.dsv\n'}
[21.974049] (autorccar_interfaces) StdoutLine: {'line': b'-- Installing: /home/ztl/ROS_humble_LIO/install/autorccar_interfaces/share/autorccar_interfaces/environment/path.sh\n'}
[21.974859] (autorccar_interfaces) StdoutLine: {'line': b'-- Installing: /home/ztl/ROS_humble_LIO/install/autorccar_interfaces/share/autorccar_interfaces/environment/path.dsv\n'}
[21.975077] (autorccar_interfaces) StdoutLine: {'line': b'-- Installing: /home/ztl/ROS_humble_LIO/install/autorccar_interfaces/share/autorccar_interfaces/local_setup.bash\n'}
[21.975412] (autorccar_interfaces) StdoutLine: {'line': b'-- Installing: /home/ztl/ROS_humble_LIO/install/autorccar_interfaces/share/autorccar_interfaces/local_setup.sh\n'}
[21.975724] (autorccar_interfaces) StdoutLine: {'line': b'-- Installing: /home/ztl/ROS_humble_LIO/install/autorccar_interfaces/share/autorccar_interfaces/local_setup.zsh\n'}
[21.975896] (autorccar_interfaces) StdoutLine: {'line': b'-- Installing: /home/ztl/ROS_humble_LIO/install/autorccar_interfaces/share/autorccar_interfaces/local_setup.dsv\n'}
[21.976057] (autorccar_interfaces) StdoutLine: {'line': b'-- Installing: /home/ztl/ROS_humble_LIO/install/autorccar_interfaces/share/autorccar_interfaces/package.dsv\n'}
[21.976222] (autorccar_interfaces) StdoutLine: {'line': b'-- Installing: /home/ztl/ROS_humble_LIO/install/autorccar_interfaces/share/ament_index/resource_index/packages/autorccar_interfaces\n'}
[21.976383] (autorccar_interfaces) StdoutLine: {'line': b'-- Installing: /home/ztl/ROS_humble_LIO/install/autorccar_interfaces/share/autorccar_interfaces/cmake/export_autorccar_interfaces__rosidl_generator_cExport.cmake\n'}
[21.976547] (autorccar_interfaces) StdoutLine: {'line': b'-- Installing: /home/ztl/ROS_humble_LIO/install/autorccar_interfaces/share/autorccar_interfaces/cmake/export_autorccar_interfaces__rosidl_generator_cExport-noconfig.cmake\n'}
[21.976706] (autorccar_interfaces) StdoutLine: {'line': b'-- Installing: /home/ztl/ROS_humble_LIO/install/autorccar_interfaces/share/autorccar_interfaces/cmake/export_autorccar_interfaces__rosidl_typesupport_fastrtps_cExport.cmake\n'}
[21.976869] (autorccar_interfaces) StdoutLine: {'line': b'-- Installing: /home/ztl/ROS_humble_LIO/install/autorccar_interfaces/share/autorccar_interfaces/cmake/export_autorccar_interfaces__rosidl_typesupport_fastrtps_cExport-noconfig.cmake\n'}
[21.977245] (autorccar_interfaces) StdoutLine: {'line': b'-- Installing: /home/ztl/ROS_humble_LIO/install/autorccar_interfaces/share/autorccar_interfaces/cmake/export_autorccar_interfaces__rosidl_generator_cppExport.cmake\n'}
[21.977529] (autorccar_interfaces) StdoutLine: {'line': b'-- Installing: /home/ztl/ROS_humble_LIO/install/autorccar_interfaces/share/autorccar_interfaces/cmake/export_autorccar_interfaces__rosidl_typesupport_fastrtps_cppExport.cmake\n'}
[21.977784] (autorccar_interfaces) StdoutLine: {'line': b'-- Installing: /home/ztl/ROS_humble_LIO/install/autorccar_interfaces/share/autorccar_interfaces/cmake/export_autorccar_interfaces__rosidl_typesupport_fastrtps_cppExport-noconfig.cmake\n'}
[21.977958] (autorccar_interfaces) StdoutLine: {'line': b'-- Installing: /home/ztl/ROS_humble_LIO/install/autorccar_interfaces/share/autorccar_interfaces/cmake/autorccar_interfaces__rosidl_typesupport_introspection_cExport.cmake\n'}
[21.978120] (autorccar_interfaces) StdoutLine: {'line': b'-- Installing: /home/ztl/ROS_humble_LIO/install/autorccar_interfaces/share/autorccar_interfaces/cmake/autorccar_interfaces__rosidl_typesupport_introspection_cExport-noconfig.cmake\n'}
[21.978278] (autorccar_interfaces) StdoutLine: {'line': b'-- Installing: /home/ztl/ROS_humble_LIO/install/autorccar_interfaces/share/autorccar_interfaces/cmake/autorccar_interfaces__rosidl_typesupport_cExport.cmake\n'}
[21.978635] (autorccar_interfaces) StdoutLine: {'line': b'-- Installing: /home/ztl/ROS_humble_LIO/install/autorccar_interfaces/share/autorccar_interfaces/cmake/autorccar_interfaces__rosidl_typesupport_cExport-noconfig.cmake\n'}
[21.979380] (autorccar_interfaces) StdoutLine: {'line': b'-- Installing: /home/ztl/ROS_humble_LIO/install/autorccar_interfaces/share/autorccar_interfaces/cmake/autorccar_interfaces__rosidl_typesupport_introspection_cppExport.cmake\n'}
[21.979579] (autorccar_interfaces) StdoutLine: {'line': b'-- Installing: /home/ztl/ROS_humble_LIO/install/autorccar_interfaces/share/autorccar_interfaces/cmake/autorccar_interfaces__rosidl_typesupport_introspection_cppExport-noconfig.cmake\n'}
[21.979807] (autorccar_interfaces) StdoutLine: {'line': b'-- Installing: /home/ztl/ROS_humble_LIO/install/autorccar_interfaces/share/autorccar_interfaces/cmake/autorccar_interfaces__rosidl_typesupport_cppExport.cmake\n'}
[21.980286] (autorccar_interfaces) StdoutLine: {'line': b'-- Installing: /home/ztl/ROS_humble_LIO/install/autorccar_interfaces/share/autorccar_interfaces/cmake/autorccar_interfaces__rosidl_typesupport_cppExport-noconfig.cmake\n'}
[21.980488] (autorccar_interfaces) StdoutLine: {'line': b'-- Installing: /home/ztl/ROS_humble_LIO/install/autorccar_interfaces/share/autorccar_interfaces/cmake/export_autorccar_interfaces__rosidl_generator_pyExport.cmake\n'}
[21.980895] (autorccar_interfaces) StdoutLine: {'line': b'-- Installing: /home/ztl/ROS_humble_LIO/install/autorccar_interfaces/share/autorccar_interfaces/cmake/export_autorccar_interfaces__rosidl_generator_pyExport-noconfig.cmake\n'}
[21.981068] (autorccar_interfaces) StdoutLine: {'line': b'-- Installing: /home/ztl/ROS_humble_LIO/install/autorccar_interfaces/share/autorccar_interfaces/cmake/rosidl_cmake-extras.cmake\n'}
[21.981227] (autorccar_interfaces) StdoutLine: {'line': b'-- Installing: /home/ztl/ROS_humble_LIO/install/autorccar_interfaces/share/autorccar_interfaces/cmake/ament_cmake_export_dependencies-extras.cmake\n'}
[21.981386] (autorccar_interfaces) StdoutLine: {'line': b'-- Installing: /home/ztl/ROS_humble_LIO/install/autorccar_interfaces/share/autorccar_interfaces/cmake/ament_cmake_export_include_directories-extras.cmake\n'}
[21.981541] (autorccar_interfaces) StdoutLine: {'line': b'-- Installing: /home/ztl/ROS_humble_LIO/install/autorccar_interfaces/share/autorccar_interfaces/cmake/ament_cmake_export_libraries-extras.cmake\n'}
[21.981700] (autorccar_interfaces) StdoutLine: {'line': b'-- Installing: /home/ztl/ROS_humble_LIO/install/autorccar_interfaces/share/autorccar_interfaces/cmake/ament_cmake_export_targets-extras.cmake\n'}
[21.981881] (autorccar_interfaces) StdoutLine: {'line': b'-- Installing: /home/ztl/ROS_humble_LIO/install/autorccar_interfaces/share/autorccar_interfaces/cmake/rosidl_cmake_export_typesupport_targets-extras.cmake\n'}
[21.982039] (autorccar_interfaces) StdoutLine: {'line': b'-- Installing: /home/ztl/ROS_humble_LIO/install/autorccar_interfaces/share/autorccar_interfaces/cmake/rosidl_cmake_export_typesupport_libraries-extras.cmake\n'}
[21.982202] (autorccar_interfaces) StdoutLine: {'line': b'-- Installing: /home/ztl/ROS_humble_LIO/install/autorccar_interfaces/share/autorccar_interfaces/cmake/autorccar_interfacesConfig.cmake\n'}
[21.982358] (autorccar_interfaces) StdoutLine: {'line': b'-- Installing: /home/ztl/ROS_humble_LIO/install/autorccar_interfaces/share/autorccar_interfaces/cmake/autorccar_interfacesConfig-version.cmake\n'}
[21.982513] (autorccar_interfaces) StdoutLine: {'line': b'-- Installing: /home/ztl/ROS_humble_LIO/install/autorccar_interfaces/share/autorccar_interfaces/package.xml\n'}
[21.982673] (autorccar_interfaces) CommandEnded: {'returncode': 0}
[22.035050] (-) TimerEvent: {}
[22.064621] (autorccar_interfaces) JobEnded: {'identifier': 'autorccar_interfaces', 'rc': 0}
[22.067306] (lio_sam) JobStarted: {'identifier': 'lio_sam'}
[22.087217] (lio_sam) JobProgress: {'identifier': 'lio_sam', 'progress': 'cmake'}
[22.088122] (lio_sam) Command: {'cmd': ['/usr/bin/cmake', '/home/ztl/ROS_humble_LIO/src/LiDAR_IMU_FUSION_ROS2', '-DCMAKE_INSTALL_PREFIX=/home/ztl/ROS_humble_LIO/install/lio_sam'], 'cwd': '/home/ztl/ROS_humble_LIO/build/lio_sam', 'env': OrderedDict([('LESSOPEN', '| /usr/bin/lesspipe %s'), ('LANGUAGE', 'zh_CN:en'), ('USER', 'ztl'), ('LC_TIME', 'en_US.UTF-8'), ('XDG_SESSION_TYPE', 'x11'), ('SHLVL', '1'), ('LD_LIBRARY_PATH', '/home/ztl/ROS_humble_LIO/install/autorccar_interfaces/lib:/home/ztl/lio-sam/src/LIO/LIO-SAM_MID360_ROS2_PKG/ros2/install/lio_sam/lib:/home/ztl/lio-sam/src/LIO/LIO-SAM_MID360_ROS2_PKG/ros2/install/autorccar_interfaces/lib:/home/ztl/project/install/livox_ros_driver2/lib:/opt/ros/humble/opt/rviz_ogre_vendor/lib:/opt/ros/humble/lib/aarch64-linux-gnu:/opt/ros/humble/lib'), ('HOME', '/home/ztl'), ('MUTTER_DEBUG_ENABLE_ATOMIC_KMS', '0'), ('DESKTOP_SESSION', 'ubuntu'), ('ROS_PYTHON_VERSION', '3'), ('GNOME_SHELL_SESSION_MODE', 'ubuntu'), ('GTK_MODULES', 'gail:atk-bridge'), ('LC_MONETARY', 'en_US.UTF-8'), ('DBUS_STARTER_BUS_TYPE', 'session'), ('SYSTEMD_EXEC_PID', '1138'), ('DBUS_SESSION_BUS_ADDRESS', 'unix:path=/run/user/1000/bus,guid=e38796444bff260aed25fbd367c59363'), ('COLORTERM', 'truecolor'), ('DEBUGINFOD_URLS', ''), ('IM_CONFIG_PHASE', '1'), ('COLCON_PREFIX_PATH', '/home/ztl/pointcloud2pcd/install:/home/ztl/lio-sam/src/LIO/LIO-SAM_MID360_ROS2_PKG/ros2/install:/home/ztl/project/install'), ('ROS_DISTRO', 'humble'), ('GTK_IM_MODULE', 'ibus'), ('LOGNAME', 'ztl'), ('_', '/usr/bin/colcon'), ('ROS_VERSION', '2'), ('XDG_SESSION_CLASS', 'user'), ('USERNAME', 'ztl'), ('TERM', 'xterm-256color'), ('GNOME_DESKTOP_SESSION_ID', 'this-is-deprecated'), ('ROS_LOCALHOST_ONLY', '0'), ('WINDOWPATH', '2'), ('PATH', '/opt/ros/humble/bin:/usr/local/sbin:/usr/local/bin:/usr/sbin:/usr/bin:/sbin:/bin:/usr/games:/usr/local/games:/snap/bin:/snap/bin'), ('SESSION_MANAGER', 'local/3588:@/tmp/.ICE-unix/1138,unix/3588:/tmp/.ICE-unix/1138'), ('PAPERSIZE', 'letter'), ('XDG_MENU_PREFIX', 'gnome-'), ('LC_ADDRESS', 'en_US.UTF-8'), ('GNOME_TERMINAL_SCREEN', '/org/gnome/Terminal/screen/15001a7c_95e8_42c3_83ca_8e6400d20d5f'), ('XDG_RUNTIME_DIR', '/run/user/1000'), ('DISPLAY', ':0'), ('LANG', 'zh_CN.UTF-8'), ('XDG_CURRENT_DESKTOP', 'ubuntu:GNOME'), ('LC_TELEPHONE', 'en_US.UTF-8'), ('XMODIFIERS', '@im=ibus'), ('XDG_SESSION_DESKTOP', 'ubuntu'), ('XAUTHORITY', '/run/user/1000/gdm/Xauthority'), ('LS_COLORS', 'rs=0:di=01;34:ln=01;36:mh=00:pi=40;33:so=01;35:do=01;35:bd=40;33;01:cd=40;33;01:or=40;31;01:mi=00:su=37;41:sg=30;43:ca=30;41:tw=30;42:ow=34;42:st=37;44:ex=01;32:*.tar=01;31:*.tgz=01;31:*.arc=01;31:*.arj=01;31:*.taz=01;31:*.lha=01;31:*.lz4=01;31:*.lzh=01;31:*.lzma=01;31:*.tlz=01;31:*.txz=01;31:*.tzo=01;31:*.t7z=01;31:*.zip=01;31:*.z=01;31:*.dz=01;31:*.gz=01;31:*.lrz=01;31:*.lz=01;31:*.lzo=01;31:*.xz=01;31:*.zst=01;31:*.tzst=01;31:*.bz2=01;31:*.bz=01;31:*.tbz=01;31:*.tbz2=01;31:*.tz=01;31:*.deb=01;31:*.rpm=01;31:*.jar=01;31:*.war=01;31:*.ear=01;31:*.sar=01;31:*.rar=01;31:*.alz=01;31:*.ace=01;31:*.zoo=01;31:*.cpio=01;31:*.7z=01;31:*.rz=01;31:*.cab=01;31:*.wim=01;31:*.swm=01;31:*.dwm=01;31:*.esd=01;31:*.jpg=01;35:*.jpeg=01;35:*.mjpg=01;35:*.mjpeg=01;35:*.gif=01;35:*.bmp=01;35:*.pbm=01;35:*.pgm=01;35:*.ppm=01;35:*.tga=01;35:*.xbm=01;35:*.xpm=01;35:*.tif=01;35:*.tiff=01;35:*.png=01;35:*.svg=01;35:*.svgz=01;35:*.mng=01;35:*.pcx=01;35:*.mov=01;35:*.mpg=01;35:*.mpeg=01;35:*.m2v=01;35:*.mkv=01;35:*.webm=01;35:*.webp=01;35:*.ogm=01;35:*.mp4=01;35:*.m4v=01;35:*.mp4v=01;35:*.vob=01;35:*.qt=01;35:*.nuv=01;35:*.wmv=01;35:*.asf=01;35:*.rm=01;35:*.rmvb=01;35:*.flc=01;35:*.avi=01;35:*.fli=01;35:*.flv=01;35:*.gl=01;35:*.dl=01;35:*.xcf=01;35:*.xwd=01;35:*.yuv=01;35:*.cgm=01;35:*.emf=01;35:*.ogv=01;35:*.ogx=01;35:*.aac=00;36:*.au=00;36:*.flac=00;36:*.m4a=00;36:*.mid=00;36:*.midi=00;36:*.mka=00;36:*.mp3=00;36:*.mpc=00;36:*.ogg=00;36:*.ra=00;36:*.wav=00;36:*.oga=00;36:*.opus=00;36:*.spx=00;36:*.xspf=00;36:'), ('GNOME_TERMINAL_SERVICE', ':1.95'), ('SSH_AGENT_LAUNCHER', 'gnome-keyring'), ('SSH_AUTH_SOCK', '/run/user/1000/keyring/ssh'), ('AMENT_PREFIX_PATH', '/home/ztl/ROS_humble_LIO/install/autorccar_interfaces:/home/ztl/pointcloud2pcd/install/pointcloud2_to_pcd:/home/ztl/lio-sam/src/LIO/LIO-SAM_MID360_ROS2_PKG/ros2/install/lio_sam:/home/ztl/lio-sam/src/LIO/LIO-SAM_MID360_ROS2_PKG/ros2/install/autorccar_interfaces:/home/ztl/project/install/livox_ros_driver2:/opt/ros/humble'), ('SHELL', '/bin/bash'), ('LC_NAME', 'en_US.UTF-8'), ('CLUTTER_PAINT', 'disable-dynamic-max-render-time'), ('QT_ACCESSIBILITY', '1'), ('GDMSESSION', 'ubuntu'), ('LESSCLOSE', '/usr/bin/lesspipe %s %s'), ('LC_MEASUREMENT', 'en_US.UTF-8'), ('GPG_AGENT_INFO', '/run/user/1000/gnupg/S.gpg-agent:0:1'), ('LC_IDENTIFICATION', 'en_US.UTF-8'), ('MUTTER_DEBUG_FORCE_KMS_MODE', 'simple'), ('QT_IM_MODULE', 'ibus'), ('PWD', '/home/ztl/ROS_humble_LIO/build/lio_sam'), ('XDG_CONFIG_DIRS', '/etc/xdg/xdg-ubuntu:/etc/xdg'), ('DBUS_STARTER_ADDRESS', 'unix:path=/run/user/1000/bus,guid=e38796444bff260aed25fbd367c59363'), ('XDG_DATA_DIRS', '/usr/share/ubuntu:/usr/share/gnome:/usr/local/share/:/usr/share/:/var/lib/snapd/desktop'), ('PYTHONPATH', '/home/ztl/ROS_humble_LIO/install/autorccar_interfaces/local/lib/python3.10/dist-packages:/home/ztl/lio-sam/src/LIO/LIO-SAM_MID360_ROS2_PKG/ros2/install/lio_sam/local/lib/python3.10/dist-packages:/home/ztl/lio-sam/src/LIO/LIO-SAM_MID360_ROS2_PKG/ros2/install/autorccar_interfaces/local/lib/python3.10/dist-packages:/home/ztl/project/install/livox_ros_driver2/local/lib/python3.10/dist-packages:/opt/ros/humble/lib/python3.10/site-packages:/opt/ros/humble/local/lib/python3.10/dist-packages'), ('LC_NUMERIC', 'en_US.UTF-8'), ('LC_PAPER', 'en_US.UTF-8'), ('COLCON', '1'), ('VTE_VERSION', '6800'), ('CMAKE_PREFIX_PATH', '/home/ztl/ROS_humble_LIO/install/autorccar_interfaces:/home/ztl/pointcloud2pcd/install/pointcloud2_to_pcd:/home/ztl/lio-sam/src/LIO/LIO-SAM_MID360_ROS2_PKG/ros2/install/lio_sam:/home/ztl/lio-sam/src/LIO/LIO-SAM_MID360_ROS2_PKG/ros2/install/autorccar_interfaces:/home/ztl/project/install/livox_ros_driver2:/opt/ros/humble')]), 'shell': False}
[22.135192] (-) TimerEvent: {}
[22.235659] (-) TimerEvent: {}
[22.281693] (lio_sam) StdoutLine: {'line': b'-- The C compiler identification is GNU 11.4.0\n'}
[22.335974] (-) TimerEvent: {}
[22.417901] (lio_sam) StdoutLine: {'line': b'-- The CXX compiler identification is GNU 11.4.0\n'}
[22.434441] (lio_sam) StdoutLine: {'line': b'-- Detecting C compiler ABI info\n'}
[22.436105] (-) TimerEvent: {}
[22.536885] (-) TimerEvent: {}
[22.637351] (-) TimerEvent: {}
[22.676046] (lio_sam) StdoutLine: {'line': b'-- Detecting C compiler ABI info - done\n'}
[22.700241] (lio_sam) StdoutLine: {'line': b'-- Check for working C compiler: /usr/bin/cc - skipped\n'}
[22.701032] (lio_sam) StdoutLine: {'line': b'-- Detecting C compile features\n'}
[22.702217] (lio_sam) StdoutLine: {'line': b'-- Detecting C compile features - done\n'}
[22.710824] (lio_sam) StdoutLine: {'line': b'-- Detecting CXX compiler ABI info\n'}
[22.737485] (-) TimerEvent: {}
[22.837953] (-) TimerEvent: {}
[22.888103] (lio_sam) StdoutLine: {'line': b'-- Detecting CXX compiler ABI info - done\n'}
[22.938075] (-) TimerEvent: {}
[22.946891] (lio_sam) StdoutLine: {'line': b'-- Check for working CXX compiler: /usr/bin/c++ - skipped\n'}
[22.947572] (lio_sam) StdoutLine: {'line': b'-- Detecting CXX compile features\n'}
[22.948913] (lio_sam) StdoutLine: {'line': b'-- Detecting CXX compile features - done\n'}
[22.954862] (lio_sam) StdoutLine: {'line': b'-- Found ament_cmake: 1.3.11 (/opt/ros/humble/share/ament_cmake/cmake)\n'}
[23.038202] (-) TimerEvent: {}
[23.138837] (-) TimerEvent: {}
[23.239801] (-) TimerEvent: {}
[23.340746] (-) TimerEvent: {}
[23.401576] (lio_sam) StdoutLine: {'line': b'-- Found Python3: /usr/bin/python3 (found version "3.10.12") found components: Interpreter \n'}
[23.440953] (-) TimerEvent: {}
[23.541839] (-) TimerEvent: {}
[23.640830] (lio_sam) StdoutLine: {'line': b'-- Found rosidl_default_generators: 1.2.0 (/opt/ros/humble/share/rosidl_default_generators/cmake)\n'}
[23.641960] (-) TimerEvent: {}
[23.650210] (lio_sam) StdoutLine: {'line': b'-- Using all available rosidl_typesupport_c: rosidl_typesupport_fastrtps_c;rosidl_typesupport_introspection_c\n'}
[23.667822] (lio_sam) StdoutLine: {'line': b'-- Found rosidl_adapter: 3.1.6 (/opt/ros/humble/share/rosidl_adapter/cmake)\n'}
[23.742081] (-) TimerEvent: {}
[23.783343] (lio_sam) StdoutLine: {'line': b'-- Using all available rosidl_typesupport_cpp: rosidl_typesupport_fastrtps_cpp;rosidl_typesupport_introspection_cpp\n'}
[23.842215] (-) TimerEvent: {}
[23.884642] (lio_sam) StdoutLine: {'line': b'-- Found rclcpp: 16.0.11 (/opt/ros/humble/share/rclcpp/cmake)\n'}
[23.942358] (-) TimerEvent: {}
[24.042841] (-) TimerEvent: {}
[24.058217] (lio_sam) StdoutLine: {'line': b'-- Found rmw_implementation_cmake: 6.1.2 (/opt/ros/humble/share/rmw_implementation_cmake/cmake)\n'}
[24.067533] (lio_sam) StdoutLine: {'line': b'-- Found rmw_fastrtps_cpp: 6.2.7 (/opt/ros/humble/share/rmw_fastrtps_cpp/cmake)\n'}
[24.142971] (-) TimerEvent: {}
[24.243430] (-) TimerEvent: {}
[24.333625] (lio_sam) StdoutLine: {'line': b'-- Found OpenSSL: /usr/lib/aarch64-linux-gnu/libcrypto.so (found version "3.0.2")  \n'}
[24.343569] (-) TimerEvent: {}
[24.412315] (lio_sam) StdoutLine: {'line': b'-- Found FastRTPS: /opt/ros/humble/include  \n'}
[24.443698] (-) TimerEvent: {}
[24.523637] (lio_sam) StdoutLine: {'line': b"-- Using RMW implementation 'rmw_fastrtps_cpp' as default\n"}
[24.543960] (-) TimerEvent: {}
[24.550622] (lio_sam) StdoutLine: {'line': b'-- Looking for pthread.h\n'}
[24.644051] (-) TimerEvent: {}
[24.744511] (-) TimerEvent: {}
[24.756845] (lio_sam) StdoutLine: {'line': b'-- Looking for pthread.h - found\n'}
[24.757325] (lio_sam) StdoutLine: {'line': b'-- Performing Test CMAKE_HAVE_LIBC_PTHREAD\n'}
[24.844652] (-) TimerEvent: {}
[24.945177] (-) TimerEvent: {}
[24.945769] (lio_sam) StdoutLine: {'line': b'-- Performing Test CMAKE_HAVE_LIBC_PTHREAD - Success\n'}
[24.948462] (lio_sam) StdoutLine: {'line': b'-- Found Threads: TRUE  \n'}
[25.045304] (-) TimerEvent: {}
[25.139009] (lio_sam) StdoutLine: {'line': b'-- Found rclpy: 3.3.15 (/opt/ros/humble/share/rclpy/cmake)\n'}
[25.143583] (lio_sam) StdoutLine: {'line': b'-- Found cv_bridge: 3.2.1 (/opt/ros/humble/share/cv_bridge/cmake)\n'}
[25.145396] (-) TimerEvent: {}
[25.245860] (-) TimerEvent: {}
[25.293543] (lio_sam) StdoutLine: {'line': b'-- Found nav_msgs: 4.2.4 (/opt/ros/humble/share/nav_msgs/cmake)\n'}
[25.345987] (-) TimerEvent: {}
[25.358165] (lio_sam) StdoutLine: {'line': b'-- Found visualization_msgs: 4.2.4 (/opt/ros/humble/share/visualization_msgs/cmake)\n'}
[25.435465] (lio_sam) StdoutLine: {'line': b'-- Found pcl_conversions: 2.4.5 (/opt/ros/humble/share/pcl_conversions/cmake)\n'}
[25.446248] (-) TimerEvent: {}
[25.547233] (-) TimerEvent: {}
[25.559103] (lio_sam) StdoutLine: {'line': b"-- Checking for module 'eigen3'\n"}
[25.591279] (lio_sam) StdoutLine: {'line': b'--   Found eigen3, version 3.4.0\n'}
[25.647552] (-) TimerEvent: {}
[25.653626] (lio_sam) StdoutLine: {'line': b'-- Found Eigen: /usr/include/eigen3 (Required is at least version "3.1") \n'}
[25.654585] (lio_sam) StdoutLine: {'line': b'-- Eigen found (include: /usr/include/eigen3, version: 3.4.0)\n'}
[25.747677] (-) TimerEvent: {}
[25.758971] (lio_sam) StdoutLine: {'line': b"-- Checking for module 'flann'\n"}
[25.785920] (lio_sam) StdoutLine: {'line': b'--   Found flann, version 1.9.1\n'}
[25.847824] (-) TimerEvent: {}
[25.875809] (lio_sam) StdoutLine: {'line': b'-- Found FLANN: /usr/lib/aarch64-linux-gnu/libflann_cpp.so  \n'}
[25.876220] (lio_sam) StdoutLine: {'line': b'-- FLANN found (include: /usr/include, lib: /usr/lib/aarch64-linux-gnu/libflann_cpp.so)\n'}
[25.947957] (-) TimerEvent: {}
[26.048591] (-) TimerEvent: {}
[26.150790] (-) TimerEvent: {}
[26.251657] (-) TimerEvent: {}
[26.352181] (-) TimerEvent: {}
[26.452654] (-) TimerEvent: {}
[26.553119] (-) TimerEvent: {}
[26.653579] (-) TimerEvent: {}
[26.754060] (-) TimerEvent: {}
[26.854576] (-) TimerEvent: {}
[26.955144] (-) TimerEvent: {}
[27.055776] (-) TimerEvent: {}
[27.156831] (-) TimerEvent: {}
[27.257335] (-) TimerEvent: {}
[27.357814] (-) TimerEvent: {}
[27.458422] (-) TimerEvent: {}
[27.559542] (-) TimerEvent: {}
[27.660393] (-) TimerEvent: {}
[27.760868] (-) TimerEvent: {}
[27.861436] (-) TimerEvent: {}
[27.962684] (-) TimerEvent: {}
[28.063682] (-) TimerEvent: {}
[28.164678] (-) TimerEvent: {}
[28.265190] (-) TimerEvent: {}
[28.365709] (-) TimerEvent: {}
[28.466190] (-) TimerEvent: {}
[28.566684] (-) TimerEvent: {}
[28.667247] (-) TimerEvent: {}
[28.768276] (-) TimerEvent: {}
[28.843026] (lio_sam) StdoutLine: {'line': b"-- Checking for module 'libusb-1.0'\n"}
[28.868538] (-) TimerEvent: {}
[28.873008] (lio_sam) StdoutLine: {'line': b'--   Found libusb-1.0, version 1.0.25\n'}
[28.968742] (-) TimerEvent: {}
[29.002117] (lio_sam) StdoutLine: {'line': b'-- Found libusb: /usr/lib/aarch64-linux-gnu/libusb-1.0.so  \n'}
[29.010169] (lio_sam) StdoutLine: {'line': b'-- OpenNI found (version: 1.5.4.0, include: /usr/include/ni, lib: /usr/lib/libOpenNI.so;libusb::libusb)\n'}
[29.068847] (-) TimerEvent: {}
[29.169296] (lio_sam) StdoutLine: {'line': b'-- OpenNI2 found (version: 2.2.0.33, include: /usr/include/openni2, lib: /usr/lib/aarch64-linux-gnu/libOpenNI2.so;libusb::libusb)\n'}
[29.170239] (-) TimerEvent: {}
[29.271067] (-) TimerEvent: {}
[29.372124] (-) TimerEvent: {}
[29.472993] (-) TimerEvent: {}
[29.573516] (-) TimerEvent: {}
[29.673983] (-) TimerEvent: {}
[29.677559] (lio_sam) StdoutLine: {'line': b'-- Eigen found (include: /usr/include/eigen3, version: 3.4.0)\n'}
[29.693392] (lio_sam) StdoutLine: {'line': b'-- OpenNI found (version: 1.5.4.0, include: /usr/include/ni, lib: /usr/lib/libOpenNI.so;libusb::libusb)\n'}
[29.713762] (lio_sam) StdoutLine: {'line': b'-- OpenNI2 found (version: 2.2.0.33, include: /usr/include/openni2, lib: /usr/lib/aarch64-linux-gnu/libOpenNI2.so;libusb::libusb)\n'}
[29.774109] (-) TimerEvent: {}
[29.874585] (-) TimerEvent: {}
[29.975058] (-) TimerEvent: {}
[30.075561] (-) TimerEvent: {}
[30.176040] (-) TimerEvent: {}
[30.198829] (lio_sam) StdoutLine: {'line': b'-- Found Qhull version 8.0.2\n'}
[30.276288] (-) TimerEvent: {}
[30.377237] (-) TimerEvent: {}
[30.478077] (-) TimerEvent: {}
[30.578685] (-) TimerEvent: {}
[30.679140] (-) TimerEvent: {}
[30.697043] (lio_sam) StdoutLine: {'line': b'-- OpenNI found (version: 1.5.4.0, include: /usr/include/ni, lib: /usr/lib/libOpenNI.so;libusb::libusb)\n'}
[30.779268] (-) TimerEvent: {}
[30.879734] (-) TimerEvent: {}
[30.980203] (-) TimerEvent: {}
[31.080762] (-) TimerEvent: {}
[31.176734] (lio_sam) StdoutLine: {'line': b'-- Found PCL_COMMON: /usr/lib/aarch64-linux-gnu/libpcl_common.so  \n'}
[31.180303] (lio_sam) StdoutLine: {'line': b'-- Found PCL_KDTREE: /usr/lib/aarch64-linux-gnu/libpcl_kdtree.so  \n'}
[31.181116] (-) TimerEvent: {}
[31.183224] (lio_sam) StdoutLine: {'line': b'-- Found PCL_OCTREE: /usr/lib/aarch64-linux-gnu/libpcl_octree.so  \n'}
[31.186191] (lio_sam) StdoutLine: {'line': b'-- Found PCL_SEARCH: /usr/lib/aarch64-linux-gnu/libpcl_search.so  \n'}
[31.190180] (lio_sam) StdoutLine: {'line': b'-- Found PCL_SAMPLE_CONSENSUS: /usr/lib/aarch64-linux-gnu/libpcl_sample_consensus.so  \n'}
[31.194004] (lio_sam) StdoutLine: {'line': b'-- Found PCL_FILTERS: /usr/lib/aarch64-linux-gnu/libpcl_filters.so  \n'}
[31.195259] (lio_sam) StdoutLine: {'line': b'-- Found PCL_2D: /usr/include/pcl-1.12  \n'}
[31.196446] (lio_sam) StdoutLine: {'line': b'-- Found PCL_GEOMETRY: /usr/include/pcl-1.12  \n'}
[31.199696] (lio_sam) StdoutLine: {'line': b'-- Found PCL_IO: /usr/lib/aarch64-linux-gnu/libpcl_io.so  \n'}
[31.203796] (lio_sam) StdoutLine: {'line': b'-- Found PCL_FEATURES: /usr/lib/aarch64-linux-gnu/libpcl_features.so  \n'}
[31.207244] (lio_sam) StdoutLine: {'line': b'-- Found PCL_ML: /usr/lib/aarch64-linux-gnu/libpcl_ml.so  \n'}
[31.210286] (lio_sam) StdoutLine: {'line': b'-- Found PCL_SEGMENTATION: /usr/lib/aarch64-linux-gnu/libpcl_segmentation.so  \n'}
[31.214173] (lio_sam) StdoutLine: {'line': b'-- Found PCL_VISUALIZATION: /usr/lib/aarch64-linux-gnu/libpcl_visualization.so  \n'}
[31.218452] (lio_sam) StdoutLine: {'line': b'-- Found PCL_SURFACE: /usr/lib/aarch64-linux-gnu/libpcl_surface.so  \n'}
[31.221887] (lio_sam) StdoutLine: {'line': b'-- Found PCL_REGISTRATION: /usr/lib/aarch64-linux-gnu/libpcl_registration.so  \n'}
[31.225207] (lio_sam) StdoutLine: {'line': b'-- Found PCL_KEYPOINTS: /usr/lib/aarch64-linux-gnu/libpcl_keypoints.so  \n'}
[31.229151] (lio_sam) StdoutLine: {'line': b'-- Found PCL_TRACKING: /usr/lib/aarch64-linux-gnu/libpcl_tracking.so  \n'}
[31.232615] (lio_sam) StdoutLine: {'line': b'-- Found PCL_RECOGNITION: /usr/lib/aarch64-linux-gnu/libpcl_recognition.so  \n'}
[31.236867] (lio_sam) StdoutLine: {'line': b'-- Found PCL_STEREO: /usr/lib/aarch64-linux-gnu/libpcl_stereo.so  \n'}
[31.240935] (lio_sam) StdoutLine: {'line': b'-- Found PCL_APPS: /usr/lib/aarch64-linux-gnu/libpcl_apps.so  \n'}
[31.243601] (lio_sam) StdoutLine: {'line': b'-- Found PCL_IN_HAND_SCANNER: /usr/include/pcl-1.12  \n'}
[31.244600] (lio_sam) StdoutLine: {'line': b'-- Found PCL_MODELER: /usr/include/pcl-1.12  \n'}
[31.246037] (lio_sam) StdoutLine: {'line': b'-- Found PCL_POINT_CLOUD_EDITOR: /usr/include/pcl-1.12  \n'}
[31.249518] (lio_sam) StdoutLine: {'line': b'-- Found PCL_OUTOFCORE: /usr/lib/aarch64-linux-gnu/libpcl_outofcore.so  \n'}
[31.253028] (lio_sam) StdoutLine: {'line': b'-- Found PCL_PEOPLE: /usr/lib/aarch64-linux-gnu/libpcl_people.so  \n'}
[31.265222] (lio_sam) StdoutLine: {'line': b'-- Found tf2: 0.25.12 (/opt/ros/humble/share/tf2/cmake)\n'}
[31.281220] (-) TimerEvent: {}
[31.297138] (lio_sam) StdoutLine: {'line': b'-- Found tf2_geometry_msgs: 0.25.12 (/opt/ros/humble/share/tf2_geometry_msgs/cmake)\n'}
[31.338719] (lio_sam) StdoutLine: {'line': b'-- Found eigen3_cmake_module: 0.1.1 (/opt/ros/humble/share/eigen3_cmake_module/cmake)\n'}
[31.343409] (lio_sam) StdoutLine: {'line': b'-- Found Eigen3: TRUE (found version "3.4.0") \n'}
[31.343811] (lio_sam) StdoutLine: {'line': b'-- Ensuring Eigen3 include directory is part of orocos-kdl CMake target\n'}
[31.381364] (-) TimerEvent: {}
[31.481968] (-) TimerEvent: {}
[31.582971] (-) TimerEvent: {}
[31.671653] (lio_sam) StdoutLine: {'line': b'-- Found tf2_sensor_msgs: 0.25.12 (/opt/ros/humble/share/tf2_sensor_msgs/cmake)\n'}
[31.683146] (-) TimerEvent: {}
[31.688844] (lio_sam) StdoutLine: {'line': b'-- Found tf2_eigen: 0.25.12 (/opt/ros/humble/share/tf2_eigen/cmake)\n'}
[31.710754] (lio_sam) StdoutLine: {'line': b'-- Found OpenCV: /usr (found version "4.5.4") \n'}
[31.783427] (-) TimerEvent: {}
[31.797424] (lio_sam) StdoutLine: {'line': b'-- Found Boost: /usr/lib/aarch64-linux-gnu/cmake/Boost-1.74.0/BoostConfig.cmake (found suitable version "1.74.0", minimum required is "1.65") found components: serialization system filesystem thread program_options date_time timer chrono regex \n'}
[31.808262] (lio_sam) StdoutLine: {'line': b'-- GTSAM include directory:  /opt/ros/humble/lib/cmake/GTSAM/../../../include\n'}
[31.823667] (lio_sam) StdoutLine: {'line': b'-- Found Eigen: /usr/include/eigen3  \n'}
[31.824127] (lio_sam) StdoutLine: {'line': b'-- Eigen found (include: /usr/include/eigen3, version: 3.4.0)\n'}
[31.883516] (-) TimerEvent: {}
[31.983998] (-) TimerEvent: {}
[32.084470] (-) TimerEvent: {}
[32.185040] (-) TimerEvent: {}
[32.286046] (-) TimerEvent: {}
[32.386958] (-) TimerEvent: {}
[32.487440] (-) TimerEvent: {}
[32.521093] (lio_sam) StdoutLine: {'line': b'-- Found OpenMP_C: -fopenmp (found version "4.5") \n'}
[32.587671] (-) TimerEvent: {}
[32.688635] (-) TimerEvent: {}
[32.780950] (lio_sam) StdoutLine: {'line': b'-- Found OpenMP_CXX: -fopenmp (found version "4.5") \n'}
[32.783633] (lio_sam) StdoutLine: {'line': b'-- Found OpenMP: TRUE (found version "4.5")  \n'}
[32.788711] (-) TimerEvent: {}
[32.791715] (lio_sam) StdoutLine: {'line': b'-- Found livox_ros_driver2: 1.0.0 (/home/ztl/project/install/livox_ros_driver2/share/livox_ros_driver2/cmake)\n'}
[32.888843] (-) TimerEvent: {}
[32.891389] (lio_sam) StdoutLine: {'line': b'-- Found autorccar_interfaces: 0.0.0 (/home/ztl/ROS_humble_LIO/install/autorccar_interfaces/share/autorccar_interfaces/cmake)\n'}
[32.988965] (-) TimerEvent: {}
[33.089496] (-) TimerEvent: {}
[33.190567] (-) TimerEvent: {}
[33.291699] (-) TimerEvent: {}
[33.392702] (-) TimerEvent: {}
[33.493684] (-) TimerEvent: {}
[33.594640] (-) TimerEvent: {}
[33.695561] (-) TimerEvent: {}
[33.796021] (-) TimerEvent: {}
[33.896466] (-) TimerEvent: {}
[33.949804] (lio_sam) StdoutLine: {'line': b'-- Found ament_cmake_ros: 0.10.0 (/opt/ros/humble/share/ament_cmake_ros/cmake)\n'}
[33.996604] (-) TimerEvent: {}
[34.097089] (-) TimerEvent: {}
[34.197569] (-) TimerEvent: {}
[34.298032] (-) TimerEvent: {}
[34.398514] (-) TimerEvent: {}
[34.498992] (-) TimerEvent: {}
[34.599573] (-) TimerEvent: {}
[34.700488] (-) TimerEvent: {}
[34.800953] (-) TimerEvent: {}
[34.843050] (lio_sam) StdoutLine: {'line': b'-- Using all available rosidl_typesupport_c: rosidl_typesupport_fastrtps_c;rosidl_typesupport_introspection_c\n'}
[34.901086] (-) TimerEvent: {}
[35.001540] (-) TimerEvent: {}
[35.102021] (-) TimerEvent: {}
[35.202537] (-) TimerEvent: {}
[35.303057] (-) TimerEvent: {}
[35.403505] (-) TimerEvent: {}
[35.504014] (-) TimerEvent: {}
[35.604474] (-) TimerEvent: {}
[35.704944] (-) TimerEvent: {}
[35.805431] (-) TimerEvent: {}
[35.905907] (-) TimerEvent: {}
[36.000090] (lio_sam) StdoutLine: {'line': b'-- Using all available rosidl_typesupport_cpp: rosidl_typesupport_fastrtps_cpp;rosidl_typesupport_introspection_cpp\n'}
[36.006011] (-) TimerEvent: {}
[36.077434] (lio_sam) StdoutLine: {'line': b'-- Found PythonInterp: /usr/bin/python3 (found suitable version "3.10.12", minimum required is "3.6") \n'}
[36.081296] (lio_sam) StdoutLine: {'line': b'-- Found python_cmake_module: 0.10.0 (/opt/ros/humble/share/python_cmake_module/cmake)\n'}
[36.106141] (-) TimerEvent: {}
[36.173059] (lio_sam) StdoutLine: {'line': b'-- Found PythonLibs: /usr/lib/aarch64-linux-gnu/libpython3.10.so (found suitable version "3.10.12", minimum required is "3.5") \n'}
[36.174098] (lio_sam) StdoutLine: {'line': b'-- Using PYTHON_EXECUTABLE: /usr/bin/python3\n'}
[36.174852] (lio_sam) StdoutLine: {'line': b'-- Using PYTHON_INCLUDE_DIRS: /usr/include/python3.10\n'}
[36.175603] (lio_sam) StdoutLine: {'line': b'-- Using PYTHON_LIBRARIES: /usr/lib/aarch64-linux-gnu/libpython3.10.so\n'}
[36.206376] (-) TimerEvent: {}
[36.234752] (lio_sam) StdoutLine: {'line': b'-- Found PythonExtra: .so  \n'}
[36.306600] (-) TimerEvent: {}
[36.407525] (-) TimerEvent: {}
[36.508458] (-) TimerEvent: {}
[36.609377] (-) TimerEvent: {}
[36.710190] (-) TimerEvent: {}
[36.715169] (lio_sam) StdoutLine: {'line': b'-- Found ament_lint_auto: 0.12.11 (/opt/ros/humble/share/ament_lint_auto/cmake)\n'}
[36.768921] (lio_sam) StdoutLine: {'line': b"-- Added test 'copyright' to check source files copyright and LICENSE\n"}
[36.772542] (lio_sam) StdoutLine: {'line': b"-- Added test 'cppcheck' to perform static code analysis on C / C++ code\n"}
[36.778801] (lio_sam) StdoutLine: {'line': b'-- Configured cppcheck include dirs: /home/ztl/ROS_humble_LIO/src/LiDAR_IMU_FUSION_ROS2/include/lio_sam\n'}
[36.779165] (lio_sam) StdoutLine: {'line': b'-- Configured cppcheck exclude dirs and/or files: \n'}
[36.781681] (lio_sam) StdoutLine: {'line': b"-- Added test 'cpplint' to check C / C++ code against the Google style\n"}
[36.782071] (lio_sam) StdoutLine: {'line': b'-- Configured cpplint exclude dirs and/or files: \n'}
[36.783176] (lio_sam) StdoutLine: {'line': b"-- Added test 'flake8' to check Python code syntax and style conventions\n"}
[36.784773] (lio_sam) StdoutLine: {'line': b"-- Added test 'lint_cmake' to check CMake code style\n"}
[36.786139] (lio_sam) StdoutLine: {'line': b"-- Added test 'pep257' to check Python code against some of the docstring style conventions in PEP 257\n"}
[36.788926] (lio_sam) StdoutLine: {'line': b"-- Added test 'uncrustify' to check C / C++ code style\n"}
[36.789175] (lio_sam) StdoutLine: {'line': b'-- Configured uncrustify additional arguments: \n'}
[36.790302] (lio_sam) StdoutLine: {'line': b"-- Added test 'xmllint' to check XML markup files\n"}
[36.796342] (lio_sam) StdoutLine: {'line': b'-- Configuring done\n'}
[36.810322] (-) TimerEvent: {}
[36.910801] (-) TimerEvent: {}
[37.011284] (-) TimerEvent: {}
[37.111938] (-) TimerEvent: {}
[37.212912] (-) TimerEvent: {}
[37.292155] (lio_sam) StdoutLine: {'line': b'-- Generating done\n'}
[37.313129] (-) TimerEvent: {}
[37.413969] (-) TimerEvent: {}
[37.441705] (lio_sam) StdoutLine: {'line': b'-- Build files have been written to: /home/ztl/ROS_humble_LIO/build/lio_sam\n'}
[37.507563] (lio_sam) CommandEnded: {'returncode': 0}
[37.509978] (lio_sam) JobProgress: {'identifier': 'lio_sam', 'progress': 'build'}
[37.511803] (lio_sam) Command: {'cmd': ['/usr/bin/cmake', '--build', '/home/ztl/ROS_humble_LIO/build/lio_sam', '--', '-j8', '-l8'], 'cwd': '/home/ztl/ROS_humble_LIO/build/lio_sam', 'env': OrderedDict([('LESSOPEN', '| /usr/bin/lesspipe %s'), ('LANGUAGE', 'zh_CN:en'), ('USER', 'ztl'), ('LC_TIME', 'en_US.UTF-8'), ('XDG_SESSION_TYPE', 'x11'), ('SHLVL', '1'), ('LD_LIBRARY_PATH', '/home/ztl/ROS_humble_LIO/install/autorccar_interfaces/lib:/home/ztl/lio-sam/src/LIO/LIO-SAM_MID360_ROS2_PKG/ros2/install/lio_sam/lib:/home/ztl/lio-sam/src/LIO/LIO-SAM_MID360_ROS2_PKG/ros2/install/autorccar_interfaces/lib:/home/ztl/project/install/livox_ros_driver2/lib:/opt/ros/humble/opt/rviz_ogre_vendor/lib:/opt/ros/humble/lib/aarch64-linux-gnu:/opt/ros/humble/lib'), ('HOME', '/home/ztl'), ('MUTTER_DEBUG_ENABLE_ATOMIC_KMS', '0'), ('DESKTOP_SESSION', 'ubuntu'), ('ROS_PYTHON_VERSION', '3'), ('GNOME_SHELL_SESSION_MODE', 'ubuntu'), ('GTK_MODULES', 'gail:atk-bridge'), ('LC_MONETARY', 'en_US.UTF-8'), ('DBUS_STARTER_BUS_TYPE', 'session'), ('SYSTEMD_EXEC_PID', '1138'), ('DBUS_SESSION_BUS_ADDRESS', 'unix:path=/run/user/1000/bus,guid=e38796444bff260aed25fbd367c59363'), ('COLORTERM', 'truecolor'), ('DEBUGINFOD_URLS', ''), ('IM_CONFIG_PHASE', '1'), ('COLCON_PREFIX_PATH', '/home/ztl/pointcloud2pcd/install:/home/ztl/lio-sam/src/LIO/LIO-SAM_MID360_ROS2_PKG/ros2/install:/home/ztl/project/install'), ('ROS_DISTRO', 'humble'), ('GTK_IM_MODULE', 'ibus'), ('LOGNAME', 'ztl'), ('_', '/usr/bin/colcon'), ('ROS_VERSION', '2'), ('XDG_SESSION_CLASS', 'user'), ('USERNAME', 'ztl'), ('TERM', 'xterm-256color'), ('GNOME_DESKTOP_SESSION_ID', 'this-is-deprecated'), ('ROS_LOCALHOST_ONLY', '0'), ('WINDOWPATH', '2'), ('PATH', '/opt/ros/humble/bin:/usr/local/sbin:/usr/local/bin:/usr/sbin:/usr/bin:/sbin:/bin:/usr/games:/usr/local/games:/snap/bin:/snap/bin'), ('SESSION_MANAGER', 'local/3588:@/tmp/.ICE-unix/1138,unix/3588:/tmp/.ICE-unix/1138'), ('PAPERSIZE', 'letter'), ('XDG_MENU_PREFIX', 'gnome-'), ('LC_ADDRESS', 'en_US.UTF-8'), ('GNOME_TERMINAL_SCREEN', '/org/gnome/Terminal/screen/15001a7c_95e8_42c3_83ca_8e6400d20d5f'), ('XDG_RUNTIME_DIR', '/run/user/1000'), ('DISPLAY', ':0'), ('LANG', 'zh_CN.UTF-8'), ('XDG_CURRENT_DESKTOP', 'ubuntu:GNOME'), ('LC_TELEPHONE', 'en_US.UTF-8'), ('XMODIFIERS', '@im=ibus'), ('XDG_SESSION_DESKTOP', 'ubuntu'), ('XAUTHORITY', '/run/user/1000/gdm/Xauthority'), ('LS_COLORS', 'rs=0:di=01;34:ln=01;36:mh=00:pi=40;33:so=01;35:do=01;35:bd=40;33;01:cd=40;33;01:or=40;31;01:mi=00:su=37;41:sg=30;43:ca=30;41:tw=30;42:ow=34;42:st=37;44:ex=01;32:*.tar=01;31:*.tgz=01;31:*.arc=01;31:*.arj=01;31:*.taz=01;31:*.lha=01;31:*.lz4=01;31:*.lzh=01;31:*.lzma=01;31:*.tlz=01;31:*.txz=01;31:*.tzo=01;31:*.t7z=01;31:*.zip=01;31:*.z=01;31:*.dz=01;31:*.gz=01;31:*.lrz=01;31:*.lz=01;31:*.lzo=01;31:*.xz=01;31:*.zst=01;31:*.tzst=01;31:*.bz2=01;31:*.bz=01;31:*.tbz=01;31:*.tbz2=01;31:*.tz=01;31:*.deb=01;31:*.rpm=01;31:*.jar=01;31:*.war=01;31:*.ear=01;31:*.sar=01;31:*.rar=01;31:*.alz=01;31:*.ace=01;31:*.zoo=01;31:*.cpio=01;31:*.7z=01;31:*.rz=01;31:*.cab=01;31:*.wim=01;31:*.swm=01;31:*.dwm=01;31:*.esd=01;31:*.jpg=01;35:*.jpeg=01;35:*.mjpg=01;35:*.mjpeg=01;35:*.gif=01;35:*.bmp=01;35:*.pbm=01;35:*.pgm=01;35:*.ppm=01;35:*.tga=01;35:*.xbm=01;35:*.xpm=01;35:*.tif=01;35:*.tiff=01;35:*.png=01;35:*.svg=01;35:*.svgz=01;35:*.mng=01;35:*.pcx=01;35:*.mov=01;35:*.mpg=01;35:*.mpeg=01;35:*.m2v=01;35:*.mkv=01;35:*.webm=01;35:*.webp=01;35:*.ogm=01;35:*.mp4=01;35:*.m4v=01;35:*.mp4v=01;35:*.vob=01;35:*.qt=01;35:*.nuv=01;35:*.wmv=01;35:*.asf=01;35:*.rm=01;35:*.rmvb=01;35:*.flc=01;35:*.avi=01;35:*.fli=01;35:*.flv=01;35:*.gl=01;35:*.dl=01;35:*.xcf=01;35:*.xwd=01;35:*.yuv=01;35:*.cgm=01;35:*.emf=01;35:*.ogv=01;35:*.ogx=01;35:*.aac=00;36:*.au=00;36:*.flac=00;36:*.m4a=00;36:*.mid=00;36:*.midi=00;36:*.mka=00;36:*.mp3=00;36:*.mpc=00;36:*.ogg=00;36:*.ra=00;36:*.wav=00;36:*.oga=00;36:*.opus=00;36:*.spx=00;36:*.xspf=00;36:'), ('GNOME_TERMINAL_SERVICE', ':1.95'), ('SSH_AGENT_LAUNCHER', 'gnome-keyring'), ('SSH_AUTH_SOCK', '/run/user/1000/keyring/ssh'), ('AMENT_PREFIX_PATH', '/home/ztl/ROS_humble_LIO/install/autorccar_interfaces:/home/ztl/pointcloud2pcd/install/pointcloud2_to_pcd:/home/ztl/lio-sam/src/LIO/LIO-SAM_MID360_ROS2_PKG/ros2/install/lio_sam:/home/ztl/lio-sam/src/LIO/LIO-SAM_MID360_ROS2_PKG/ros2/install/autorccar_interfaces:/home/ztl/project/install/livox_ros_driver2:/opt/ros/humble'), ('SHELL', '/bin/bash'), ('LC_NAME', 'en_US.UTF-8'), ('CLUTTER_PAINT', 'disable-dynamic-max-render-time'), ('QT_ACCESSIBILITY', '1'), ('GDMSESSION', 'ubuntu'), ('LESSCLOSE', '/usr/bin/lesspipe %s %s'), ('LC_MEASUREMENT', 'en_US.UTF-8'), ('GPG_AGENT_INFO', '/run/user/1000/gnupg/S.gpg-agent:0:1'), ('LC_IDENTIFICATION', 'en_US.UTF-8'), ('MUTTER_DEBUG_FORCE_KMS_MODE', 'simple'), ('QT_IM_MODULE', 'ibus'), ('PWD', '/home/ztl/ROS_humble_LIO/build/lio_sam'), ('XDG_CONFIG_DIRS', '/etc/xdg/xdg-ubuntu:/etc/xdg'), ('DBUS_STARTER_ADDRESS', 'unix:path=/run/user/1000/bus,guid=e38796444bff260aed25fbd367c59363'), ('XDG_DATA_DIRS', '/usr/share/ubuntu:/usr/share/gnome:/usr/local/share/:/usr/share/:/var/lib/snapd/desktop'), ('PYTHONPATH', '/home/ztl/ROS_humble_LIO/install/autorccar_interfaces/local/lib/python3.10/dist-packages:/home/ztl/lio-sam/src/LIO/LIO-SAM_MID360_ROS2_PKG/ros2/install/lio_sam/local/lib/python3.10/dist-packages:/home/ztl/lio-sam/src/LIO/LIO-SAM_MID360_ROS2_PKG/ros2/install/autorccar_interfaces/local/lib/python3.10/dist-packages:/home/ztl/project/install/livox_ros_driver2/local/lib/python3.10/dist-packages:/opt/ros/humble/lib/python3.10/site-packages:/opt/ros/humble/local/lib/python3.10/dist-packages'), ('LC_NUMERIC', 'en_US.UTF-8'), ('LC_PAPER', 'en_US.UTF-8'), ('COLCON', '1'), ('VTE_VERSION', '6800'), ('CMAKE_PREFIX_PATH', '/home/ztl/ROS_humble_LIO/install/autorccar_interfaces:/home/ztl/pointcloud2pcd/install/pointcloud2_to_pcd:/home/ztl/lio-sam/src/LIO/LIO-SAM_MID360_ROS2_PKG/ros2/install/lio_sam:/home/ztl/lio-sam/src/LIO/LIO-SAM_MID360_ROS2_PKG/ros2/install/autorccar_interfaces:/home/ztl/project/install/livox_ros_driver2:/opt/ros/humble')]), 'shell': False}
[37.514582] (-) TimerEvent: {}
[37.615296] (-) TimerEvent: {}
[37.665235] (lio_sam) StdoutLine: {'line': b'[  2%] \x1b[34m\x1b[1mGenerating C code for ROS interfaces\x1b[0m\n'}
[37.680603] (lio_sam) StdoutLine: {'line': b'[  4%] \x1b[34m\x1b[1mGenerating C++ code for ROS interfaces\x1b[0m\n'}
[37.715525] (-) TimerEvent: {}
[37.738026] (lio_sam) StdoutLine: {'line': b'[  4%] Built target ament_cmake_python_copy_lio_sam\n'}
[37.815717] (-) TimerEvent: {}
[37.916605] (-) TimerEvent: {}
[38.017488] (-) TimerEvent: {}
[38.118417] (-) TimerEvent: {}
[38.219348] (-) TimerEvent: {}
[38.320254] (-) TimerEvent: {}
[38.386587] (lio_sam) StdoutLine: {'line': b'running egg_info\n'}
[38.388680] (lio_sam) StdoutLine: {'line': b'creating lio_sam.egg-info\n'}
[38.389184] (lio_sam) StdoutLine: {'line': b'writing lio_sam.egg-info/PKG-INFO\n'}
[38.390002] (lio_sam) StdoutLine: {'line': b'writing dependency_links to lio_sam.egg-info/dependency_links.txt\n'}
[38.390771] (lio_sam) StdoutLine: {'line': b'writing top-level names to lio_sam.egg-info/top_level.txt\n'}
[38.391415] (lio_sam) StdoutLine: {'line': b"writing manifest file 'lio_sam.egg-info/SOURCES.txt'\n"}
[38.395598] (lio_sam) StdoutLine: {'line': b"reading manifest file 'lio_sam.egg-info/SOURCES.txt'\n"}
[38.396921] (lio_sam) StdoutLine: {'line': b"writing manifest file 'lio_sam.egg-info/SOURCES.txt'\n"}
[38.420483] (-) TimerEvent: {}
[38.477927] (lio_sam) StdoutLine: {'line': b'[  4%] Built target ament_cmake_python_build_lio_sam_egg\n'}
[38.520562] (-) TimerEvent: {}
[38.621025] (-) TimerEvent: {}
[38.721469] (-) TimerEvent: {}
[38.821930] (-) TimerEvent: {}
[38.922388] (-) TimerEvent: {}
[39.021217] (lio_sam) StdoutLine: {'line': b'[  6%] \x1b[32mBuilding C object CMakeFiles/lio_sam__rosidl_generator_c.dir/rosidl_generator_c/lio_sam/msg/detail/cloud_info__functions.c.o\x1b[0m\n'}
[39.022520] (-) TimerEvent: {}
[39.024814] (lio_sam) StdoutLine: {'line': b'[  8%] \x1b[32mBuilding C object CMakeFiles/lio_sam__rosidl_generator_c.dir/rosidl_generator_c/lio_sam/srv/detail/save_map__functions.c.o\x1b[0m\n'}
[39.059415] (lio_sam) StdoutLine: {'line': b'[  8%] Built target lio_sam__cpp\n'}
[39.082601] (lio_sam) StdoutLine: {'line': b'[ 10%] \x1b[34m\x1b[1mGenerating C++ introspection for ROS interfaces\x1b[0m\n'}
[39.095270] (lio_sam) StdoutLine: {'line': b'[ 12%] \x1b[34m\x1b[1mGenerating C++ type support for eProsima Fast-RTPS\x1b[0m\n'}
[39.103936] (lio_sam) StdoutLine: {'line': b'[ 14%] \x1b[34m\x1b[1mGenerating C++ type support dispatch for ROS interfaces\x1b[0m\n'}
[39.122651] (-) TimerEvent: {}
[39.223105] (-) TimerEvent: {}
[39.323658] (-) TimerEvent: {}
[39.425516] (-) TimerEvent: {}
[39.526404] (-) TimerEvent: {}
[39.611011] (lio_sam) StdoutLine: {'line': b'[ 17%] \x1b[32m\x1b[1mLinking C shared library liblio_sam__rosidl_generator_c.so\x1b[0m\n'}
[39.626641] (-) TimerEvent: {}
[39.727513] (-) TimerEvent: {}
[39.741392] (lio_sam) StdoutLine: {'line': b'[ 17%] Built target lio_sam__rosidl_generator_c\n'}
[39.774383] (lio_sam) StdoutLine: {'line': b'[ 19%] \x1b[34m\x1b[1mGenerating C type support for eProsima Fast-RTPS\x1b[0m\n'}
[39.795855] (lio_sam) StdoutLine: {'line': b'[ 21%] \x1b[34m\x1b[1mGenerating C introspection for ROS interfaces\x1b[0m\n'}
[39.827741] (lio_sam) StdoutLine: {'line': b'[ 23%] \x1b[34m\x1b[1mGenerating C type support dispatch for ROS interfaces\x1b[0m\n'}
[39.828665] (-) TimerEvent: {}
[39.929460] (-) TimerEvent: {}
[40.030367] (-) TimerEvent: {}
[40.131271] (-) TimerEvent: {}
[40.232187] (-) TimerEvent: {}
[40.294041] (lio_sam) StdoutLine: {'line': b'[ 25%] \x1b[32mBuilding CXX object CMakeFiles/lio_sam__rosidl_typesupport_cpp.dir/rosidl_typesupport_cpp/lio_sam/msg/cloud_info__type_support.cpp.o\x1b[0m\n'}
[40.300274] (lio_sam) StdoutLine: {'line': b'[ 27%] \x1b[32mBuilding CXX object CMakeFiles/lio_sam__rosidl_typesupport_cpp.dir/rosidl_typesupport_cpp/lio_sam/srv/save_map__type_support.cpp.o\x1b[0m\n'}
[40.332393] (-) TimerEvent: {}
[40.433304] (-) TimerEvent: {}
[40.534162] (-) TimerEvent: {}
[40.637604] (-) TimerEvent: {}
[40.738548] (-) TimerEvent: {}
[40.839444] (-) TimerEvent: {}
[40.920202] (lio_sam) StdoutLine: {'line': b'[ 29%] \x1b[32mBuilding CXX object CMakeFiles/lio_sam__rosidl_typesupport_introspection_cpp.dir/rosidl_typesupport_introspection_cpp/lio_sam/srv/detail/save_map__type_support.cpp.o\x1b[0m\n'}
[40.921202] (lio_sam) StdoutLine: {'line': b'[ 31%] \x1b[32mBuilding CXX object CMakeFiles/lio_sam__rosidl_typesupport_introspection_cpp.dir/rosidl_typesupport_introspection_cpp/lio_sam/msg/detail/cloud_info__type_support.cpp.o\x1b[0m\n'}
[40.939665] (-) TimerEvent: {}
[41.040593] (-) TimerEvent: {}
[41.141622] (-) TimerEvent: {}
[41.193970] (lio_sam) StdoutLine: {'line': b'[ 34%] \x1b[32mBuilding CXX object CMakeFiles/lio_sam__rosidl_typesupport_fastrtps_cpp.dir/rosidl_typesupport_fastrtps_cpp/lio_sam/msg/detail/dds_fastrtps/cloud_info__type_support.cpp.o\x1b[0m\n'}
[41.219497] (lio_sam) StdoutLine: {'line': b'[ 36%] \x1b[32mBuilding CXX object CMakeFiles/lio_sam__rosidl_typesupport_c.dir/rosidl_typesupport_c/lio_sam/msg/cloud_info__type_support.cpp.o\x1b[0m\n'}
[41.241713] (-) TimerEvent: {}
[41.342248] (-) TimerEvent: {}
[41.358664] (lio_sam) StdoutLine: {'line': b'[ 38%] \x1b[32mBuilding CXX object CMakeFiles/lio_sam__rosidl_typesupport_fastrtps_c.dir/rosidl_typesupport_fastrtps_c/lio_sam/msg/detail/cloud_info__type_support_c.cpp.o\x1b[0m\n'}
[41.402435] (lio_sam) StdoutLine: {'line': b'[ 40%] \x1b[32mBuilding CXX object CMakeFiles/lio_sam__rosidl_typesupport_c.dir/rosidl_typesupport_c/lio_sam/srv/save_map__type_support.cpp.o\x1b[0m\n'}
[41.442378] (-) TimerEvent: {}
[41.460803] (lio_sam) StdoutLine: {'line': b'[ 42%] \x1b[32mBuilding CXX object CMakeFiles/lio_sam__rosidl_typesupport_fastrtps_c.dir/rosidl_typesupport_fastrtps_c/lio_sam/srv/detail/save_map__type_support_c.cpp.o\x1b[0m\n'}
[41.527077] (lio_sam) StdoutLine: {'line': b'[ 44%] \x1b[32m\x1b[1mLinking CXX shared library liblio_sam__rosidl_typesupport_c.so\x1b[0m\n'}
[41.542517] (-) TimerEvent: {}
[41.643029] (-) TimerEvent: {}
[41.743534] (-) TimerEvent: {}
[41.774006] (lio_sam) StdoutLine: {'line': b'[ 44%] Built target lio_sam__rosidl_typesupport_c\n'}
[41.843679] (-) TimerEvent: {}
[41.849607] (lio_sam) StdoutLine: {'line': b'[ 46%] \x1b[32mBuilding CXX object CMakeFiles/lio_sam__rosidl_typesupport_fastrtps_cpp.dir/rosidl_typesupport_fastrtps_cpp/lio_sam/srv/detail/dds_fastrtps/save_map__type_support.cpp.o\x1b[0m\n'}
[41.896009] (lio_sam) StdoutLine: {'line': b'[ 48%] \x1b[32mBuilding C object CMakeFiles/lio_sam__rosidl_typesupport_introspection_c.dir/rosidl_typesupport_introspection_c/lio_sam/msg/detail/cloud_info__type_support.c.o\x1b[0m\n'}
[41.943822] (-) TimerEvent: {}
[42.044319] (-) TimerEvent: {}
[42.144820] (-) TimerEvent: {}
[42.235316] (lio_sam) StdoutLine: {'line': b'[ 51%] \x1b[32mBuilding C object CMakeFiles/lio_sam__rosidl_typesupport_introspection_c.dir/rosidl_typesupport_introspection_c/lio_sam/srv/detail/save_map__type_support.c.o\x1b[0m\n'}
[42.244962] (-) TimerEvent: {}
[42.345477] (-) TimerEvent: {}
[42.445982] (-) TimerEvent: {}
[42.495822] (lio_sam) StdoutLine: {'line': b'[ 53%] \x1b[32m\x1b[1mLinking C shared library liblio_sam__rosidl_typesupport_introspection_c.so\x1b[0m\n'}
[42.546122] (-) TimerEvent: {}
[42.646616] (-) TimerEvent: {}
[42.702565] (lio_sam) StdoutLine: {'line': b'[ 53%] Built target lio_sam__rosidl_typesupport_introspection_c\n'}
[42.733842] (lio_sam) StdoutLine: {'line': b'[ 55%] \x1b[32m\x1b[1mLinking CXX shared library liblio_sam__rosidl_typesupport_cpp.so\x1b[0m\n'}
[42.750409] (-) TimerEvent: {}
[42.842771] (lio_sam) StdoutLine: {'line': b'[ 55%] Built target lio_sam__rosidl_typesupport_cpp\n'}
[42.850546] (-) TimerEvent: {}
[42.919519] (lio_sam) StdoutLine: {'line': b'[ 57%] \x1b[32mBuilding CXX object CMakeFiles/lio_sam_imageProjection.dir/src/imageProjection.cpp.o\x1b[0m\n'}
[42.950686] (-) TimerEvent: {}
[43.010409] (lio_sam) StdoutLine: {'line': b'[ 59%] \x1b[32mBuilding CXX object CMakeFiles/lio_sam_featureExtraction.dir/src/featureExtraction.cpp.o\x1b[0m\n'}
[43.050826] (-) TimerEvent: {}
[43.151335] (-) TimerEvent: {}
[43.196535] (lio_sam) StdoutLine: {'line': b'[ 61%] \x1b[32mBuilding CXX object CMakeFiles/lio_sam_imuPreintegration.dir/src/imuPreintegration.cpp.o\x1b[0m\n'}
[43.225912] (lio_sam) StdoutLine: {'line': b'[ 63%] \x1b[32m\x1b[1mLinking CXX shared library liblio_sam__rosidl_typesupport_fastrtps_c.so\x1b[0m\n'}
[43.251464] (-) TimerEvent: {}
[43.351949] (-) TimerEvent: {}
[43.452450] (-) TimerEvent: {}
[43.484710] (lio_sam) StdoutLine: {'line': b'[ 63%] Built target lio_sam__rosidl_typesupport_fastrtps_c\n'}
[43.552636] (-) TimerEvent: {}
[43.653232] (-) TimerEvent: {}
[43.661020] (lio_sam) StdoutLine: {'line': b'[ 65%] \x1b[32mBuilding CXX object CMakeFiles/lio_sam_mapOptimization.dir/src/mapOptmization.cpp.o\x1b[0m\n'}
[43.753380] (-) TimerEvent: {}
[43.839354] (lio_sam) StdoutLine: {'line': b'[ 68%] \x1b[32m\x1b[1mLinking CXX shared library liblio_sam__rosidl_typesupport_fastrtps_cpp.so\x1b[0m\n'}
[43.853510] (-) TimerEvent: {}
[43.953999] (-) TimerEvent: {}
[44.054636] (-) TimerEvent: {}
[44.104077] (lio_sam) StdoutLine: {'line': b'[ 68%] Built target lio_sam__rosidl_typesupport_fastrtps_cpp\n'}
[44.154760] (-) TimerEvent: {}
[44.255262] (-) TimerEvent: {}
[44.355814] (-) TimerEvent: {}
[44.456800] (-) TimerEvent: {}
[44.557749] (-) TimerEvent: {}
[44.658215] (-) TimerEvent: {}
[44.758706] (-) TimerEvent: {}
[44.859175] (-) TimerEvent: {}
[44.959629] (-) TimerEvent: {}
[45.060113] (-) TimerEvent: {}
[45.160559] (-) TimerEvent: {}
[45.244263] (lio_sam) StdoutLine: {'line': b'[ 70%] \x1b[32m\x1b[1mLinking CXX shared library liblio_sam__rosidl_typesupport_introspection_cpp.so\x1b[0m\n'}
[45.260827] (-) TimerEvent: {}
[45.361994] (-) TimerEvent: {}
[45.463075] (-) TimerEvent: {}
[45.492759] (lio_sam) StdoutLine: {'line': b'[ 70%] Built target lio_sam__rosidl_typesupport_introspection_cpp\n'}
[45.558524] (lio_sam) StdoutLine: {'line': b'[ 70%] Built target lio_sam\n'}
[45.563190] (-) TimerEvent: {}
[45.627812] (lio_sam) StdoutLine: {'line': b'[ 72%] \x1b[34m\x1b[1mGenerating Python code for ROS interfaces\x1b[0m\n'}
[45.663422] (-) TimerEvent: {}
[45.771955] (-) TimerEvent: {}
[45.874437] (-) TimerEvent: {}
[45.975362] (-) TimerEvent: {}
[46.076210] (-) TimerEvent: {}
[46.177197] (-) TimerEvent: {}
[46.278143] (-) TimerEvent: {}
[46.379174] (-) TimerEvent: {}
[46.480135] (-) TimerEvent: {}
[46.581107] (-) TimerEvent: {}
[46.682269] (-) TimerEvent: {}
[46.783179] (-) TimerEvent: {}
[46.884084] (-) TimerEvent: {}
[46.985131] (-) TimerEvent: {}
[47.086106] (-) TimerEvent: {}
[47.187416] (-) TimerEvent: {}
[47.288282] (-) TimerEvent: {}
[47.389194] (-) TimerEvent: {}
[47.494276] (-) TimerEvent: {}
[47.595251] (-) TimerEvent: {}
[47.696310] (-) TimerEvent: {}
[47.797213] (-) TimerEvent: {}
[47.898195] (-) TimerEvent: {}
[47.999154] (-) TimerEvent: {}
[48.103599] (-) TimerEvent: {}
[48.204541] (-) TimerEvent: {}
[48.305553] (-) TimerEvent: {}
[48.406648] (-) TimerEvent: {}
[48.460321] (lio_sam) StdoutLine: {'line': b'[ 72%] Built target lio_sam__py\n'}
[48.506773] (-) TimerEvent: {}
[48.533803] (lio_sam) StdoutLine: {'line': b'[ 76%] \x1b[32mBuilding C object CMakeFiles/lio_sam__rosidl_generator_py.dir/rosidl_generator_py/lio_sam/msg/_cloud_info_s.c.o\x1b[0m\n'}
[48.534228] (lio_sam) StdoutLine: {'line': b'[ 76%] \x1b[32mBuilding C object CMakeFiles/lio_sam__rosidl_generator_py.dir/rosidl_generator_py/lio_sam/srv/_save_map_s.c.o\x1b[0m\n'}
[48.606910] (-) TimerEvent: {}
[48.707383] (-) TimerEvent: {}
[48.807961] (-) TimerEvent: {}
[48.908972] (-) TimerEvent: {}
[49.009911] (-) TimerEvent: {}
[49.110900] (-) TimerEvent: {}
[49.211825] (-) TimerEvent: {}
[49.312497] (-) TimerEvent: {}
[49.413047] (-) TimerEvent: {}
[49.441299] (lio_sam) StdoutLine: {'line': b'[ 78%] \x1b[32m\x1b[1mLinking C shared library rosidl_generator_py/lio_sam/liblio_sam__rosidl_generator_py.so\x1b[0m\n'}
[49.513304] (-) TimerEvent: {}
[49.560934] (lio_sam) StdoutLine: {'line': b'[ 78%] Built target lio_sam__rosidl_generator_py\n'}
[49.604591] (lio_sam) StdoutLine: {'line': b'[ 80%] \x1b[32mBuilding C object CMakeFiles/lio_sam__rosidl_typesupport_c__pyext.dir/rosidl_generator_py/lio_sam/_lio_sam_s.ep.rosidl_typesupport_c.c.o\x1b[0m\n'}
[49.613504] (-) TimerEvent: {}
[49.631482] (lio_sam) StdoutLine: {'line': b'[ 82%] \x1b[32mBuilding C object CMakeFiles/lio_sam__rosidl_typesupport_fastrtps_c__pyext.dir/rosidl_generator_py/lio_sam/_lio_sam_s.ep.rosidl_typesupport_fastrtps_c.c.o\x1b[0m\n'}
[49.690273] (lio_sam) StdoutLine: {'line': b'[ 85%] \x1b[32mBuilding C object CMakeFiles/lio_sam__rosidl_typesupport_introspection_c__pyext.dir/rosidl_generator_py/lio_sam/_lio_sam_s.ep.rosidl_typesupport_introspection_c.c.o\x1b[0m\n'}
[49.713596] (-) TimerEvent: {}
[49.814078] (-) TimerEvent: {}
[49.914559] (-) TimerEvent: {}
[50.015042] (-) TimerEvent: {}
[50.036517] (lio_sam) StdoutLine: {'line': b'[ 87%] \x1b[32m\x1b[1mLinking C shared library rosidl_generator_py/lio_sam/lio_sam_s__rosidl_typesupport_c.cpython-310-aarch64-linux-gnu.so\x1b[0m\n'}
[50.115198] (-) TimerEvent: {}
[50.161116] (lio_sam) StdoutLine: {'line': b'[ 87%] Built target lio_sam__rosidl_typesupport_c__pyext\n'}
[50.180009] (lio_sam) StdoutLine: {'line': b'[ 89%] \x1b[32m\x1b[1mLinking C shared library rosidl_generator_py/lio_sam/lio_sam_s__rosidl_typesupport_introspection_c.cpython-310-aarch64-linux-gnu.so\x1b[0m\n'}
[50.215333] (-) TimerEvent: {}
[50.298030] (lio_sam) StdoutLine: {'line': b'[ 89%] Built target lio_sam__rosidl_typesupport_introspection_c__pyext\n'}
[50.315467] (-) TimerEvent: {}
[50.413578] (lio_sam) StdoutLine: {'line': b'[ 91%] \x1b[32m\x1b[1mLinking C shared library rosidl_generator_py/lio_sam/lio_sam_s__rosidl_typesupport_fastrtps_c.cpython-310-aarch64-linux-gnu.so\x1b[0m\n'}
[50.415571] (-) TimerEvent: {}
[50.516014] (-) TimerEvent: {}
[50.521446] (lio_sam) StdoutLine: {'line': b'[ 91%] Built target lio_sam__rosidl_typesupport_fastrtps_c__pyext\n'}
[50.616504] (-) TimerEvent: {}
[50.717762] (-) TimerEvent: {}
[50.818852] (-) TimerEvent: {}
[50.919901] (-) TimerEvent: {}
[51.021478] (-) TimerEvent: {}
[51.122500] (-) TimerEvent: {}
[51.223526] (-) TimerEvent: {}
[51.324613] (-) TimerEvent: {}
[51.425769] (-) TimerEvent: {}
[51.526849] (-) TimerEvent: {}
[51.627919] (-) TimerEvent: {}
[51.729127] (-) TimerEvent: {}
[51.830198] (-) TimerEvent: {}
[51.931256] (-) TimerEvent: {}
[52.032226] (-) TimerEvent: {}
[52.133242] (-) TimerEvent: {}
[52.234210] (-) TimerEvent: {}
[52.335245] (-) TimerEvent: {}
[52.436247] (-) TimerEvent: {}
[52.537290] (-) TimerEvent: {}
[52.638379] (-) TimerEvent: {}
[52.739400] (-) TimerEvent: {}
[52.840447] (-) TimerEvent: {}
[52.941419] (-) TimerEvent: {}
[53.042472] (-) TimerEvent: {}
[53.147435] (-) TimerEvent: {}
[53.248478] (-) TimerEvent: {}
[53.349539] (-) TimerEvent: {}
[53.450625] (-) TimerEvent: {}
[53.551891] (-) TimerEvent: {}
[53.653288] (-) TimerEvent: {}
[53.754298] (-) TimerEvent: {}
[53.855304] (-) TimerEvent: {}
[53.956311] (-) TimerEvent: {}
[54.057849] (-) TimerEvent: {}
[54.158869] (-) TimerEvent: {}
[54.259879] (-) TimerEvent: {}
[54.361007] (-) TimerEvent: {}
[54.462147] (-) TimerEvent: {}
[54.563118] (-) TimerEvent: {}
[54.664208] (-) TimerEvent: {}
[54.765226] (-) TimerEvent: {}
[54.866182] (-) TimerEvent: {}
[54.967198] (-) TimerEvent: {}
[55.068253] (-) TimerEvent: {}
[55.169376] (-) TimerEvent: {}
[55.270416] (-) TimerEvent: {}
[55.371485] (-) TimerEvent: {}
[55.472462] (-) TimerEvent: {}
[55.573460] (-) TimerEvent: {}
[55.676846] (-) TimerEvent: {}
[55.782127] (-) TimerEvent: {}
[55.883106] (-) TimerEvent: {}
[55.984083] (-) TimerEvent: {}
[56.087070] (-) TimerEvent: {}
[56.188052] (-) TimerEvent: {}
[56.289123] (-) TimerEvent: {}
[56.390115] (-) TimerEvent: {}
[56.491198] (-) TimerEvent: {}
[56.592250] (-) TimerEvent: {}
[56.693225] (-) TimerEvent: {}
[56.794316] (-) TimerEvent: {}
[56.895438] (-) TimerEvent: {}
[56.996590] (-) TimerEvent: {}
[57.097575] (-) TimerEvent: {}
[57.198621] (-) TimerEvent: {}
[57.299640] (-) TimerEvent: {}
[57.400719] (-) TimerEvent: {}
[57.501753] (-) TimerEvent: {}
[57.602857] (-) TimerEvent: {}
[57.703896] (-) TimerEvent: {}
[57.804903] (-) TimerEvent: {}
[57.905972] (-) TimerEvent: {}
[58.006950] (-) TimerEvent: {}
[58.108036] (-) TimerEvent: {}
[58.209134] (-) TimerEvent: {}
[58.310179] (-) TimerEvent: {}
[58.411422] (-) TimerEvent: {}
[58.512465] (-) TimerEvent: {}
[58.613528] (-) TimerEvent: {}
[58.714464] (-) TimerEvent: {}
[58.815587] (-) TimerEvent: {}
[58.916550] (-) TimerEvent: {}
[59.017559] (-) TimerEvent: {}
[59.118608] (-) TimerEvent: {}
[59.219584] (-) TimerEvent: {}
[59.320607] (-) TimerEvent: {}
[59.421551] (-) TimerEvent: {}
[59.522626] (-) TimerEvent: {}
[59.623669] (-) TimerEvent: {}
[59.724741] (-) TimerEvent: {}
[59.826237] (-) TimerEvent: {}
[59.927267] (-) TimerEvent: {}
[60.028350] (-) TimerEvent: {}
[60.129443] (-) TimerEvent: {}
[60.230498] (-) TimerEvent: {}
[60.331478] (-) TimerEvent: {}
[60.432607] (-) TimerEvent: {}
[60.533739] (-) TimerEvent: {}
[60.634970] (-) TimerEvent: {}
[60.736313] (-) TimerEvent: {}
[60.837449] (-) TimerEvent: {}
[60.938421] (-) TimerEvent: {}
[61.039406] (-) TimerEvent: {}
[61.141980] (-) TimerEvent: {}
[61.242973] (-) TimerEvent: {}
[61.344027] (-) TimerEvent: {}
[61.444988] (-) TimerEvent: {}
[61.546024] (-) TimerEvent: {}
[61.651259] (-) TimerEvent: {}
[61.752965] (-) TimerEvent: {}
[61.854456] (-) TimerEvent: {}
[61.955461] (-) TimerEvent: {}
[62.056683] (-) TimerEvent: {}
[62.157677] (-) TimerEvent: {}
[62.258717] (-) TimerEvent: {}
[62.359736] (-) TimerEvent: {}
[62.460830] (-) TimerEvent: {}
[62.561870] (-) TimerEvent: {}
[62.662865] (-) TimerEvent: {}
[62.763883] (-) TimerEvent: {}
[62.866668] (-) TimerEvent: {}
[62.967729] (-) TimerEvent: {}
[63.069205] (-) TimerEvent: {}
[63.170259] (-) TimerEvent: {}
[63.271282] (-) TimerEvent: {}
[63.372349] (-) TimerEvent: {}
[63.473399] (-) TimerEvent: {}
[63.574397] (-) TimerEvent: {}
[63.675391] (-) TimerEvent: {}
[63.776397] (-) TimerEvent: {}
[63.877439] (-) TimerEvent: {}
[63.978562] (-) TimerEvent: {}
[64.079865] (-) TimerEvent: {}
[64.180839] (-) TimerEvent: {}
[64.281919] (-) TimerEvent: {}
[64.383017] (-) TimerEvent: {}
[64.484026] (-) TimerEvent: {}
[64.585058] (-) TimerEvent: {}
[64.686073] (-) TimerEvent: {}
[64.787149] (-) TimerEvent: {}
[64.888186] (-) TimerEvent: {}
[64.989302] (-) TimerEvent: {}
[65.090302] (-) TimerEvent: {}
[65.191353] (-) TimerEvent: {}
[65.292397] (-) TimerEvent: {}
[65.393382] (-) TimerEvent: {}
[65.494360] (-) TimerEvent: {}
[65.595473] (-) TimerEvent: {}
[65.696459] (-) TimerEvent: {}
[65.797562] (-) TimerEvent: {}
[65.898663] (-) TimerEvent: {}
[66.000158] (-) TimerEvent: {}
[66.102178] (-) TimerEvent: {}
[66.203194] (-) TimerEvent: {}
[66.304234] (-) TimerEvent: {}
[66.405368] (-) TimerEvent: {}
[66.506432] (-) TimerEvent: {}
[66.607435] (-) TimerEvent: {}
[66.708449] (-) TimerEvent: {}
[66.809452] (-) TimerEvent: {}
[66.910588] (-) TimerEvent: {}
[67.011614] (-) TimerEvent: {}
[67.112709] (-) TimerEvent: {}
[67.213757] (-) TimerEvent: {}
[67.314920] (-) TimerEvent: {}
[67.415994] (-) TimerEvent: {}
[67.517103] (-) TimerEvent: {}
[67.618226] (-) TimerEvent: {}
[67.720191] (-) TimerEvent: {}
[67.821173] (-) TimerEvent: {}
[67.922271] (-) TimerEvent: {}
[68.023355] (-) TimerEvent: {}
[68.124407] (-) TimerEvent: {}
[68.225571] (-) TimerEvent: {}
[68.326673] (-) TimerEvent: {}
[68.427667] (-) TimerEvent: {}
[68.528669] (-) TimerEvent: {}
[68.629671] (-) TimerEvent: {}
[68.730796] (-) TimerEvent: {}
[68.831823] (-) TimerEvent: {}
[68.932824] (-) TimerEvent: {}
[69.034082] (-) TimerEvent: {}
[69.135079] (-) TimerEvent: {}
[69.236113] (-) TimerEvent: {}
[69.337103] (-) TimerEvent: {}
[69.438075] (-) TimerEvent: {}
[69.539196] (-) TimerEvent: {}
[69.643347] (-) TimerEvent: {}
[69.744411] (-) TimerEvent: {}
[69.845522] (-) TimerEvent: {}
[69.947068] (-) TimerEvent: {}
[70.048460] (-) TimerEvent: {}
[70.149446] (-) TimerEvent: {}
[70.250392] (-) TimerEvent: {}
[70.353224] (-) TimerEvent: {}
[70.454998] (-) TimerEvent: {}
[70.556090] (-) TimerEvent: {}
[70.657087] (-) TimerEvent: {}
[70.758051] (-) TimerEvent: {}
[70.859123] (-) TimerEvent: {}
[70.960176] (-) TimerEvent: {}
[71.061208] (-) TimerEvent: {}
[71.165529] (-) TimerEvent: {}
[71.266493] (-) TimerEvent: {}
[71.367953] (-) TimerEvent: {}
[71.471332] (-) TimerEvent: {}
[71.572400] (-) TimerEvent: {}
[71.673444] (-) TimerEvent: {}
[71.774462] (-) TimerEvent: {}
[71.875613] (-) TimerEvent: {}
[71.976659] (-) TimerEvent: {}
[72.077683] (-) TimerEvent: {}
[72.178813] (-) TimerEvent: {}
[72.279785] (-) TimerEvent: {}
[72.380870] (-) TimerEvent: {}
[72.481898] (-) TimerEvent: {}
[72.582926] (-) TimerEvent: {}
[72.683937] (-) TimerEvent: {}
[72.784965] (-) TimerEvent: {}
[72.886085] (-) TimerEvent: {}
[72.987156] (-) TimerEvent: {}
[73.088845] (-) TimerEvent: {}
[73.189840] (-) TimerEvent: {}
[73.290856] (-) TimerEvent: {}
[73.391956] (-) TimerEvent: {}
[73.493013] (-) TimerEvent: {}
[73.594002] (-) TimerEvent: {}
[73.695047] (-) TimerEvent: {}
[73.796074] (-) TimerEvent: {}
[73.897018] (-) TimerEvent: {}
[73.998088] (-) TimerEvent: {}
[74.099140] (-) TimerEvent: {}
[74.200216] (-) TimerEvent: {}
[74.301246] (-) TimerEvent: {}
[74.402338] (-) TimerEvent: {}
[74.503331] (-) TimerEvent: {}
[74.604370] (-) TimerEvent: {}
[74.705452] (-) TimerEvent: {}
[74.806427] (-) TimerEvent: {}
[74.907492] (-) TimerEvent: {}
[75.008826] (-) TimerEvent: {}
[75.109826] (-) TimerEvent: {}
[75.210856] (-) TimerEvent: {}
[75.311900] (-) TimerEvent: {}
[75.412903] (-) TimerEvent: {}
[75.514368] (-) TimerEvent: {}
[75.615311] (-) TimerEvent: {}
[75.716360] (-) TimerEvent: {}
[75.817437] (-) TimerEvent: {}
[75.918517] (-) TimerEvent: {}
[76.019555] (-) TimerEvent: {}
[76.120851] (-) TimerEvent: {}
[76.222090] (-) TimerEvent: {}
[76.323131] (-) TimerEvent: {}
[76.424163] (-) TimerEvent: {}
[76.526205] (-) TimerEvent: {}
[76.627154] (-) TimerEvent: {}
[76.728115] (-) TimerEvent: {}
[76.829205] (-) TimerEvent: {}
[76.930234] (-) TimerEvent: {}
[77.031258] (-) TimerEvent: {}
[77.132318] (-) TimerEvent: {}
[77.233432] (-) TimerEvent: {}
[77.336553] (-) TimerEvent: {}
[77.437521] (-) TimerEvent: {}
[77.538582] (-) TimerEvent: {}
[77.639581] (-) TimerEvent: {}
[77.740604] (-) TimerEvent: {}
[77.841562] (-) TimerEvent: {}
[77.942657] (-) TimerEvent: {}
[78.043963] (-) TimerEvent: {}
[78.145159] (-) TimerEvent: {}
[78.246204] (-) TimerEvent: {}
[78.347192] (-) TimerEvent: {}
[78.448272] (-) TimerEvent: {}
[78.549342] (-) TimerEvent: {}
[78.650402] (-) TimerEvent: {}
[78.751428] (-) TimerEvent: {}
[78.852440] (-) TimerEvent: {}
[78.953423] (-) TimerEvent: {}
[79.054444] (-) TimerEvent: {}
[79.155478] (-) TimerEvent: {}
[79.256523] (-) TimerEvent: {}
[79.357509] (-) TimerEvent: {}
[79.458581] (-) TimerEvent: {}
[79.559540] (-) TimerEvent: {}
[79.660614] (-) TimerEvent: {}
[79.761748] (-) TimerEvent: {}
[79.862816] (-) TimerEvent: {}
[79.944012] (lio_sam) StderrLine: {'line': b'\x1b[01m\x1b[K/home/ztl/ROS_humble_LIO/src/LiDAR_IMU_FUSION_ROS2/src/mapOptmization.cpp:422:25:\x1b[m\x1b[K \x1b[01;31m\x1b[Kerror: \x1b[m\x1b[K\xe2\x80\x98\x1b[01m\x1b[Klio_sam::save_mapRequest\x1b[m\x1b[K\xe2\x80\x99 has not been declared\n'}
[79.945287] (lio_sam) StderrLine: {'line': b'  422 |     bool saveMapService(\x1b[01;31m\x1b[Klio_sam\x1b[m\x1b[K::save_mapRequest& req, lio_sam::save_mapResponse& res)\n'}
[79.946208] (lio_sam) StderrLine: {'line': b'      |                         \x1b[01;31m\x1b[K^~~~~~~\x1b[m\x1b[K\n'}
[79.946911] (lio_sam) StderrLine: {'line': b'\x1b[01m\x1b[K/home/ztl/ROS_humble_LIO/src/LiDAR_IMU_FUSION_ROS2/src/mapOptmization.cpp:422:56:\x1b[m\x1b[K \x1b[01;31m\x1b[Kerror: \x1b[m\x1b[K\xe2\x80\x98\x1b[01m\x1b[Klio_sam::save_mapResponse\x1b[m\x1b[K\xe2\x80\x99 has not been declared\n'}
[79.947593] (lio_sam) StderrLine: {'line': b'  422 |     bool saveMapService(lio_sam::save_mapRequest& req, \x1b[01;31m\x1b[Klio_sam\x1b[m\x1b[K::save_mapResponse& res)\n'}
[79.948338] (lio_sam) StderrLine: {'line': b'      |                                                        \x1b[01;31m\x1b[K^~~~~~~\x1b[m\x1b[K\n'}
[79.964084] (-) TimerEvent: {}
[80.005576] (lio_sam) StderrLine: {'line': b'\x1b[01m\x1b[K/home/ztl/ROS_humble_LIO/src/LiDAR_IMU_FUSION_ROS2/src/mapOptmization.cpp:\x1b[m\x1b[K In constructor \xe2\x80\x98\x1b[01m\x1b[KmapOptimization::mapOptimization(const rclcpp::NodeOptions&)\x1b[m\x1b[K\xe2\x80\x99:\n'}
[80.006507] (lio_sam) StderrLine: {'line': b'\x1b[01m\x1b[K/home/ztl/ROS_humble_LIO/src/LiDAR_IMU_FUSION_ROS2/src/mapOptmization.cpp:238:80:\x1b[m\x1b[K \x1b[01;31m\x1b[Kerror: \x1b[m\x1b[Kinvalid use of non-static member function \xe2\x80\x98\x1b[01m\x1b[Kbool mapOptimization::saveMapService(int&, int&)\x1b[m\x1b[K\xe2\x80\x99\n'}
[80.007250] (lio_sam) StderrLine: {'line': b'  238 |         srvSaveMap = create_service<lio_sam::srv::SaveMap>("lio_sam/save_map", \x1b[01;31m\x1b[KsaveMapService\x1b[m\x1b[K);\n'}
[80.007890] (lio_sam) StderrLine: {'line': b'      |                                                                                \x1b[01;31m\x1b[K^~~~~~~~~~~~~~\x1b[m\x1b[K\n'}
[80.008709] (lio_sam) StderrLine: {'line': b'\x1b[01m\x1b[K/home/ztl/ROS_humble_LIO/src/LiDAR_IMU_FUSION_ROS2/src/mapOptmization.cpp:422:10:\x1b[m\x1b[K \x1b[01;36m\x1b[Knote: \x1b[m\x1b[Kdeclared here\n'}
[80.009357] (lio_sam) StderrLine: {'line': b'  422 |     bool \x1b[01;36m\x1b[KsaveMapService\x1b[m\x1b[K(lio_sam::save_mapRequest& req, lio_sam::save_mapResponse& res)\n'}
[80.010011] (lio_sam) StderrLine: {'line': b'      |          \x1b[01;36m\x1b[K^~~~~~~~~~~~~~\x1b[m\x1b[K\n'}
[80.051143] (lio_sam) StderrLine: {'line': b'\x1b[01m\x1b[K/home/ztl/ROS_humble_LIO/src/LiDAR_IMU_FUSION_ROS2/src/mapOptmization.cpp:\x1b[m\x1b[K In member function \xe2\x80\x98\x1b[01m\x1b[Kbool mapOptimization::saveMapService(int&, int&)\x1b[m\x1b[K\xe2\x80\x99:\n'}
[80.052534] (lio_sam) StderrLine: {'line': b'\x1b[01m\x1b[K/home/ztl/ROS_humble_LIO/src/LiDAR_IMU_FUSION_ROS2/src/mapOptmization.cpp:428:20:\x1b[m\x1b[K \x1b[01;31m\x1b[Kerror: \x1b[m\x1b[Krequest for member \xe2\x80\x98\x1b[01m\x1b[Kdestination\x1b[m\x1b[K\xe2\x80\x99 in \xe2\x80\x98\x1b[01m\x1b[Kreq\x1b[m\x1b[K\xe2\x80\x99, which is of non-class type \xe2\x80\x98\x1b[01m\x1b[Kint\x1b[m\x1b[K\xe2\x80\x99\n'}
[80.053836] (lio_sam) StderrLine: {'line': b'  428 |             if(req.\x1b[01;31m\x1b[Kdestination\x1b[m\x1b[K.empty()) saveMapDirectory = std::getenv("HOME") + savePCDDirectory;\n'}
[80.055114] (lio_sam) StderrLine: {'line': b'      |                    \x1b[01;31m\x1b[K^~~~~~~~~~~\x1b[m\x1b[K\n'}
[80.056132] (lio_sam) StderrLine: {'line': b'\x1b[01m\x1b[K/home/ztl/ROS_humble_LIO/src/LiDAR_IMU_FUSION_ROS2/src/mapOptmization.cpp:429:63:\x1b[m\x1b[K \x1b[01;31m\x1b[Kerror: \x1b[m\x1b[Krequest for member \xe2\x80\x98\x1b[01m\x1b[Kdestination\x1b[m\x1b[K\xe2\x80\x99 in \xe2\x80\x98\x1b[01m\x1b[Kreq\x1b[m\x1b[K\xe2\x80\x99, which is of non-class type \xe2\x80\x98\x1b[01m\x1b[Kint\x1b[m\x1b[K\xe2\x80\x99\n'}
[80.057386] (lio_sam) StderrLine: {'line': b'  429 |             else saveMapDirectory = std::getenv("HOME") + req.\x1b[01;31m\x1b[Kdestination\x1b[m\x1b[K;\n'}
[80.058534] (lio_sam) StderrLine: {'line': b'      |                                                               \x1b[01;31m\x1b[K^~~~~~~~~~~\x1b[m\x1b[K\n'}
[80.062846] (lio_sam) StderrLine: {'line': b'\x1b[01m\x1b[K/home/ztl/ROS_humble_LIO/src/LiDAR_IMU_FUSION_ROS2/src/mapOptmization.cpp:469:20:\x1b[m\x1b[K \x1b[01;31m\x1b[Kerror: \x1b[m\x1b[Krequest for member \xe2\x80\x98\x1b[01m\x1b[Kresolution\x1b[m\x1b[K\xe2\x80\x99 in \xe2\x80\x98\x1b[01m\x1b[Kreq\x1b[m\x1b[K\xe2\x80\x99, which is of non-class type \xe2\x80\x98\x1b[01m\x1b[Kint\x1b[m\x1b[K\xe2\x80\x99\n'}
[80.063767] (lio_sam) StderrLine: {'line': b'  469 |             if(req.\x1b[01;31m\x1b[Kresolution\x1b[m\x1b[K != 0)\n'}
[80.064435] (-) TimerEvent: {}
[80.065057] (lio_sam) StderrLine: {'line': b'      |                    \x1b[01;31m\x1b[K^~~~~~~~~~\x1b[m\x1b[K\n'}
[80.071349] (lio_sam) StderrLine: {'line': b'\x1b[01m\x1b[K/home/ztl/ROS_humble_LIO/src/LiDAR_IMU_FUSION_ROS2/src/mapOptmization.cpp:492:17:\x1b[m\x1b[K \x1b[01;31m\x1b[Kerror: \x1b[m\x1b[Krequest for member \xe2\x80\x98\x1b[01m\x1b[Ksuccess\x1b[m\x1b[K\xe2\x80\x99 in \xe2\x80\x98\x1b[01m\x1b[Kres\x1b[m\x1b[K\xe2\x80\x99, which is of non-class type \xe2\x80\x98\x1b[01m\x1b[Kint\x1b[m\x1b[K\xe2\x80\x99\n'}
[80.072499] (lio_sam) StderrLine: {'line': b'  492 |             res.\x1b[01;31m\x1b[Ksuccess\x1b[m\x1b[K = ret == 0;\n'}
[80.073454] (lio_sam) StderrLine: {'line': b'      |                 \x1b[01;31m\x1b[K^~~~~~~\x1b[m\x1b[K\n'}
[80.080229] (lio_sam) StderrLine: {'line': b'\x1b[01m\x1b[K/home/ztl/ROS_humble_LIO/src/LiDAR_IMU_FUSION_ROS2/src/mapOptmization.cpp:\x1b[m\x1b[K In member function \xe2\x80\x98\x1b[01m\x1b[Kvoid mapOptimization::visualizeGlobalMapThread()\x1b[m\x1b[K\xe2\x80\x99:\n'}
[80.081418] (lio_sam) StderrLine: {'line': b'\x1b[01m\x1b[K/home/ztl/ROS_humble_LIO/src/LiDAR_IMU_FUSION_ROS2/src/mapOptmization.cpp:507:22:\x1b[m\x1b[K \x1b[01;31m\x1b[Kerror: \x1b[m\x1b[K\xe2\x80\x98\x1b[01m\x1b[Ksave_mapRequest\x1b[m\x1b[K\xe2\x80\x99 is not a member of \xe2\x80\x98\x1b[01m\x1b[Klio_sam\x1b[m\x1b[K\xe2\x80\x99\n'}
[80.082851] (lio_sam) StderrLine: {'line': b'  507 |             lio_sam::\x1b[01;31m\x1b[Ksave_mapRequest\x1b[m\x1b[K  req;\n'}
[80.083944] (lio_sam) StderrLine: {'line': b'      |                      \x1b[01;31m\x1b[K^~~~~~~~~~~~~~~\x1b[m\x1b[K\n'}
[80.085497] (lio_sam) StderrLine: {'line': b'\x1b[01m\x1b[K/home/ztl/ROS_humble_LIO/src/LiDAR_IMU_FUSION_ROS2/src/mapOptmization.cpp:508:22:\x1b[m\x1b[K \x1b[01;31m\x1b[Kerror: \x1b[m\x1b[K\xe2\x80\x98\x1b[01m\x1b[Ksave_mapResponse\x1b[m\x1b[K\xe2\x80\x99 is not a member of \xe2\x80\x98\x1b[01m\x1b[Klio_sam\x1b[m\x1b[K\xe2\x80\x99\n'}
[80.086510] (lio_sam) StderrLine: {'line': b'  508 |             lio_sam::\x1b[01;31m\x1b[Ksave_mapResponse\x1b[m\x1b[K res;\n'}
[80.087432] (lio_sam) StderrLine: {'line': b'      |                      \x1b[01;31m\x1b[K^~~~~~~~~~~~~~~~\x1b[m\x1b[K\n'}
[80.136130] (lio_sam) StderrLine: {'line': b'\x1b[01m\x1b[K/home/ztl/ROS_humble_LIO/src/LiDAR_IMU_FUSION_ROS2/src/mapOptmization.cpp:510:32:\x1b[m\x1b[K \x1b[01;31m\x1b[Kerror: \x1b[m\x1b[K\xe2\x80\x98\x1b[01m\x1b[Kreq\x1b[m\x1b[K\xe2\x80\x99 was not declared in this scope\n'}
[80.137199] (lio_sam) StderrLine: {'line': b'  510 |             if(!saveMapService(\x1b[01;31m\x1b[Kreq\x1b[m\x1b[K, res)){\n'}
[80.137926] (lio_sam) StderrLine: {'line': b'      |                                \x1b[01;31m\x1b[K^~~\x1b[m\x1b[K\n'}
[80.157497] (lio_sam) StderrLine: {'line': b'\x1b[01m\x1b[K/home/ztl/ROS_humble_LIO/src/LiDAR_IMU_FUSION_ROS2/src/mapOptmization.cpp:510:37:\x1b[m\x1b[K \x1b[01;31m\x1b[Kerror: \x1b[m\x1b[K\xe2\x80\x98\x1b[01m\x1b[Kres\x1b[m\x1b[K\xe2\x80\x99 was not declared in this scope\n'}
[80.158374] (lio_sam) StderrLine: {'line': b'  510 |             if(!saveMapService(req, \x1b[01;31m\x1b[Kres\x1b[m\x1b[K)){\n'}
[80.159103] (lio_sam) StderrLine: {'line': b'      |                                     \x1b[01;31m\x1b[K^~~\x1b[m\x1b[K\n'}
[80.164680] (-) TimerEvent: {}
[80.265697] (-) TimerEvent: {}
[80.366692] (-) TimerEvent: {}
[80.467751] (-) TimerEvent: {}
[80.568772] (-) TimerEvent: {}
[80.669752] (-) TimerEvent: {}
[80.770700] (-) TimerEvent: {}
[80.871674] (-) TimerEvent: {}
[80.972725] (-) TimerEvent: {}
[81.073706] (-) TimerEvent: {}
[81.174728] (-) TimerEvent: {}
[81.275778] (-) TimerEvent: {}
[81.376797] (-) TimerEvent: {}
[81.477850] (-) TimerEvent: {}
[81.579177] (-) TimerEvent: {}
[81.680163] (-) TimerEvent: {}
[81.781180] (-) TimerEvent: {}
[81.882206] (-) TimerEvent: {}
[81.983253] (-) TimerEvent: {}
[82.084235] (-) TimerEvent: {}
[82.185260] (-) TimerEvent: {}
[82.286198] (-) TimerEvent: {}
[82.387159] (-) TimerEvent: {}
[82.488150] (-) TimerEvent: {}
[82.589243] (-) TimerEvent: {}
[82.690356] (-) TimerEvent: {}
[82.791360] (-) TimerEvent: {}
[82.892375] (-) TimerEvent: {}
[82.993468] (-) TimerEvent: {}
[83.094626] (-) TimerEvent: {}
[83.195669] (-) TimerEvent: {}
[83.296779] (-) TimerEvent: {}
[83.397814] (-) TimerEvent: {}
[83.498891] (-) TimerEvent: {}
[83.599954] (-) TimerEvent: {}
[83.700943] (-) TimerEvent: {}
[83.803322] (-) TimerEvent: {}
[83.904319] (-) TimerEvent: {}
[84.005284] (-) TimerEvent: {}
[84.106254] (-) TimerEvent: {}
[84.207269] (-) TimerEvent: {}
[84.308272] (-) TimerEvent: {}
[84.409461] (-) TimerEvent: {}
[84.510534] (-) TimerEvent: {}
[84.611573] (-) TimerEvent: {}
[84.712715] (-) TimerEvent: {}
[84.813704] (-) TimerEvent: {}
[84.914735] (-) TimerEvent: {}
[85.015780] (-) TimerEvent: {}
[85.116782] (-) TimerEvent: {}
[85.217964] (-) TimerEvent: {}
[85.319259] (-) TimerEvent: {}
[85.420296] (-) TimerEvent: {}
[85.524989] (-) TimerEvent: {}
[85.626009] (-) TimerEvent: {}
[85.726998] (-) TimerEvent: {}
[85.828681] (-) TimerEvent: {}
[85.929713] (-) TimerEvent: {}
[86.030737] (-) TimerEvent: {}
[86.485284] (-) TimerEvent: {}
[86.586349] (-) TimerEvent: {}
[86.687409] (-) TimerEvent: {}
[86.788416] (-) TimerEvent: {}
[86.889552] (-) TimerEvent: {}
[86.990719] (-) TimerEvent: {}
[87.092092] (-) TimerEvent: {}
[87.193278] (-) TimerEvent: {}
[87.294296] (-) TimerEvent: {}
[87.395344] (-) TimerEvent: {}
[87.525997] (-) TimerEvent: {}
[87.626961] (-) TimerEvent: {}
[87.728026] (-) TimerEvent: {}
[87.829046] (-) TimerEvent: {}
[87.930099] (-) TimerEvent: {}
[88.031187] (-) TimerEvent: {}
[88.132264] (-) TimerEvent: {}
[88.233221] (-) TimerEvent: {}
[88.334343] (-) TimerEvent: {}
[88.435352] (-) TimerEvent: {}
[88.536329] (-) TimerEvent: {}
[88.637252] (-) TimerEvent: {}
[88.738309] (-) TimerEvent: {}
[88.839424] (-) TimerEvent: {}
[88.940395] (-) TimerEvent: {}
[89.041549] (-) TimerEvent: {}
[89.143575] (-) TimerEvent: {}
[89.244686] (-) TimerEvent: {}
[89.345695] (-) TimerEvent: {}
[89.446745] (-) TimerEvent: {}
[89.547909] (-) TimerEvent: {}
[89.648986] (-) TimerEvent: {}
[89.750028] (-) TimerEvent: {}
[89.851035] (-) TimerEvent: {}
[89.952203] (-) TimerEvent: {}
[90.053266] (-) TimerEvent: {}
[90.154314] (-) TimerEvent: {}
[90.255313] (-) TimerEvent: {}
[90.356405] (-) TimerEvent: {}
[90.457479] (-) TimerEvent: {}
[90.558483] (-) TimerEvent: {}
[90.659558] (-) TimerEvent: {}
[90.760692] (-) TimerEvent: {}
[90.861747] (-) TimerEvent: {}
[90.962722] (-) TimerEvent: {}
[91.063325] (-) TimerEvent: {}
[91.164525] (-) TimerEvent: {}
[91.501183] (-) TimerEvent: {}
[91.602239] (-) TimerEvent: {}
[91.703280] (-) TimerEvent: {}
[91.804396] (-) TimerEvent: {}
[91.905546] (-) TimerEvent: {}
[92.006661] (-) TimerEvent: {}
[92.107948] (-) TimerEvent: {}
[92.208994] (-) TimerEvent: {}
[92.310101] (-) TimerEvent: {}
[92.411127] (-) TimerEvent: {}
[92.512260] (-) TimerEvent: {}
[92.613335] (-) TimerEvent: {}
[92.714447] (-) TimerEvent: {}
[92.818611] (-) TimerEvent: {}
[92.919746] (-) TimerEvent: {}
[93.023477] (-) TimerEvent: {}
[93.124525] (-) TimerEvent: {}
[93.226773] (-) TimerEvent: {}
[93.327877] (-) TimerEvent: {}
[93.428880] (-) TimerEvent: {}
[93.529958] (-) TimerEvent: {}
[93.630977] (-) TimerEvent: {}
[93.732048] (-) TimerEvent: {}
[93.833080] (-) TimerEvent: {}
[93.934269] (-) TimerEvent: {}
[94.035334] (-) TimerEvent: {}
[94.136800] (-) TimerEvent: {}
[94.237835] (-) TimerEvent: {}
[94.338786] (-) TimerEvent: {}
[94.439274] (-) TimerEvent: {}
[94.539858] (-) TimerEvent: {}
[94.640953] (-) TimerEvent: {}
[94.742003] (-) TimerEvent: {}
[94.843169] (-) TimerEvent: {}
[94.944164] (-) TimerEvent: {}
[95.045316] (-) TimerEvent: {}
[95.146346] (-) TimerEvent: {}
[95.247408] (-) TimerEvent: {}
[95.348468] (-) TimerEvent: {}
[95.449503] (-) TimerEvent: {}
[95.551200] (-) TimerEvent: {}
[95.652244] (-) TimerEvent: {}
[95.753294] (-) TimerEvent: {}
[95.854316] (-) TimerEvent: {}
[95.955367] (-) TimerEvent: {}
[96.056372] (-) TimerEvent: {}
[96.157390] (-) TimerEvent: {}
[96.258715] (-) TimerEvent: {}
[96.359736] (-) TimerEvent: {}
[96.460686] (-) TimerEvent: {}
[96.561213] (-) TimerEvent: {}
[96.661727] (-) TimerEvent: {}
[96.762749] (-) TimerEvent: {}
[96.863816] (-) TimerEvent: {}
[96.964780] (-) TimerEvent: {}
[97.065784] (-) TimerEvent: {}
[97.166775] (-) TimerEvent: {}
[97.267803] (-) TimerEvent: {}
[97.368789] (-) TimerEvent: {}
[97.469742] (-) TimerEvent: {}
[97.570826] (-) TimerEvent: {}
[97.671906] (-) TimerEvent: {}
[97.772986] (-) TimerEvent: {}
[97.874056] (-) TimerEvent: {}
[97.975066] (-) TimerEvent: {}
[98.076088] (-) TimerEvent: {}
[98.177063] (-) TimerEvent: {}
[98.278048] (-) TimerEvent: {}
[98.379145] (-) TimerEvent: {}
[98.488707] (-) TimerEvent: {}
[98.589776] (-) TimerEvent: {}
[98.690795] (-) TimerEvent: {}
[98.791975] (-) TimerEvent: {}
[98.893074] (-) TimerEvent: {}
[98.994213] (-) TimerEvent: {}
[99.095419] (-) TimerEvent: {}
[99.196389] (-) TimerEvent: {}
[99.297406] (-) TimerEvent: {}
[99.398360] (-) TimerEvent: {}
[99.501903] (-) TimerEvent: {}
[99.602409] (-) TimerEvent: {}
[99.703022] (-) TimerEvent: {}
[99.804100] (-) TimerEvent: {}
[99.905224] (-) TimerEvent: {}
[100.006201] (-) TimerEvent: {}
[100.107267] (-) TimerEvent: {}
[100.211871] (-) TimerEvent: {}
[100.312787] (-) TimerEvent: {}
[100.413387] (-) TimerEvent: {}
[100.515401] (-) TimerEvent: {}
[100.616346] (-) TimerEvent: {}
[100.718199] (-) TimerEvent: {}
[100.819184] (-) TimerEvent: {}
[100.920133] (-) TimerEvent: {}
[101.034808] (-) TimerEvent: {}
[101.135865] (-) TimerEvent: {}
[101.236827] (-) TimerEvent: {}
[101.337809] (-) TimerEvent: {}
[101.438865] (-) TimerEvent: {}
[101.539969] (-) TimerEvent: {}
[101.640997] (-) TimerEvent: {}
[101.742270] (-) TimerEvent: {}
[101.843275] (-) TimerEvent: {}
[101.945917] (-) TimerEvent: {}
[102.046968] (-) TimerEvent: {}
[102.147982] (-) TimerEvent: {}
[102.249331] (-) TimerEvent: {}
[102.350414] (-) TimerEvent: {}
[102.451450] (-) TimerEvent: {}
[102.552519] (-) TimerEvent: {}
[102.653552] (-) TimerEvent: {}
[102.754565] (-) TimerEvent: {}
[102.855584] (-) TimerEvent: {}
[102.956713] (-) TimerEvent: {}
[103.057929] (-) TimerEvent: {}
[103.159018] (-) TimerEvent: {}
[103.260007] (-) TimerEvent: {}
[103.360991] (-) TimerEvent: {}
[103.462037] (-) TimerEvent: {}
[103.563073] (-) TimerEvent: {}
[103.664072] (-) TimerEvent: {}
[103.765185] (-) TimerEvent: {}
[103.866184] (-) TimerEvent: {}
[103.966670] (-) TimerEvent: {}
[104.067162] (-) TimerEvent: {}
[104.167751] (-) TimerEvent: {}
[104.272132] (-) TimerEvent: {}
[104.373171] (-) TimerEvent: {}
[104.474257] (-) TimerEvent: {}
[104.575376] (-) TimerEvent: {}
[104.676272] (-) TimerEvent: {}
[104.776767] (-) TimerEvent: {}
[104.877300] (-) TimerEvent: {}
[104.977894] (-) TimerEvent: {}
[105.078953] (-) TimerEvent: {}
[105.180032] (-) TimerEvent: {}
[105.281084] (-) TimerEvent: {}
[105.382384] (-) TimerEvent: {}
[105.483406] (-) TimerEvent: {}
[105.584449] (-) TimerEvent: {}
[105.685729] (-) TimerEvent: {}
[105.786666] (-) TimerEvent: {}
[105.887265] (-) TimerEvent: {}
[105.988280] (-) TimerEvent: {}
[106.089310] (-) TimerEvent: {}
[106.190299] (-) TimerEvent: {}
[106.291311] (-) TimerEvent: {}
[106.392436] (-) TimerEvent: {}
[106.493475] (-) TimerEvent: {}
[106.594499] (-) TimerEvent: {}
[106.695545] (-) TimerEvent: {}
[106.796489] (-) TimerEvent: {}
[106.897472] (-) TimerEvent: {}
[106.998544] (-) TimerEvent: {}
[107.099548] (-) TimerEvent: {}
[107.200567] (-) TimerEvent: {}
[107.301925] (-) TimerEvent: {}
[107.402947] (-) TimerEvent: {}
[107.503970] (-) TimerEvent: {}
[107.605182] (-) TimerEvent: {}
[107.706217] (-) TimerEvent: {}
[107.807308] (-) TimerEvent: {}
[107.908308] (-) TimerEvent: {}
[108.009501] (-) TimerEvent: {}
[108.110512] (-) TimerEvent: {}
[108.211475] (-) TimerEvent: {}
[108.312506] (-) TimerEvent: {}
[108.415212] (-) TimerEvent: {}
[108.516193] (-) TimerEvent: {}
[108.617139] (-) TimerEvent: {}
[108.717999] (-) TimerEvent: {}
[108.818528] (-) TimerEvent: {}
[108.919066] (-) TimerEvent: {}
[109.019658] (-) TimerEvent: {}
[109.120776] (-) TimerEvent: {}
[109.221949] (-) TimerEvent: {}
[109.322949] (-) TimerEvent: {}
[109.423974] (-) TimerEvent: {}
[109.525008] (-) TimerEvent: {}
[109.626143] (-) TimerEvent: {}
[109.726727] (-) TimerEvent: {}
[109.827760] (-) TimerEvent: {}
[109.929635] (-) TimerEvent: {}
[110.030625] (-) TimerEvent: {}
[110.131784] (-) TimerEvent: {}
[110.232810] (-) TimerEvent: {}
[110.333885] (-) TimerEvent: {}
[110.434951] (-) TimerEvent: {}
[110.536067] (-) TimerEvent: {}
[110.636999] (-) TimerEvent: {}
[110.737499] (-) TimerEvent: {}
[110.838093] (-) TimerEvent: {}
[110.938602] (-) TimerEvent: {}
[111.039095] (-) TimerEvent: {}
[111.139596] (-) TimerEvent: {}
[111.240099] (-) TimerEvent: {}
[111.340596] (-) TimerEvent: {}
[111.441081] (-) TimerEvent: {}
[111.541580] (-) TimerEvent: {}
[111.642235] (-) TimerEvent: {}
[111.743225] (-) TimerEvent: {}
[111.844480] (-) TimerEvent: {}
[111.945574] (-) TimerEvent: {}
[112.046614] (-) TimerEvent: {}
[112.147627] (-) TimerEvent: {}
[112.250726] (-) TimerEvent: {}
[112.352714] (-) TimerEvent: {}
[112.453761] (-) TimerEvent: {}
[112.554828] (-) TimerEvent: {}
[112.655881] (-) TimerEvent: {}
[112.756937] (-) TimerEvent: {}
[112.857978] (-) TimerEvent: {}
[112.959013] (-) TimerEvent: {}
[113.060176] (-) TimerEvent: {}
[113.161421] (-) TimerEvent: {}
[113.262407] (-) TimerEvent: {}
[113.365374] (-) TimerEvent: {}
[113.466330] (-) TimerEvent: {}
[113.567346] (-) TimerEvent: {}
[113.668351] (-) TimerEvent: {}
[113.769358] (-) TimerEvent: {}
[113.870524] (-) TimerEvent: {}
[113.971630] (-) TimerEvent: {}
[114.072737] (-) TimerEvent: {}
[114.173760] (-) TimerEvent: {}
[114.274812] (-) TimerEvent: {}
[114.375873] (-) TimerEvent: {}
[114.476895] (-) TimerEvent: {}
[114.577853] (-) TimerEvent: {}
[114.678913] (-) TimerEvent: {}
[114.779403] (-) TimerEvent: {}
[114.879915] (-) TimerEvent: {}
[114.980554] (-) TimerEvent: {}
[115.081700] (-) TimerEvent: {}
[115.184065] (-) TimerEvent: {}
[115.285490] (-) TimerEvent: {}
[115.386421] (-) TimerEvent: {}
[115.487006] (-) TimerEvent: {}
[115.587897] (-) TimerEvent: {}
[115.688951] (-) TimerEvent: {}
[115.789967] (-) TimerEvent: {}
[115.891008] (-) TimerEvent: {}
[115.992099] (-) TimerEvent: {}
[116.093775] (-) TimerEvent: {}
[116.194809] (-) TimerEvent: {}
[116.295841] (-) TimerEvent: {}
[116.396333] (-) TimerEvent: {}
[116.498000] (-) TimerEvent: {}
[116.599042] (-) TimerEvent: {}
[116.700039] (-) TimerEvent: {}
[116.801063] (-) TimerEvent: {}
[116.902109] (-) TimerEvent: {}
[117.003124] (-) TimerEvent: {}
[117.104080] (-) TimerEvent: {}
[117.280124] (-) TimerEvent: {}
[117.381045] (-) TimerEvent: {}
[117.481646] (-) TimerEvent: {}
[117.582760] (-) TimerEvent: {}
[117.683840] (-) TimerEvent: {}
[117.784960] (-) TimerEvent: {}
[117.886164] (-) TimerEvent: {}
[117.987154] (-) TimerEvent: {}
[118.088180] (-) TimerEvent: {}
[118.189187] (-) TimerEvent: {}
[118.290193] (-) TimerEvent: {}
[118.391172] (-) TimerEvent: {}
[118.503785] (-) TimerEvent: {}
[118.604788] (-) TimerEvent: {}
[118.705886] (-) TimerEvent: {}
[118.806819] (-) TimerEvent: {}
[118.907292] (-) TimerEvent: {}
[119.007841] (-) TimerEvent: {}
[119.108408] (-) TimerEvent: {}
[119.209680] (-) TimerEvent: {}
[119.311935] (-) TimerEvent: {}
[119.412406] (-) TimerEvent: {}
[119.512975] (-) TimerEvent: {}
[119.613994] (-) TimerEvent: {}
[119.714983] (-) TimerEvent: {}
[119.816059] (-) TimerEvent: {}
[119.921352] (-) TimerEvent: {}
[120.022300] (-) TimerEvent: {}
[120.122803] (-) TimerEvent: {}
[120.223401] (-) TimerEvent: {}
[120.324447] (-) TimerEvent: {}
[120.425515] (-) TimerEvent: {}
[120.526499] (-) TimerEvent: {}
[120.627458] (-) TimerEvent: {}
[120.728523] (-) TimerEvent: {}
[120.829611] (-) TimerEvent: {}
[120.930595] (-) TimerEvent: {}
[121.031500] (-) TimerEvent: {}
[121.131990] (-) TimerEvent: {}
[121.232576] (-) TimerEvent: {}
[121.333668] (-) TimerEvent: {}
[121.434791] (-) TimerEvent: {}
[121.535798] (-) TimerEvent: {}
[121.636731] (-) TimerEvent: {}
[121.737318] (-) TimerEvent: {}
[121.838388] (-) TimerEvent: {}
[121.939379] (-) TimerEvent: {}
[122.040259] (-) TimerEvent: {}
[122.140744] (-) TimerEvent: {}
[122.241247] (-) TimerEvent: {}
[122.341920] (-) TimerEvent: {}
[122.442789] (-) TimerEvent: {}
[122.543281] (-) TimerEvent: {}
[122.643906] (-) TimerEvent: {}
[122.745001] (-) TimerEvent: {}
[122.845984] (-) TimerEvent: {}
[122.946487] (-) TimerEvent: {}
[123.047063] (-) TimerEvent: {}
[123.148161] (-) TimerEvent: {}
[123.249206] (-) TimerEvent: {}
[123.349684] (-) TimerEvent: {}
[123.450191] (-) TimerEvent: {}
[123.550695] (-) TimerEvent: {}
[123.651197] (-) TimerEvent: {}
[123.751671] (-) TimerEvent: {}
[123.852162] (-) TimerEvent: {}
[123.952733] (-) TimerEvent: {}
[124.054522] (-) TimerEvent: {}
[124.155497] (-) TimerEvent: {}
[124.256533] (-) TimerEvent: {}
[124.357504] (-) TimerEvent: {}
[124.458104] (-) TimerEvent: {}
[124.559226] (-) TimerEvent: {}
[124.660510] (-) TimerEvent: {}
[124.761391] (-) TimerEvent: {}
[124.862019] (-) TimerEvent: {}
[124.962991] (-) TimerEvent: {}
[125.063538] (-) TimerEvent: {}
[125.164052] (-) TimerEvent: {}
[125.264579] (-) TimerEvent: {}
[125.365155] (-) TimerEvent: {}
[125.466165] (-) TimerEvent: {}
[125.566663] (-) TimerEvent: {}
[125.667148] (-) TimerEvent: {}
[125.767638] (-) TimerEvent: {}
[125.868140] (-) TimerEvent: {}
[125.968637] (-) TimerEvent: {}
[126.069137] (-) TimerEvent: {}
[126.169738] (-) TimerEvent: {}
[126.270802] (-) TimerEvent: {}
[126.371946] (-) TimerEvent: {}
[126.472924] (-) TimerEvent: {}
[126.573922] (-) TimerEvent: {}
[126.677023] (-) TimerEvent: {}
[126.778022] (-) TimerEvent: {}
[126.879036] (-) TimerEvent: {}
[126.980011] (-) TimerEvent: {}
[127.080946] (-) TimerEvent: {}
[127.181944] (-) TimerEvent: {}
[127.283010] (-) TimerEvent: {}
[127.384152] (-) TimerEvent: {}
[127.485435] (-) TimerEvent: {}
[127.586577] (-) TimerEvent: {}
[127.687616] (-) TimerEvent: {}
[127.788605] (-) TimerEvent: {}
[127.889454] (-) TimerEvent: {}
[127.990042] (-) TimerEvent: {}
[128.091085] (-) TimerEvent: {}
[128.191994] (-) TimerEvent: {}
[128.292537] (-) TimerEvent: {}
[128.393185] (-) TimerEvent: {}
[128.494399] (-) TimerEvent: {}
[128.595781] (-) TimerEvent: {}
[128.696781] (-) TimerEvent: {}
[128.797804] (-) TimerEvent: {}
[128.898719] (-) TimerEvent: {}
[128.999295] (-) TimerEvent: {}
[129.100270] (-) TimerEvent: {}
[129.201352] (-) TimerEvent: {}
[129.302507] (-) TimerEvent: {}
[129.403524] (-) TimerEvent: {}
[129.504458] (-) TimerEvent: {}
[129.605498] (-) TimerEvent: {}
[129.706343] (-) TimerEvent: {}
[129.806922] (-) TimerEvent: {}
[129.908125] (-) TimerEvent: {}
[130.009185] (-) TimerEvent: {}
[130.110241] (-) TimerEvent: {}
[130.210924] (-) TimerEvent: {}
[130.311419] (-) TimerEvent: {}
[130.411879] (-) TimerEvent: {}
[130.512467] (-) TimerEvent: {}
[130.613408] (-) TimerEvent: {}
[130.713939] (-) TimerEvent: {}
[130.814569] (-) TimerEvent: {}
[130.915667] (-) TimerEvent: {}
[131.016652] (-) TimerEvent: {}
[131.117637] (-) TimerEvent: {}
[131.218626] (-) TimerEvent: {}
[131.319597] (-) TimerEvent: {}
[131.420727] (-) TimerEvent: {}
[131.521795] (-) TimerEvent: {}
[131.622846] (-) TimerEvent: {}
[131.723911] (-) TimerEvent: {}
[131.824967] (-) TimerEvent: {}
[131.926115] (-) TimerEvent: {}
[132.027150] (-) TimerEvent: {}
[132.128141] (-) TimerEvent: {}
[132.228735] (-) TimerEvent: {}
[132.329725] (-) TimerEvent: {}
[132.430549] (-) TimerEvent: {}
[132.531034] (-) TimerEvent: {}
[132.631628] (-) TimerEvent: {}
[132.732719] (-) TimerEvent: {}
[132.833727] (-) TimerEvent: {}
[132.934709] (-) TimerEvent: {}
[133.035689] (-) TimerEvent: {}
[133.136726] (-) TimerEvent: {}
[133.237539] (-) TimerEvent: {}
[133.338106] (-) TimerEvent: {}
[133.439152] (-) TimerEvent: {}
[133.540124] (-) TimerEvent: {}
[133.641068] (-) TimerEvent: {}
[133.741639] (-) TimerEvent: {}
[133.842604] (-) TimerEvent: {}
[133.943218] (-) TimerEvent: {}
[134.044295] (-) TimerEvent: {}
[134.145386] (-) TimerEvent: {}
[134.246401] (-) TimerEvent: {}
[134.347468] (-) TimerEvent: {}
[134.448468] (-) TimerEvent: {}
[134.549381] (-) TimerEvent: {}
[134.649958] (-) TimerEvent: {}
[134.751008] (-) TimerEvent: {}
[134.852042] (-) TimerEvent: {}
[134.953113] (-) TimerEvent: {}
[135.053621] (-) TimerEvent: {}
[135.154334] (-) TimerEvent: {}
[135.255514] (-) TimerEvent: {}
[135.355989] (-) TimerEvent: {}
[135.456527] (-) TimerEvent: {}
[135.557103] (-) TimerEvent: {}
[135.658077] (-) TimerEvent: {}
[135.759107] (-) TimerEvent: {}
[135.860124] (-) TimerEvent: {}
[135.960592] (-) TimerEvent: {}
[136.061049] (-) TimerEvent: {}
[136.161528] (-) TimerEvent: {}
[136.262167] (-) TimerEvent: {}
[136.363391] (-) TimerEvent: {}
[136.464680] (-) TimerEvent: {}
[136.565690] (-) TimerEvent: {}
[136.666758] (-) TimerEvent: {}
[136.767931] (-) TimerEvent: {}
[136.868958] (-) TimerEvent: {}
[136.970047] (-) TimerEvent: {}
[137.071074] (-) TimerEvent: {}
[137.171678] (-) TimerEvent: {}
[137.274953] (-) TimerEvent: {}
[137.376006] (-) TimerEvent: {}
[137.477146] (-) TimerEvent: {}
[137.578148] (-) TimerEvent: {}
[137.679234] (-) TimerEvent: {}
[137.780200] (-) TimerEvent: {}
[137.881189] (-) TimerEvent: {}
[137.982251] (-) TimerEvent: {}
[138.083239] (-) TimerEvent: {}
[138.184271] (-) TimerEvent: {}
[138.285297] (-) TimerEvent: {}
[138.386337] (-) TimerEvent: {}
[138.487364] (-) TimerEvent: {}
[138.546533] (lio_sam) StdoutLine: {'line': b'[ 93%] \x1b[32m\x1b[1mLinking CXX executable lio_sam_featureExtraction\x1b[0m\n'}
[138.623687] (-) TimerEvent: {}
[138.724804] (-) TimerEvent: {}
[138.825922] (-) TimerEvent: {}
[138.926946] (-) TimerEvent: {}
[139.027996] (-) TimerEvent: {}
[139.129071] (-) TimerEvent: {}
[139.230129] (-) TimerEvent: {}
[139.331203] (-) TimerEvent: {}
[139.432269] (-) TimerEvent: {}
[139.533326] (-) TimerEvent: {}
[139.634225] (-) TimerEvent: {}
[139.734830] (-) TimerEvent: {}
[139.835749] (-) TimerEvent: {}
[139.936246] (-) TimerEvent: {}
[140.036872] (-) TimerEvent: {}
[140.138108] (-) TimerEvent: {}
[140.239132] (-) TimerEvent: {}
[140.340168] (-) TimerEvent: {}
[140.441202] (-) TimerEvent: {}
[140.542262] (-) TimerEvent: {}
[140.643264] (-) TimerEvent: {}
[140.744186] (-) TimerEvent: {}
[140.844808] (-) TimerEvent: {}
[140.945864] (-) TimerEvent: {}
[140.968744] (lio_sam) StdoutLine: {'line': b'[ 93%] Built target lio_sam_featureExtraction\n'}
[141.046094] (-) TimerEvent: {}
[141.147074] (-) TimerEvent: {}
[141.247557] (-) TimerEvent: {}
[141.348045] (-) TimerEvent: {}
[141.448669] (-) TimerEvent: {}
[141.549797] (-) TimerEvent: {}
[141.650867] (-) TimerEvent: {}
[141.751726] (-) TimerEvent: {}
[141.852219] (-) TimerEvent: {}
[141.952681] (-) TimerEvent: {}
[142.053286] (-) TimerEvent: {}
[142.154233] (-) TimerEvent: {}
[142.255165] (-) TimerEvent: {}
[142.355755] (-) TimerEvent: {}
[142.456915] (-) TimerEvent: {}
[142.557955] (-) TimerEvent: {}
[142.658881] (-) TimerEvent: {}
[142.759357] (-) TimerEvent: {}
[142.859828] (-) TimerEvent: {}
[142.960320] (-) TimerEvent: {}
[143.060808] (-) TimerEvent: {}
[143.161271] (-) TimerEvent: {}
[143.261741] (-) TimerEvent: {}
[143.362234] (-) TimerEvent: {}
[143.462736] (-) TimerEvent: {}
[143.563219] (-) TimerEvent: {}
[143.663699] (-) TimerEvent: {}
[143.764183] (-) TimerEvent: {}
[143.864726] (-) TimerEvent: {}
[143.966037] (-) TimerEvent: {}
[144.066936] (-) TimerEvent: {}
[144.167422] (-) TimerEvent: {}
[144.267911] (-) TimerEvent: {}
[144.368527] (-) TimerEvent: {}
[144.469527] (-) TimerEvent: {}
[144.570454] (-) TimerEvent: {}
[144.671026] (-) TimerEvent: {}
[144.772200] (-) TimerEvent: {}
[144.873354] (-) TimerEvent: {}
[144.974350] (-) TimerEvent: {}
[145.075380] (-) TimerEvent: {}
[145.176407] (-) TimerEvent: {}
[145.277395] (-) TimerEvent: {}
[145.378270] (-) TimerEvent: {}
[145.478766] (-) TimerEvent: {}
[145.579383] (-) TimerEvent: {}
[145.680557] (-) TimerEvent: {}
[145.781541] (-) TimerEvent: {}
[145.882590] (-) TimerEvent: {}
[145.983627] (-) TimerEvent: {}
[146.084526] (-) TimerEvent: {}
[146.184998] (-) TimerEvent: {}
[146.285494] (-) TimerEvent: {}
[146.385979] (-) TimerEvent: {}
[146.486581] (-) TimerEvent: {}
[146.587599] (-) TimerEvent: {}
[146.688511] (-) TimerEvent: {}
[146.788974] (-) TimerEvent: {}
[146.889654] (-) TimerEvent: {}
[146.990736] (-) TimerEvent: {}
[147.091733] (-) TimerEvent: {}
[147.192645] (-) TimerEvent: {}
[147.293239] (-) TimerEvent: {}
[147.394194] (-) TimerEvent: {}
[147.495202] (-) TimerEvent: {}
[147.596212] (-) TimerEvent: {}
[147.697084] (-) TimerEvent: {}
[147.797764] (-) TimerEvent: {}
[147.898779] (-) TimerEvent: {}
[147.999834] (-) TimerEvent: {}
[148.101089] (-) TimerEvent: {}
[148.202124] (-) TimerEvent: {}
[148.303094] (-) TimerEvent: {}
[148.404039] (-) TimerEvent: {}
[148.504518] (-) TimerEvent: {}
[148.604982] (-) TimerEvent: {}
[148.705433] (-) TimerEvent: {}
[148.805901] (-) TimerEvent: {}
[148.906493] (-) TimerEvent: {}
[149.007363] (-) TimerEvent: {}
[149.107833] (-) TimerEvent: {}
[149.208408] (-) TimerEvent: {}
[149.309353] (-) TimerEvent: {}
[149.409912] (-) TimerEvent: {}
[149.510401] (-) TimerEvent: {}
[149.610879] (-) TimerEvent: {}
[149.711338] (-) TimerEvent: {}
[149.811909] (-) TimerEvent: {}
[149.912890] (-) TimerEvent: {}
[150.013958] (-) TimerEvent: {}
[150.114987] (-) TimerEvent: {}
[150.215992] (-) TimerEvent: {}
[150.316976] (-) TimerEvent: {}
[150.417884] (-) TimerEvent: {}
[150.518755] (-) TimerEvent: {}
[150.619257] (-) TimerEvent: {}
[150.719729] (-) TimerEvent: {}
[150.820316] (-) TimerEvent: {}
[150.921252] (-) TimerEvent: {}
[151.022216] (-) TimerEvent: {}
[151.123269] (-) TimerEvent: {}
[151.189169] (lio_sam) StdoutLine: {'line': b'[ 95%] \x1b[32m\x1b[1mLinking CXX executable lio_sam_imageProjection\x1b[0m\n'}
[151.223366] (-) TimerEvent: {}
[151.323842] (-) TimerEvent: {}
[151.424397] (-) TimerEvent: {}
[151.524929] (-) TimerEvent: {}
[151.625453] (-) TimerEvent: {}
[151.726057] (-) TimerEvent: {}
[151.827162] (-) TimerEvent: {}
[151.928195] (-) TimerEvent: {}
[152.029337] (-) TimerEvent: {}
[152.130452] (-) TimerEvent: {}
[152.231506] (-) TimerEvent: {}
[152.332476] (-) TimerEvent: {}
[152.433463] (-) TimerEvent: {}
[152.534437] (-) TimerEvent: {}
[152.635310] (-) TimerEvent: {}
[152.735919] (-) TimerEvent: {}
[152.836835] (-) TimerEvent: {}
[152.887516] (lio_sam) StdoutLine: {'line': b'[ 95%] Built target lio_sam_imageProjection\n'}
[152.936963] (-) TimerEvent: {}
[153.037431] (-) TimerEvent: {}
[153.137924] (-) TimerEvent: {}
[153.238509] (-) TimerEvent: {}
[153.339477] (-) TimerEvent: {}
[153.440465] (-) TimerEvent: {}
[153.541355] (-) TimerEvent: {}
[153.641835] (-) TimerEvent: {}
[153.742301] (-) TimerEvent: {}
[153.842873] (-) TimerEvent: {}
[153.943850] (-) TimerEvent: {}
[154.044756] (-) TimerEvent: {}
[154.145240] (-) TimerEvent: {}
[154.245722] (-) TimerEvent: {}
[154.346201] (-) TimerEvent: {}
[154.446694] (-) TimerEvent: {}
[154.547229] (-) TimerEvent: {}
[154.647703] (-) TimerEvent: {}
[154.748156] (-) TimerEvent: {}
[154.848635] (-) TimerEvent: {}
[154.949154] (-) TimerEvent: {}
[155.049626] (-) TimerEvent: {}
[155.150122] (-) TimerEvent: {}
[155.250571] (-) TimerEvent: {}
[155.351030] (-) TimerEvent: {}
[155.451494] (-) TimerEvent: {}
[155.551972] (-) TimerEvent: {}
[155.652450] (-) TimerEvent: {}
[155.753037] (-) TimerEvent: {}
[155.853984] (-) TimerEvent: {}
[155.954970] (-) TimerEvent: {}
[156.055904] (-) TimerEvent: {}
[156.156369] (-) TimerEvent: {}
[156.256825] (-) TimerEvent: {}
[156.357281] (-) TimerEvent: {}
[156.457756] (-) TimerEvent: {}
[156.558236] (-) TimerEvent: {}
[156.658706] (-) TimerEvent: {}
[156.759170] (-) TimerEvent: {}
[156.859646] (-) TimerEvent: {}
[156.960118] (-) TimerEvent: {}
[157.060563] (-) TimerEvent: {}
[157.161072] (-) TimerEvent: {}
[157.261519] (-) TimerEvent: {}
[157.362006] (-) TimerEvent: {}
[157.462493] (-) TimerEvent: {}
[157.562948] (-) TimerEvent: {}
[157.663417] (-) TimerEvent: {}
[157.763885] (-) TimerEvent: {}
[157.864353] (-) TimerEvent: {}
[157.964835] (-) TimerEvent: {}
[158.065400] (-) TimerEvent: {}
[158.166352] (-) TimerEvent: {}
[158.267215] (-) TimerEvent: {}
[158.367690] (-) TimerEvent: {}
[158.468153] (-) TimerEvent: {}
[158.568690] (-) TimerEvent: {}
[158.669179] (-) TimerEvent: {}
[158.769757] (-) TimerEvent: {}
[158.870726] (-) TimerEvent: {}
[158.971561] (-) TimerEvent: {}
[159.072061] (-) TimerEvent: {}
[159.172532] (-) TimerEvent: {}
[159.273054] (-) TimerEvent: {}
[159.373522] (-) TimerEvent: {}
[159.474007] (-) TimerEvent: {}
[159.574471] (-) TimerEvent: {}
[159.674935] (-) TimerEvent: {}
[159.775417] (-) TimerEvent: {}
[159.876063] (-) TimerEvent: {}
[159.977114] (-) TimerEvent: {}
[160.078053] (-) TimerEvent: {}
[160.179135] (-) TimerEvent: {}
[160.280178] (-) TimerEvent: {}
[160.381179] (-) TimerEvent: {}
[160.482172] (-) TimerEvent: {}
[160.583095] (-) TimerEvent: {}
[160.683932] (-) TimerEvent: {}
[160.784390] (-) TimerEvent: {}
[160.884870] (-) TimerEvent: {}
[160.985364] (-) TimerEvent: {}
[161.085933] (-) TimerEvent: {}
[161.186930] (-) TimerEvent: {}
[161.287756] (-) TimerEvent: {}
[161.388225] (-) TimerEvent: {}
[161.488721] (-) TimerEvent: {}
[161.520791] (lio_sam) StderrLine: {'line': b'gmake[2]: *** [CMakeFiles/lio_sam_mapOptimization.dir/build.make:76\xef\xbc\x9aCMakeFiles/lio_sam_mapOptimization.dir/src/mapOptmization.cpp.o] \xe9\x94\x99\xe8\xaf\xaf 1\n'}
[161.524188] (lio_sam) StderrLine: {'line': b'gmake[1]: *** [CMakeFiles/Makefile2:680\xef\xbc\x9aCMakeFiles/lio_sam_mapOptimization.dir/all] \xe9\x94\x99\xe8\xaf\xaf 2\n'}
[161.524863] (lio_sam) StderrLine: {'line': b'gmake[1]: *** \xe6\xad\xa3\xe5\x9c\xa8\xe7\xad\x89\xe5\xbe\x85\xe6\x9c\xaa\xe5\xae\x8c\xe6\x88\x90\xe7\x9a\x84\xe4\xbb\xbb\xe5\x8a\xa1....\n'}
[161.588849] (-) TimerEvent: {}
[161.689302] (-) TimerEvent: {}
[161.789762] (-) TimerEvent: {}
[161.890219] (-) TimerEvent: {}
[161.990677] (-) TimerEvent: {}
[162.091133] (-) TimerEvent: {}
[162.191606] (-) TimerEvent: {}
[162.292076] (-) TimerEvent: {}
[162.392551] (-) TimerEvent: {}
[162.493041] (-) TimerEvent: {}
[162.593499] (-) TimerEvent: {}
[162.693954] (-) TimerEvent: {}
[162.794424] (-) TimerEvent: {}
[162.894883] (-) TimerEvent: {}
[162.995361] (-) TimerEvent: {}
[163.095930] (-) TimerEvent: {}
[163.196920] (-) TimerEvent: {}
[163.297782] (-) TimerEvent: {}
[163.398261] (-) TimerEvent: {}
[163.498776] (-) TimerEvent: {}
[163.599236] (-) TimerEvent: {}
[163.699688] (-) TimerEvent: {}
[163.800144] (-) TimerEvent: {}
[163.900605] (-) TimerEvent: {}
[164.001068] (-) TimerEvent: {}
[164.101654] (-) TimerEvent: {}
[164.202663] (-) TimerEvent: {}
[164.303640] (-) TimerEvent: {}
[164.404603] (-) TimerEvent: {}
[164.505591] (-) TimerEvent: {}
[164.606423] (-) TimerEvent: {}
[164.706914] (-) TimerEvent: {}
[164.807499] (-) TimerEvent: {}
[164.908501] (-) TimerEvent: {}
[165.009546] (-) TimerEvent: {}
[165.110460] (-) TimerEvent: {}
[165.211405] (-) TimerEvent: {}
[165.312347] (-) TimerEvent: {}
[165.413185] (-) TimerEvent: {}
[165.513650] (-) TimerEvent: {}
[165.614108] (-) TimerEvent: {}
[165.714688] (-) TimerEvent: {}
[165.815760] (-) TimerEvent: {}
[165.916806] (-) TimerEvent: {}
[166.017752] (-) TimerEvent: {}
[166.118231] (-) TimerEvent: {}
[166.218715] (-) TimerEvent: {}
[166.319202] (-) TimerEvent: {}
[166.419664] (-) TimerEvent: {}
[166.520130] (-) TimerEvent: {}
[166.620601] (-) TimerEvent: {}
[166.721051] (-) TimerEvent: {}
[166.821510] (-) TimerEvent: {}
[166.921969] (-) TimerEvent: {}
[167.022427] (-) TimerEvent: {}
[167.122875] (-) TimerEvent: {}
[167.223505] (-) TimerEvent: {}
[167.324467] (-) TimerEvent: {}
[167.425486] (-) TimerEvent: {}
[167.526461] (-) TimerEvent: {}
[167.627390] (-) TimerEvent: {}
[167.728338] (-) TimerEvent: {}
[167.829194] (-) TimerEvent: {}
[167.929665] (-) TimerEvent: {}
[168.030122] (-) TimerEvent: {}
[168.130590] (-) TimerEvent: {}
[168.231046] (-) TimerEvent: {}
[168.331509] (-) TimerEvent: {}
[168.432013] (-) TimerEvent: {}
[168.532482] (-) TimerEvent: {}
[168.632937] (-) TimerEvent: {}
[168.733396] (-) TimerEvent: {}
[168.833865] (-) TimerEvent: {}
[168.934329] (-) TimerEvent: {}
[169.034786] (-) TimerEvent: {}
[169.135260] (-) TimerEvent: {}
[169.235731] (-) TimerEvent: {}
[169.336187] (-) TimerEvent: {}
[169.436641] (-) TimerEvent: {}
[169.537096] (-) TimerEvent: {}
[169.637545] (-) TimerEvent: {}
[169.738009] (-) TimerEvent: {}
[169.838473] (-) TimerEvent: {}
[169.938938] (-) TimerEvent: {}
[170.039393] (-) TimerEvent: {}
[170.139863] (-) TimerEvent: {}
[170.240344] (-) TimerEvent: {}
[170.340901] (-) TimerEvent: {}
[170.441924] (-) TimerEvent: {}
[170.542846] (-) TimerEvent: {}
[170.643328] (-) TimerEvent: {}
[170.743799] (-) TimerEvent: {}
[170.844273] (-) TimerEvent: {}
[170.944726] (-) TimerEvent: {}
[171.045201] (-) TimerEvent: {}
[171.145675] (-) TimerEvent: {}
[171.246124] (-) TimerEvent: {}
[171.346593] (-) TimerEvent: {}
[171.447015] (-) TimerEvent: {}
[171.547477] (-) TimerEvent: {}
[171.647942] (-) TimerEvent: {}
[171.748409] (-) TimerEvent: {}
[171.848887] (-) TimerEvent: {}
[171.949340] (-) TimerEvent: {}
[172.049804] (-) TimerEvent: {}
[172.150275] (-) TimerEvent: {}
[172.250745] (-) TimerEvent: {}
[172.351304] (-) TimerEvent: {}
[172.452317] (-) TimerEvent: {}
[172.553292] (-) TimerEvent: {}
[172.654170] (-) TimerEvent: {}
[172.754641] (-) TimerEvent: {}
[172.855122] (-) TimerEvent: {}
[172.955598] (-) TimerEvent: {}
[173.056086] (-) TimerEvent: {}
[173.156571] (-) TimerEvent: {}
[173.257048] (-) TimerEvent: {}
[173.357514] (-) TimerEvent: {}
[173.458103] (-) TimerEvent: {}
[173.559095] (-) TimerEvent: {}
[173.660027] (-) TimerEvent: {}
[173.761071] (-) TimerEvent: {}
[173.862063] (-) TimerEvent: {}
[173.963077] (-) TimerEvent: {}
[174.064021] (-) TimerEvent: {}
[174.165014] (-) TimerEvent: {}
[174.265493] (-) TimerEvent: {}
[174.365955] (-) TimerEvent: {}
[174.466418] (-) TimerEvent: {}
[174.566887] (-) TimerEvent: {}
[174.667359] (-) TimerEvent: {}
[174.767820] (-) TimerEvent: {}
[174.868288] (-) TimerEvent: {}
[174.968766] (-) TimerEvent: {}
[175.069218] (-) TimerEvent: {}
[175.169672] (-) TimerEvent: {}
[175.270150] (-) TimerEvent: {}
[175.370627] (-) TimerEvent: {}
[175.471098] (-) TimerEvent: {}
[175.571557] (-) TimerEvent: {}
[175.672038] (-) TimerEvent: {}
[175.772599] (-) TimerEvent: {}
[175.873736] (-) TimerEvent: {}
[175.974775] (-) TimerEvent: {}
[176.075731] (-) TimerEvent: {}
[176.176695] (-) TimerEvent: {}
[176.277563] (-) TimerEvent: {}
[176.378031] (-) TimerEvent: {}
[176.478522] (-) TimerEvent: {}
[176.579020] (-) TimerEvent: {}
[176.679533] (-) TimerEvent: {}
[176.780005] (-) TimerEvent: {}
[176.880469] (-) TimerEvent: {}
[176.980944] (-) TimerEvent: {}
[177.081413] (-) TimerEvent: {}
[177.181889] (-) TimerEvent: {}
[177.282356] (-) TimerEvent: {}
[177.382824] (-) TimerEvent: {}
[177.483290] (-) TimerEvent: {}
[177.583747] (-) TimerEvent: {}
[177.684331] (-) TimerEvent: {}
[177.785438] (-) TimerEvent: {}
[177.886276] (-) TimerEvent: {}
[177.986731] (-) TimerEvent: {}
[178.087183] (-) TimerEvent: {}
[178.187637] (-) TimerEvent: {}
[178.288094] (-) TimerEvent: {}
[178.388575] (-) TimerEvent: {}
[178.489033] (-) TimerEvent: {}
[178.516755] (lio_sam) StdoutLine: {'line': b'[ 97%] \x1b[32m\x1b[1mLinking CXX executable lio_sam_imuPreintegration\x1b[0m\n'}
[178.589166] (-) TimerEvent: {}
[178.689644] (-) TimerEvent: {}
[178.790153] (-) TimerEvent: {}
[178.890597] (-) TimerEvent: {}
[178.991197] (-) TimerEvent: {}
[179.092175] (-) TimerEvent: {}
[179.192636] (-) TimerEvent: {}
[179.293103] (-) TimerEvent: {}
[179.393720] (-) TimerEvent: {}
[179.494989] (-) TimerEvent: {}
[179.596028] (-) TimerEvent: {}
[179.697095] (-) TimerEvent: {}
[179.798104] (-) TimerEvent: {}
[179.899099] (-) TimerEvent: {}
[180.000020] (-) TimerEvent: {}
[180.100619] (-) TimerEvent: {}
[180.201537] (-) TimerEvent: {}
[180.302033] (-) TimerEvent: {}
[180.402507] (-) TimerEvent: {}
[180.426576] (lio_sam) StdoutLine: {'line': b'[ 97%] Built target lio_sam_imuPreintegration\n'}
[180.437652] (lio_sam) StderrLine: {'line': b'gmake: *** [Makefile:146\xef\xbc\x9aall] \xe9\x94\x99\xe8\xaf\xaf 2\n'}
[180.515247] (-) TimerEvent: {}
[180.558966] (lio_sam) CommandEnded: {'returncode': 2}
[180.615606] (-) TimerEvent: {}
[180.722538] (-) TimerEvent: {}
[180.766666] (lio_sam) JobEnded: {'identifier': 'lio_sam', 'rc': 2}
[180.803885] (-) EventReactorShutdown: {}
