[0.000000] (-) TimerEvent: {}
[0.001047] (autorccar_interfaces) JobQueued: {'identifier': 'autorccar_interfaces', 'dependencies': OrderedDict()}
[0.001403] (lio_sam) JobQueued: {'identifier': 'lio_sam', 'dependencies': OrderedDict([('autorccar_interfaces', '/home/ztl/ROS_humble_LIO/install/autorccar_interfaces')])}
[0.001648] (autorccar_interfaces) JobStarted: {'identifier': 'autorccar_interfaces'}
[0.023461] (autorccar_interfaces) JobProgress: {'identifier': 'autorccar_interfaces', 'progress': 'cmake'}
[0.025393] (autorccar_interfaces) JobProgress: {'identifier': 'autorccar_interfaces', 'progress': 'build'}
[0.027582] (autorccar_interfaces) Command: {'cmd': ['/usr/bin/cmake', '--build', '/home/ztl/ROS_humble_LIO/build/autorccar_interfaces', '--', '-j8', '-l8'], 'cwd': '/home/ztl/ROS_humble_LIO/build/autorccar_interfaces', 'env': OrderedDict([('LESSOPEN', '| /usr/bin/lesspipe %s'), ('LANGUAGE', 'zh_CN:en'), ('USER', 'ztl'), ('LC_TIME', 'en_US.UTF-8'), ('XDG_SESSION_TYPE', 'x11'), ('SHLVL', '1'), ('LD_LIBRARY_PATH', '/home/ztl/lio-sam/src/LIO/LIO-SAM_MID360_ROS2_PKG/ros2/install/lio_sam/lib:/home/ztl/lio-sam/src/LIO/LIO-SAM_MID360_ROS2_PKG/ros2/install/autorccar_interfaces/lib:/home/ztl/project/install/livox_ros_driver2/lib:/opt/ros/humble/opt/rviz_ogre_vendor/lib:/opt/ros/humble/lib/aarch64-linux-gnu:/opt/ros/humble/lib'), ('HOME', '/home/ztl'), ('MUTTER_DEBUG_ENABLE_ATOMIC_KMS', '0'), ('DESKTOP_SESSION', 'ubuntu'), ('ROS_PYTHON_VERSION', '3'), ('GNOME_SHELL_SESSION_MODE', 'ubuntu'), ('GTK_MODULES', 'gail:atk-bridge'), ('LC_MONETARY', 'en_US.UTF-8'), ('DBUS_STARTER_BUS_TYPE', 'session'), ('SYSTEMD_EXEC_PID', '1138'), ('DBUS_SESSION_BUS_ADDRESS', 'unix:path=/run/user/1000/bus,guid=e38796444bff260aed25fbd367c59363'), ('COLORTERM', 'truecolor'), ('DEBUGINFOD_URLS', ''), ('IM_CONFIG_PHASE', '1'), ('COLCON_PREFIX_PATH', '/home/ztl/pointcloud2pcd/install:/home/ztl/lio-sam/src/LIO/LIO-SAM_MID360_ROS2_PKG/ros2/install:/home/ztl/project/install'), ('ROS_DISTRO', 'humble'), ('GTK_IM_MODULE', 'ibus'), ('LOGNAME', 'ztl'), ('_', '/usr/bin/colcon'), ('ROS_VERSION', '2'), ('XDG_SESSION_CLASS', 'user'), ('USERNAME', 'ztl'), ('TERM', 'xterm-256color'), ('GNOME_DESKTOP_SESSION_ID', 'this-is-deprecated'), ('ROS_LOCALHOST_ONLY', '0'), ('WINDOWPATH', '2'), ('PATH', '/opt/ros/humble/bin:/usr/local/sbin:/usr/local/bin:/usr/sbin:/usr/bin:/sbin:/bin:/usr/games:/usr/local/games:/snap/bin:/snap/bin'), ('SESSION_MANAGER', 'local/3588:@/tmp/.ICE-unix/1138,unix/3588:/tmp/.ICE-unix/1138'), ('PAPERSIZE', 'letter'), ('XDG_MENU_PREFIX', 'gnome-'), ('LC_ADDRESS', 'en_US.UTF-8'), ('GNOME_TERMINAL_SCREEN', '/org/gnome/Terminal/screen/15001a7c_95e8_42c3_83ca_8e6400d20d5f'), ('XDG_RUNTIME_DIR', '/run/user/1000'), ('DISPLAY', ':0'), ('LANG', 'zh_CN.UTF-8'), ('XDG_CURRENT_DESKTOP', 'ubuntu:GNOME'), ('LC_TELEPHONE', 'en_US.UTF-8'), ('XMODIFIERS', '@im=ibus'), ('XDG_SESSION_DESKTOP', 'ubuntu'), ('XAUTHORITY', '/run/user/1000/gdm/Xauthority'), ('LS_COLORS', 'rs=0:di=01;34:ln=01;36:mh=00:pi=40;33:so=01;35:do=01;35:bd=40;33;01:cd=40;33;01:or=40;31;01:mi=00:su=37;41:sg=30;43:ca=30;41:tw=30;42:ow=34;42:st=37;44:ex=01;32:*.tar=01;31:*.tgz=01;31:*.arc=01;31:*.arj=01;31:*.taz=01;31:*.lha=01;31:*.lz4=01;31:*.lzh=01;31:*.lzma=01;31:*.tlz=01;31:*.txz=01;31:*.tzo=01;31:*.t7z=01;31:*.zip=01;31:*.z=01;31:*.dz=01;31:*.gz=01;31:*.lrz=01;31:*.lz=01;31:*.lzo=01;31:*.xz=01;31:*.zst=01;31:*.tzst=01;31:*.bz2=01;31:*.bz=01;31:*.tbz=01;31:*.tbz2=01;31:*.tz=01;31:*.deb=01;31:*.rpm=01;31:*.jar=01;31:*.war=01;31:*.ear=01;31:*.sar=01;31:*.rar=01;31:*.alz=01;31:*.ace=01;31:*.zoo=01;31:*.cpio=01;31:*.7z=01;31:*.rz=01;31:*.cab=01;31:*.wim=01;31:*.swm=01;31:*.dwm=01;31:*.esd=01;31:*.jpg=01;35:*.jpeg=01;35:*.mjpg=01;35:*.mjpeg=01;35:*.gif=01;35:*.bmp=01;35:*.pbm=01;35:*.pgm=01;35:*.ppm=01;35:*.tga=01;35:*.xbm=01;35:*.xpm=01;35:*.tif=01;35:*.tiff=01;35:*.png=01;35:*.svg=01;35:*.svgz=01;35:*.mng=01;35:*.pcx=01;35:*.mov=01;35:*.mpg=01;35:*.mpeg=01;35:*.m2v=01;35:*.mkv=01;35:*.webm=01;35:*.webp=01;35:*.ogm=01;35:*.mp4=01;35:*.m4v=01;35:*.mp4v=01;35:*.vob=01;35:*.qt=01;35:*.nuv=01;35:*.wmv=01;35:*.asf=01;35:*.rm=01;35:*.rmvb=01;35:*.flc=01;35:*.avi=01;35:*.fli=01;35:*.flv=01;35:*.gl=01;35:*.dl=01;35:*.xcf=01;35:*.xwd=01;35:*.yuv=01;35:*.cgm=01;35:*.emf=01;35:*.ogv=01;35:*.ogx=01;35:*.aac=00;36:*.au=00;36:*.flac=00;36:*.m4a=00;36:*.mid=00;36:*.midi=00;36:*.mka=00;36:*.mp3=00;36:*.mpc=00;36:*.ogg=00;36:*.ra=00;36:*.wav=00;36:*.oga=00;36:*.opus=00;36:*.spx=00;36:*.xspf=00;36:'), ('GNOME_TERMINAL_SERVICE', ':1.95'), ('SSH_AGENT_LAUNCHER', 'gnome-keyring'), ('SSH_AUTH_SOCK', '/run/user/1000/keyring/ssh'), ('AMENT_PREFIX_PATH', '/home/ztl/pointcloud2pcd/install/pointcloud2_to_pcd:/home/ztl/lio-sam/src/LIO/LIO-SAM_MID360_ROS2_PKG/ros2/install/lio_sam:/home/ztl/lio-sam/src/LIO/LIO-SAM_MID360_ROS2_PKG/ros2/install/autorccar_interfaces:/home/ztl/project/install/livox_ros_driver2:/opt/ros/humble'), ('SHELL', '/bin/bash'), ('LC_NAME', 'en_US.UTF-8'), ('CLUTTER_PAINT', 'disable-dynamic-max-render-time'), ('QT_ACCESSIBILITY', '1'), ('GDMSESSION', 'ubuntu'), ('LESSCLOSE', '/usr/bin/lesspipe %s %s'), ('LC_MEASUREMENT', 'en_US.UTF-8'), ('GPG_AGENT_INFO', '/run/user/1000/gnupg/S.gpg-agent:0:1'), ('LC_IDENTIFICATION', 'en_US.UTF-8'), ('MUTTER_DEBUG_FORCE_KMS_MODE', 'simple'), ('QT_IM_MODULE', 'ibus'), ('PWD', '/home/ztl/ROS_humble_LIO/build/autorccar_interfaces'), ('XDG_CONFIG_DIRS', '/etc/xdg/xdg-ubuntu:/etc/xdg'), ('DBUS_STARTER_ADDRESS', 'unix:path=/run/user/1000/bus,guid=e38796444bff260aed25fbd367c59363'), ('XDG_DATA_DIRS', '/usr/share/ubuntu:/usr/share/gnome:/usr/local/share/:/usr/share/:/var/lib/snapd/desktop'), ('PYTHONPATH', '/home/ztl/lio-sam/src/LIO/LIO-SAM_MID360_ROS2_PKG/ros2/install/lio_sam/local/lib/python3.10/dist-packages:/home/ztl/lio-sam/src/LIO/LIO-SAM_MID360_ROS2_PKG/ros2/install/autorccar_interfaces/local/lib/python3.10/dist-packages:/home/ztl/project/install/livox_ros_driver2/local/lib/python3.10/dist-packages:/opt/ros/humble/lib/python3.10/site-packages:/opt/ros/humble/local/lib/python3.10/dist-packages'), ('LC_NUMERIC', 'en_US.UTF-8'), ('LC_PAPER', 'en_US.UTF-8'), ('COLCON', '1'), ('VTE_VERSION', '6800'), ('CMAKE_PREFIX_PATH', '/home/ztl/pointcloud2pcd/install/pointcloud2_to_pcd:/home/ztl/lio-sam/src/LIO/LIO-SAM_MID360_ROS2_PKG/ros2/install/lio_sam:/home/ztl/lio-sam/src/LIO/LIO-SAM_MID360_ROS2_PKG/ros2/install/autorccar_interfaces:/home/ztl/project/install/livox_ros_driver2:/opt/ros/humble')]), 'shell': False}
[0.098983] (-) TimerEvent: {}
[0.185696] (autorccar_interfaces) StdoutLine: {'line': b'[ 11%] Built target autorccar_interfaces__rosidl_generator_c\n'}
[0.199084] (-) TimerEvent: {}
[0.199527] (autorccar_interfaces) StdoutLine: {'line': b'[ 11%] Built target ament_cmake_python_copy_autorccar_interfaces\n'}
[0.208933] (autorccar_interfaces) StdoutLine: {'line': b'[ 12%] Built target autorccar_interfaces__cpp\n'}
[0.238072] (autorccar_interfaces) StdoutLine: {'line': b'[ 24%] Built target autorccar_interfaces__rosidl_typesupport_introspection_c\n'}
[0.258434] (autorccar_interfaces) StdoutLine: {'line': b'[ 35%] Built target autorccar_interfaces__rosidl_typesupport_c\n'}
[0.271825] (autorccar_interfaces) StdoutLine: {'line': b'[ 46%] Built target autorccar_interfaces__rosidl_typesupport_introspection_cpp\n'}
[0.277255] (autorccar_interfaces) StdoutLine: {'line': b'[ 58%] Built target autorccar_interfaces__rosidl_typesupport_cpp\n'}
[0.295630] (autorccar_interfaces) StdoutLine: {'line': b'[ 69%] Built target autorccar_interfaces__rosidl_typesupport_fastrtps_cpp\n'}
[0.299321] (-) TimerEvent: {}
[0.305179] (autorccar_interfaces) StdoutLine: {'line': b'[ 81%] Built target autorccar_interfaces__rosidl_typesupport_fastrtps_c\n'}
[0.381155] (autorccar_interfaces) StdoutLine: {'line': b'[ 81%] Built target autorccar_interfaces\n'}
[0.399511] (-) TimerEvent: {}
[0.431430] (autorccar_interfaces) StdoutLine: {'line': b'[ 82%] Built target autorccar_interfaces__py\n'}
[0.489598] (autorccar_interfaces) StdoutLine: {'line': b'[ 92%] Built target autorccar_interfaces__rosidl_generator_py\n'}
[0.499732] (-) TimerEvent: {}
[0.536199] (autorccar_interfaces) StdoutLine: {'line': b'[ 94%] Built target autorccar_interfaces__rosidl_typesupport_fastrtps_c__pyext\n'}
[0.557664] (autorccar_interfaces) StdoutLine: {'line': b'[ 97%] Built target autorccar_interfaces__rosidl_typesupport_introspection_c__pyext\n'}
[0.593380] (autorccar_interfaces) StdoutLine: {'line': b'[100%] Built target autorccar_interfaces__rosidl_typesupport_c__pyext\n'}
[0.599791] (-) TimerEvent: {}
[0.700208] (-) TimerEvent: {}
[0.800653] (-) TimerEvent: {}
[0.850816] (autorccar_interfaces) StdoutLine: {'line': b'running egg_info\n'}
[0.853293] (autorccar_interfaces) StdoutLine: {'line': b'writing autorccar_interfaces.egg-info/PKG-INFO\n'}
[0.854280] (autorccar_interfaces) StdoutLine: {'line': b'writing dependency_links to autorccar_interfaces.egg-info/dependency_links.txt\n'}
[0.855064] (autorccar_interfaces) StdoutLine: {'line': b'writing top-level names to autorccar_interfaces.egg-info/top_level.txt\n'}
[0.860252] (autorccar_interfaces) StdoutLine: {'line': b"reading manifest file 'autorccar_interfaces.egg-info/SOURCES.txt'\n"}
[0.861952] (autorccar_interfaces) StdoutLine: {'line': b"writing manifest file 'autorccar_interfaces.egg-info/SOURCES.txt'\n"}
[0.901002] (-) TimerEvent: {}
[0.940890] (autorccar_interfaces) StdoutLine: {'line': b'[100%] Built target ament_cmake_python_build_autorccar_interfaces_egg\n'}
[0.981246] (autorccar_interfaces) CommandEnded: {'returncode': 0}
[0.985656] (autorccar_interfaces) JobProgress: {'identifier': 'autorccar_interfaces', 'progress': 'install'}
[1.000021] (autorccar_interfaces) Command: {'cmd': ['/usr/bin/cmake', '--install', '/home/ztl/ROS_humble_LIO/build/autorccar_interfaces'], 'cwd': '/home/ztl/ROS_humble_LIO/build/autorccar_interfaces', 'env': OrderedDict([('LESSOPEN', '| /usr/bin/lesspipe %s'), ('LANGUAGE', 'zh_CN:en'), ('USER', 'ztl'), ('LC_TIME', 'en_US.UTF-8'), ('XDG_SESSION_TYPE', 'x11'), ('SHLVL', '1'), ('LD_LIBRARY_PATH', '/home/ztl/lio-sam/src/LIO/LIO-SAM_MID360_ROS2_PKG/ros2/install/lio_sam/lib:/home/ztl/lio-sam/src/LIO/LIO-SAM_MID360_ROS2_PKG/ros2/install/autorccar_interfaces/lib:/home/ztl/project/install/livox_ros_driver2/lib:/opt/ros/humble/opt/rviz_ogre_vendor/lib:/opt/ros/humble/lib/aarch64-linux-gnu:/opt/ros/humble/lib'), ('HOME', '/home/ztl'), ('MUTTER_DEBUG_ENABLE_ATOMIC_KMS', '0'), ('DESKTOP_SESSION', 'ubuntu'), ('ROS_PYTHON_VERSION', '3'), ('GNOME_SHELL_SESSION_MODE', 'ubuntu'), ('GTK_MODULES', 'gail:atk-bridge'), ('LC_MONETARY', 'en_US.UTF-8'), ('DBUS_STARTER_BUS_TYPE', 'session'), ('SYSTEMD_EXEC_PID', '1138'), ('DBUS_SESSION_BUS_ADDRESS', 'unix:path=/run/user/1000/bus,guid=e38796444bff260aed25fbd367c59363'), ('COLORTERM', 'truecolor'), ('DEBUGINFOD_URLS', ''), ('IM_CONFIG_PHASE', '1'), ('COLCON_PREFIX_PATH', '/home/ztl/pointcloud2pcd/install:/home/ztl/lio-sam/src/LIO/LIO-SAM_MID360_ROS2_PKG/ros2/install:/home/ztl/project/install'), ('ROS_DISTRO', 'humble'), ('GTK_IM_MODULE', 'ibus'), ('LOGNAME', 'ztl'), ('_', '/usr/bin/colcon'), ('ROS_VERSION', '2'), ('XDG_SESSION_CLASS', 'user'), ('USERNAME', 'ztl'), ('TERM', 'xterm-256color'), ('GNOME_DESKTOP_SESSION_ID', 'this-is-deprecated'), ('ROS_LOCALHOST_ONLY', '0'), ('WINDOWPATH', '2'), ('PATH', '/opt/ros/humble/bin:/usr/local/sbin:/usr/local/bin:/usr/sbin:/usr/bin:/sbin:/bin:/usr/games:/usr/local/games:/snap/bin:/snap/bin'), ('SESSION_MANAGER', 'local/3588:@/tmp/.ICE-unix/1138,unix/3588:/tmp/.ICE-unix/1138'), ('PAPERSIZE', 'letter'), ('XDG_MENU_PREFIX', 'gnome-'), ('LC_ADDRESS', 'en_US.UTF-8'), ('GNOME_TERMINAL_SCREEN', '/org/gnome/Terminal/screen/15001a7c_95e8_42c3_83ca_8e6400d20d5f'), ('XDG_RUNTIME_DIR', '/run/user/1000'), ('DISPLAY', ':0'), ('LANG', 'zh_CN.UTF-8'), ('XDG_CURRENT_DESKTOP', 'ubuntu:GNOME'), ('LC_TELEPHONE', 'en_US.UTF-8'), ('XMODIFIERS', '@im=ibus'), ('XDG_SESSION_DESKTOP', 'ubuntu'), ('XAUTHORITY', '/run/user/1000/gdm/Xauthority'), ('LS_COLORS', 'rs=0:di=01;34:ln=01;36:mh=00:pi=40;33:so=01;35:do=01;35:bd=40;33;01:cd=40;33;01:or=40;31;01:mi=00:su=37;41:sg=30;43:ca=30;41:tw=30;42:ow=34;42:st=37;44:ex=01;32:*.tar=01;31:*.tgz=01;31:*.arc=01;31:*.arj=01;31:*.taz=01;31:*.lha=01;31:*.lz4=01;31:*.lzh=01;31:*.lzma=01;31:*.tlz=01;31:*.txz=01;31:*.tzo=01;31:*.t7z=01;31:*.zip=01;31:*.z=01;31:*.dz=01;31:*.gz=01;31:*.lrz=01;31:*.lz=01;31:*.lzo=01;31:*.xz=01;31:*.zst=01;31:*.tzst=01;31:*.bz2=01;31:*.bz=01;31:*.tbz=01;31:*.tbz2=01;31:*.tz=01;31:*.deb=01;31:*.rpm=01;31:*.jar=01;31:*.war=01;31:*.ear=01;31:*.sar=01;31:*.rar=01;31:*.alz=01;31:*.ace=01;31:*.zoo=01;31:*.cpio=01;31:*.7z=01;31:*.rz=01;31:*.cab=01;31:*.wim=01;31:*.swm=01;31:*.dwm=01;31:*.esd=01;31:*.jpg=01;35:*.jpeg=01;35:*.mjpg=01;35:*.mjpeg=01;35:*.gif=01;35:*.bmp=01;35:*.pbm=01;35:*.pgm=01;35:*.ppm=01;35:*.tga=01;35:*.xbm=01;35:*.xpm=01;35:*.tif=01;35:*.tiff=01;35:*.png=01;35:*.svg=01;35:*.svgz=01;35:*.mng=01;35:*.pcx=01;35:*.mov=01;35:*.mpg=01;35:*.mpeg=01;35:*.m2v=01;35:*.mkv=01;35:*.webm=01;35:*.webp=01;35:*.ogm=01;35:*.mp4=01;35:*.m4v=01;35:*.mp4v=01;35:*.vob=01;35:*.qt=01;35:*.nuv=01;35:*.wmv=01;35:*.asf=01;35:*.rm=01;35:*.rmvb=01;35:*.flc=01;35:*.avi=01;35:*.fli=01;35:*.flv=01;35:*.gl=01;35:*.dl=01;35:*.xcf=01;35:*.xwd=01;35:*.yuv=01;35:*.cgm=01;35:*.emf=01;35:*.ogv=01;35:*.ogx=01;35:*.aac=00;36:*.au=00;36:*.flac=00;36:*.m4a=00;36:*.mid=00;36:*.midi=00;36:*.mka=00;36:*.mp3=00;36:*.mpc=00;36:*.ogg=00;36:*.ra=00;36:*.wav=00;36:*.oga=00;36:*.opus=00;36:*.spx=00;36:*.xspf=00;36:'), ('GNOME_TERMINAL_SERVICE', ':1.95'), ('SSH_AGENT_LAUNCHER', 'gnome-keyring'), ('SSH_AUTH_SOCK', '/run/user/1000/keyring/ssh'), ('AMENT_PREFIX_PATH', '/home/ztl/pointcloud2pcd/install/pointcloud2_to_pcd:/home/ztl/lio-sam/src/LIO/LIO-SAM_MID360_ROS2_PKG/ros2/install/lio_sam:/home/ztl/lio-sam/src/LIO/LIO-SAM_MID360_ROS2_PKG/ros2/install/autorccar_interfaces:/home/ztl/project/install/livox_ros_driver2:/opt/ros/humble'), ('SHELL', '/bin/bash'), ('LC_NAME', 'en_US.UTF-8'), ('CLUTTER_PAINT', 'disable-dynamic-max-render-time'), ('QT_ACCESSIBILITY', '1'), ('GDMSESSION', 'ubuntu'), ('LESSCLOSE', '/usr/bin/lesspipe %s %s'), ('LC_MEASUREMENT', 'en_US.UTF-8'), ('GPG_AGENT_INFO', '/run/user/1000/gnupg/S.gpg-agent:0:1'), ('LC_IDENTIFICATION', 'en_US.UTF-8'), ('MUTTER_DEBUG_FORCE_KMS_MODE', 'simple'), ('QT_IM_MODULE', 'ibus'), ('PWD', '/home/ztl/ROS_humble_LIO/build/autorccar_interfaces'), ('XDG_CONFIG_DIRS', '/etc/xdg/xdg-ubuntu:/etc/xdg'), ('DBUS_STARTER_ADDRESS', 'unix:path=/run/user/1000/bus,guid=e38796444bff260aed25fbd367c59363'), ('XDG_DATA_DIRS', '/usr/share/ubuntu:/usr/share/gnome:/usr/local/share/:/usr/share/:/var/lib/snapd/desktop'), ('PYTHONPATH', '/home/ztl/lio-sam/src/LIO/LIO-SAM_MID360_ROS2_PKG/ros2/install/lio_sam/local/lib/python3.10/dist-packages:/home/ztl/lio-sam/src/LIO/LIO-SAM_MID360_ROS2_PKG/ros2/install/autorccar_interfaces/local/lib/python3.10/dist-packages:/home/ztl/project/install/livox_ros_driver2/local/lib/python3.10/dist-packages:/opt/ros/humble/lib/python3.10/site-packages:/opt/ros/humble/local/lib/python3.10/dist-packages'), ('LC_NUMERIC', 'en_US.UTF-8'), ('LC_PAPER', 'en_US.UTF-8'), ('COLCON', '1'), ('VTE_VERSION', '6800'), ('CMAKE_PREFIX_PATH', '/home/ztl/pointcloud2pcd/install/pointcloud2_to_pcd:/home/ztl/lio-sam/src/LIO/LIO-SAM_MID360_ROS2_PKG/ros2/install/lio_sam:/home/ztl/lio-sam/src/LIO/LIO-SAM_MID360_ROS2_PKG/ros2/install/autorccar_interfaces:/home/ztl/project/install/livox_ros_driver2:/opt/ros/humble')]), 'shell': False}
[1.003976] (-) TimerEvent: {}
[1.017940] (autorccar_interfaces) StdoutLine: {'line': b'-- Install configuration: ""\n'}
[1.018638] (autorccar_interfaces) StdoutLine: {'line': b'-- Up-to-date: /home/ztl/ROS_humble_LIO/install/autorccar_interfaces/share/ament_index/resource_index/rosidl_interfaces/autorccar_interfaces\n'}
[1.019962] (autorccar_interfaces) StdoutLine: {'line': b'-- Up-to-date: /home/ztl/ROS_humble_LIO/install/autorccar_interfaces/include/autorccar_interfaces/autorccar_interfaces\n'}
[1.020716] (autorccar_interfaces) StdoutLine: {'line': b'-- Up-to-date: /home/ztl/ROS_humble_LIO/install/autorccar_interfaces/include/autorccar_interfaces/autorccar_interfaces/msg\n'}
[1.021591] (autorccar_interfaces) StdoutLine: {'line': b'-- Up-to-date: /home/ztl/ROS_humble_LIO/install/autorccar_interfaces/include/autorccar_interfaces/autorccar_interfaces/msg/bounding_boxes.h\n'}
[1.022478] (autorccar_interfaces) StdoutLine: {'line': b'-- Up-to-date: /home/ztl/ROS_humble_LIO/install/autorccar_interfaces/include/autorccar_interfaces/autorccar_interfaces/msg/detail\n'}
[1.023442] (autorccar_interfaces) StdoutLine: {'line': b'-- Up-to-date: /home/ztl/ROS_humble_LIO/install/autorccar_interfaces/include/autorccar_interfaces/autorccar_interfaces/msg/detail/control_command__struct.h\n'}
[1.024388] (autorccar_interfaces) StdoutLine: {'line': b'-- Up-to-date: /home/ztl/ROS_humble_LIO/install/autorccar_interfaces/include/autorccar_interfaces/autorccar_interfaces/msg/detail/control_command__functions.h\n'}
[1.025120] (autorccar_interfaces) StdoutLine: {'line': b'-- Up-to-date: /home/ztl/ROS_humble_LIO/install/autorccar_interfaces/include/autorccar_interfaces/autorccar_interfaces/msg/detail/bounding_boxes__functions.c\n'}
[1.026060] (autorccar_interfaces) StdoutLine: {'line': b'-- Up-to-date: /home/ztl/ROS_humble_LIO/install/autorccar_interfaces/include/autorccar_interfaces/autorccar_interfaces/msg/detail/nav_state__functions.h\n'}
[1.026779] (autorccar_interfaces) StdoutLine: {'line': b'-- Up-to-date: /home/ztl/ROS_humble_LIO/install/autorccar_interfaces/include/autorccar_interfaces/autorccar_interfaces/msg/detail/bounding_boxes__functions.h\n'}
[1.027807] (autorccar_interfaces) StdoutLine: {'line': b'-- Up-to-date: /home/ztl/ROS_humble_LIO/install/autorccar_interfaces/include/autorccar_interfaces/autorccar_interfaces/msg/detail/nav_state__type_support.h\n'}
[1.028733] (autorccar_interfaces) StdoutLine: {'line': b'-- Up-to-date: /home/ztl/ROS_humble_LIO/install/autorccar_interfaces/include/autorccar_interfaces/autorccar_interfaces/msg/detail/bounding_boxes__struct.h\n'}
[1.029991] (autorccar_interfaces) StdoutLine: {'line': b'-- Up-to-date: /home/ztl/ROS_humble_LIO/install/autorccar_interfaces/include/autorccar_interfaces/autorccar_interfaces/msg/detail/control_command__type_support.h\n'}
[1.030488] (autorccar_interfaces) StdoutLine: {'line': b'-- Up-to-date: /home/ztl/ROS_humble_LIO/install/autorccar_interfaces/include/autorccar_interfaces/autorccar_interfaces/msg/detail/imu__functions.h\n'}
[1.030841] (autorccar_interfaces) StdoutLine: {'line': b'-- Up-to-date: /home/ztl/ROS_humble_LIO/install/autorccar_interfaces/include/autorccar_interfaces/autorccar_interfaces/msg/detail/gnss__functions.h\n'}
[1.031019] (autorccar_interfaces) StdoutLine: {'line': b'-- Up-to-date: /home/ztl/ROS_humble_LIO/install/autorccar_interfaces/include/autorccar_interfaces/autorccar_interfaces/msg/detail/path__functions.c\n'}
[1.031182] (autorccar_interfaces) StdoutLine: {'line': b'-- Up-to-date: /home/ztl/ROS_humble_LIO/install/autorccar_interfaces/include/autorccar_interfaces/autorccar_interfaces/msg/detail/path_point__struct.h\n'}
[1.031343] (autorccar_interfaces) StdoutLine: {'line': b'-- Up-to-date: /home/ztl/ROS_humble_LIO/install/autorccar_interfaces/include/autorccar_interfaces/autorccar_interfaces/msg/detail/imu__type_support.h\n'}
[1.031732] (autorccar_interfaces) StdoutLine: {'line': b'-- Up-to-date: /home/ztl/ROS_humble_LIO/install/autorccar_interfaces/include/autorccar_interfaces/autorccar_interfaces/msg/detail/path__functions.h\n'}
[1.031905] (autorccar_interfaces) StdoutLine: {'line': b'-- Up-to-date: /home/ztl/ROS_humble_LIO/install/autorccar_interfaces/include/autorccar_interfaces/autorccar_interfaces/msg/detail/path_point__type_support.h\n'}
[1.032051] (autorccar_interfaces) StdoutLine: {'line': b'-- Up-to-date: /home/ztl/ROS_humble_LIO/install/autorccar_interfaces/include/autorccar_interfaces/autorccar_interfaces/msg/detail/path_point__functions.c\n'}
[1.032194] (autorccar_interfaces) StdoutLine: {'line': b'-- Up-to-date: /home/ztl/ROS_humble_LIO/install/autorccar_interfaces/include/autorccar_interfaces/autorccar_interfaces/msg/detail/gnss__struct.h\n'}
[1.032337] (autorccar_interfaces) StdoutLine: {'line': b'-- Up-to-date: /home/ztl/ROS_humble_LIO/install/autorccar_interfaces/include/autorccar_interfaces/autorccar_interfaces/msg/detail/control_command__functions.c\n'}
[1.032478] (autorccar_interfaces) StdoutLine: {'line': b'-- Up-to-date: /home/ztl/ROS_humble_LIO/install/autorccar_interfaces/include/autorccar_interfaces/autorccar_interfaces/msg/detail/gnss__type_support.h\n'}
[1.032627] (autorccar_interfaces) StdoutLine: {'line': b'-- Up-to-date: /home/ztl/ROS_humble_LIO/install/autorccar_interfaces/include/autorccar_interfaces/autorccar_interfaces/msg/detail/bounding_boxes__type_support.h\n'}
[1.032772] (autorccar_interfaces) StdoutLine: {'line': b'-- Up-to-date: /home/ztl/ROS_humble_LIO/install/autorccar_interfaces/include/autorccar_interfaces/autorccar_interfaces/msg/detail/path__struct.h\n'}
[1.032912] (autorccar_interfaces) StdoutLine: {'line': b'-- Up-to-date: /home/ztl/ROS_humble_LIO/install/autorccar_interfaces/include/autorccar_interfaces/autorccar_interfaces/msg/detail/nav_state__struct.h\n'}
[1.033052] (autorccar_interfaces) StdoutLine: {'line': b'-- Up-to-date: /home/ztl/ROS_humble_LIO/install/autorccar_interfaces/include/autorccar_interfaces/autorccar_interfaces/msg/detail/imu__functions.c\n'}
[1.033192] (autorccar_interfaces) StdoutLine: {'line': b'-- Up-to-date: /home/ztl/ROS_humble_LIO/install/autorccar_interfaces/include/autorccar_interfaces/autorccar_interfaces/msg/detail/imu__struct.h\n'}
[1.033335] (autorccar_interfaces) StdoutLine: {'line': b'-- Up-to-date: /home/ztl/ROS_humble_LIO/install/autorccar_interfaces/include/autorccar_interfaces/autorccar_interfaces/msg/detail/gnss__functions.c\n'}
[1.033475] (autorccar_interfaces) StdoutLine: {'line': b'-- Up-to-date: /home/ztl/ROS_humble_LIO/install/autorccar_interfaces/include/autorccar_interfaces/autorccar_interfaces/msg/detail/nav_state__functions.c\n'}
[1.033615] (autorccar_interfaces) StdoutLine: {'line': b'-- Up-to-date: /home/ztl/ROS_humble_LIO/install/autorccar_interfaces/include/autorccar_interfaces/autorccar_interfaces/msg/detail/path_point__functions.h\n'}
[1.033759] (autorccar_interfaces) StdoutLine: {'line': b'-- Up-to-date: /home/ztl/ROS_humble_LIO/install/autorccar_interfaces/include/autorccar_interfaces/autorccar_interfaces/msg/detail/path__type_support.h\n'}
[1.033899] (autorccar_interfaces) StdoutLine: {'line': b'-- Up-to-date: /home/ztl/ROS_humble_LIO/install/autorccar_interfaces/include/autorccar_interfaces/autorccar_interfaces/msg/gnss.h\n'}
[1.034043] (autorccar_interfaces) StdoutLine: {'line': b'-- Up-to-date: /home/ztl/ROS_humble_LIO/install/autorccar_interfaces/include/autorccar_interfaces/autorccar_interfaces/msg/path.h\n'}
[1.034183] (autorccar_interfaces) StdoutLine: {'line': b'-- Up-to-date: /home/ztl/ROS_humble_LIO/install/autorccar_interfaces/include/autorccar_interfaces/autorccar_interfaces/msg/path_point.h\n'}
[1.034325] (autorccar_interfaces) StdoutLine: {'line': b'-- Up-to-date: /home/ztl/ROS_humble_LIO/install/autorccar_interfaces/include/autorccar_interfaces/autorccar_interfaces/msg/control_command.h\n'}
[1.034465] (autorccar_interfaces) StdoutLine: {'line': b'-- Up-to-date: /home/ztl/ROS_humble_LIO/install/autorccar_interfaces/include/autorccar_interfaces/autorccar_interfaces/msg/rosidl_generator_c__visibility_control.h\n'}
[1.034614] (autorccar_interfaces) StdoutLine: {'line': b'-- Up-to-date: /home/ztl/ROS_humble_LIO/install/autorccar_interfaces/include/autorccar_interfaces/autorccar_interfaces/msg/imu.h\n'}
[1.034760] (autorccar_interfaces) StdoutLine: {'line': b'-- Up-to-date: /home/ztl/ROS_humble_LIO/install/autorccar_interfaces/include/autorccar_interfaces/autorccar_interfaces/msg/nav_state.h\n'}
[1.034964] (autorccar_interfaces) StdoutLine: {'line': b'-- Up-to-date: /home/ztl/ROS_humble_LIO/install/autorccar_interfaces/share/autorccar_interfaces/environment/library_path.sh\n'}
[1.035127] (autorccar_interfaces) StdoutLine: {'line': b'-- Up-to-date: /home/ztl/ROS_humble_LIO/install/autorccar_interfaces/share/autorccar_interfaces/environment/library_path.dsv\n'}
[1.035276] (autorccar_interfaces) StdoutLine: {'line': b'-- Up-to-date: /home/ztl/ROS_humble_LIO/install/autorccar_interfaces/lib/libautorccar_interfaces__rosidl_generator_c.so\n'}
[1.035418] (autorccar_interfaces) StdoutLine: {'line': b'-- Up-to-date: /home/ztl/ROS_humble_LIO/install/autorccar_interfaces/include/autorccar_interfaces/autorccar_interfaces\n'}
[1.035573] (autorccar_interfaces) StdoutLine: {'line': b'-- Up-to-date: /home/ztl/ROS_humble_LIO/install/autorccar_interfaces/include/autorccar_interfaces/autorccar_interfaces/msg\n'}
[1.035713] (autorccar_interfaces) StdoutLine: {'line': b'-- Up-to-date: /home/ztl/ROS_humble_LIO/install/autorccar_interfaces/include/autorccar_interfaces/autorccar_interfaces/msg/detail\n'}
[1.035854] (autorccar_interfaces) StdoutLine: {'line': b'-- Up-to-date: /home/ztl/ROS_humble_LIO/install/autorccar_interfaces/include/autorccar_interfaces/autorccar_interfaces/msg/detail/nav_state__rosidl_typesupport_fastrtps_c.h\n'}
[1.036009] (autorccar_interfaces) StdoutLine: {'line': b'-- Up-to-date: /home/ztl/ROS_humble_LIO/install/autorccar_interfaces/include/autorccar_interfaces/autorccar_interfaces/msg/detail/bounding_boxes__rosidl_typesupport_fastrtps_c.h\n'}
[1.036153] (autorccar_interfaces) StdoutLine: {'line': b'-- Up-to-date: /home/ztl/ROS_humble_LIO/install/autorccar_interfaces/include/autorccar_interfaces/autorccar_interfaces/msg/detail/path_point__rosidl_typesupport_fastrtps_c.h\n'}
[1.036295] (autorccar_interfaces) StdoutLine: {'line': b'-- Up-to-date: /home/ztl/ROS_humble_LIO/install/autorccar_interfaces/include/autorccar_interfaces/autorccar_interfaces/msg/detail/imu__rosidl_typesupport_fastrtps_c.h\n'}
[1.036436] (autorccar_interfaces) StdoutLine: {'line': b'-- Up-to-date: /home/ztl/ROS_humble_LIO/install/autorccar_interfaces/include/autorccar_interfaces/autorccar_interfaces/msg/detail/control_command__rosidl_typesupport_fastrtps_c.h\n'}
[1.036579] (autorccar_interfaces) StdoutLine: {'line': b'-- Up-to-date: /home/ztl/ROS_humble_LIO/install/autorccar_interfaces/include/autorccar_interfaces/autorccar_interfaces/msg/detail/gnss__rosidl_typesupport_fastrtps_c.h\n'}
[1.036720] (autorccar_interfaces) StdoutLine: {'line': b'-- Up-to-date: /home/ztl/ROS_humble_LIO/install/autorccar_interfaces/include/autorccar_interfaces/autorccar_interfaces/msg/detail/path__rosidl_typesupport_fastrtps_c.h\n'}
[1.036865] (autorccar_interfaces) StdoutLine: {'line': b'-- Up-to-date: /home/ztl/ROS_humble_LIO/install/autorccar_interfaces/include/autorccar_interfaces/autorccar_interfaces/msg/rosidl_typesupport_fastrtps_c__visibility_control.h\n'}
[1.037006] (autorccar_interfaces) StdoutLine: {'line': b'-- Up-to-date: /home/ztl/ROS_humble_LIO/install/autorccar_interfaces/lib/libautorccar_interfaces__rosidl_typesupport_fastrtps_c.so\n'}
[1.037147] (autorccar_interfaces) StdoutLine: {'line': b'-- Up-to-date: /home/ztl/ROS_humble_LIO/install/autorccar_interfaces/include/autorccar_interfaces/autorccar_interfaces\n'}
[1.037287] (autorccar_interfaces) StdoutLine: {'line': b'-- Up-to-date: /home/ztl/ROS_humble_LIO/install/autorccar_interfaces/include/autorccar_interfaces/autorccar_interfaces/msg\n'}
[1.037428] (autorccar_interfaces) StdoutLine: {'line': b'-- Up-to-date: /home/ztl/ROS_humble_LIO/install/autorccar_interfaces/include/autorccar_interfaces/autorccar_interfaces/msg/detail\n'}
[1.037570] (autorccar_interfaces) StdoutLine: {'line': b'-- Up-to-date: /home/ztl/ROS_humble_LIO/install/autorccar_interfaces/include/autorccar_interfaces/autorccar_interfaces/msg/detail/path__struct.hpp\n'}
[1.037712] (autorccar_interfaces) StdoutLine: {'line': b'-- Up-to-date: /home/ztl/ROS_humble_LIO/install/autorccar_interfaces/include/autorccar_interfaces/autorccar_interfaces/msg/detail/nav_state__traits.hpp\n'}
[1.037853] (autorccar_interfaces) StdoutLine: {'line': b'-- Up-to-date: /home/ztl/ROS_humble_LIO/install/autorccar_interfaces/include/autorccar_interfaces/autorccar_interfaces/msg/detail/path_point__struct.hpp\n'}
[1.037996] (autorccar_interfaces) StdoutLine: {'line': b'-- Up-to-date: /home/ztl/ROS_humble_LIO/install/autorccar_interfaces/include/autorccar_interfaces/autorccar_interfaces/msg/detail/control_command__type_support.hpp\n'}
[1.038149] (autorccar_interfaces) StdoutLine: {'line': b'-- Up-to-date: /home/ztl/ROS_humble_LIO/install/autorccar_interfaces/include/autorccar_interfaces/autorccar_interfaces/msg/detail/gnss__traits.hpp\n'}
[1.038312] (autorccar_interfaces) StdoutLine: {'line': b'-- Up-to-date: /home/ztl/ROS_humble_LIO/install/autorccar_interfaces/include/autorccar_interfaces/autorccar_interfaces/msg/detail/path__traits.hpp\n'}
[1.038459] (autorccar_interfaces) StdoutLine: {'line': b'-- Up-to-date: /home/ztl/ROS_humble_LIO/install/autorccar_interfaces/include/autorccar_interfaces/autorccar_interfaces/msg/detail/bounding_boxes__struct.hpp\n'}
[1.038623] (autorccar_interfaces) StdoutLine: {'line': b'-- Up-to-date: /home/ztl/ROS_humble_LIO/install/autorccar_interfaces/include/autorccar_interfaces/autorccar_interfaces/msg/detail/nav_state__builder.hpp\n'}
[1.038769] (autorccar_interfaces) StdoutLine: {'line': b'-- Up-to-date: /home/ztl/ROS_humble_LIO/install/autorccar_interfaces/include/autorccar_interfaces/autorccar_interfaces/msg/detail/bounding_boxes__traits.hpp\n'}
[1.038914] (autorccar_interfaces) StdoutLine: {'line': b'-- Up-to-date: /home/ztl/ROS_humble_LIO/install/autorccar_interfaces/include/autorccar_interfaces/autorccar_interfaces/msg/detail/path__type_support.hpp\n'}
[1.039056] (autorccar_interfaces) StdoutLine: {'line': b'-- Up-to-date: /home/ztl/ROS_humble_LIO/install/autorccar_interfaces/include/autorccar_interfaces/autorccar_interfaces/msg/detail/imu__builder.hpp\n'}
[1.039195] (autorccar_interfaces) StdoutLine: {'line': b'-- Up-to-date: /home/ztl/ROS_humble_LIO/install/autorccar_interfaces/include/autorccar_interfaces/autorccar_interfaces/msg/detail/gnss__struct.hpp\n'}
[1.039334] (autorccar_interfaces) StdoutLine: {'line': b'-- Up-to-date: /home/ztl/ROS_humble_LIO/install/autorccar_interfaces/include/autorccar_interfaces/autorccar_interfaces/msg/detail/nav_state__type_support.hpp\n'}
[1.039476] (autorccar_interfaces) StdoutLine: {'line': b'-- Up-to-date: /home/ztl/ROS_humble_LIO/install/autorccar_interfaces/include/autorccar_interfaces/autorccar_interfaces/msg/detail/control_command__builder.hpp\n'}
[1.039616] (autorccar_interfaces) StdoutLine: {'line': b'-- Up-to-date: /home/ztl/ROS_humble_LIO/install/autorccar_interfaces/include/autorccar_interfaces/autorccar_interfaces/msg/detail/path__builder.hpp\n'}
[1.039757] (autorccar_interfaces) StdoutLine: {'line': b'-- Up-to-date: /home/ztl/ROS_humble_LIO/install/autorccar_interfaces/include/autorccar_interfaces/autorccar_interfaces/msg/detail/path_point__traits.hpp\n'}
[1.039909] (autorccar_interfaces) StdoutLine: {'line': b'-- Up-to-date: /home/ztl/ROS_humble_LIO/install/autorccar_interfaces/include/autorccar_interfaces/autorccar_interfaces/msg/detail/control_command__struct.hpp\n'}
[1.040051] (autorccar_interfaces) StdoutLine: {'line': b'-- Up-to-date: /home/ztl/ROS_humble_LIO/install/autorccar_interfaces/include/autorccar_interfaces/autorccar_interfaces/msg/detail/gnss__type_support.hpp\n'}
[1.040190] (autorccar_interfaces) StdoutLine: {'line': b'-- Up-to-date: /home/ztl/ROS_humble_LIO/install/autorccar_interfaces/include/autorccar_interfaces/autorccar_interfaces/msg/detail/imu__struct.hpp\n'}
[1.040332] (autorccar_interfaces) StdoutLine: {'line': b'-- Up-to-date: /home/ztl/ROS_humble_LIO/install/autorccar_interfaces/include/autorccar_interfaces/autorccar_interfaces/msg/detail/nav_state__struct.hpp\n'}
[1.040474] (autorccar_interfaces) StdoutLine: {'line': b'-- Up-to-date: /home/ztl/ROS_humble_LIO/install/autorccar_interfaces/include/autorccar_interfaces/autorccar_interfaces/msg/detail/path_point__type_support.hpp\n'}
[1.040615] (autorccar_interfaces) StdoutLine: {'line': b'-- Up-to-date: /home/ztl/ROS_humble_LIO/install/autorccar_interfaces/include/autorccar_interfaces/autorccar_interfaces/msg/detail/control_command__traits.hpp\n'}
[1.040756] (autorccar_interfaces) StdoutLine: {'line': b'-- Up-to-date: /home/ztl/ROS_humble_LIO/install/autorccar_interfaces/include/autorccar_interfaces/autorccar_interfaces/msg/detail/path_point__builder.hpp\n'}
[1.040898] (autorccar_interfaces) StdoutLine: {'line': b'-- Up-to-date: /home/ztl/ROS_humble_LIO/install/autorccar_interfaces/include/autorccar_interfaces/autorccar_interfaces/msg/detail/imu__traits.hpp\n'}
[1.041045] (autorccar_interfaces) StdoutLine: {'line': b'-- Up-to-date: /home/ztl/ROS_humble_LIO/install/autorccar_interfaces/include/autorccar_interfaces/autorccar_interfaces/msg/detail/imu__type_support.hpp\n'}
[1.041186] (autorccar_interfaces) StdoutLine: {'line': b'-- Up-to-date: /home/ztl/ROS_humble_LIO/install/autorccar_interfaces/include/autorccar_interfaces/autorccar_interfaces/msg/detail/bounding_boxes__type_support.hpp\n'}
[1.041328] (autorccar_interfaces) StdoutLine: {'line': b'-- Up-to-date: /home/ztl/ROS_humble_LIO/install/autorccar_interfaces/include/autorccar_interfaces/autorccar_interfaces/msg/detail/bounding_boxes__builder.hpp\n'}
[1.041481] (autorccar_interfaces) StdoutLine: {'line': b'-- Up-to-date: /home/ztl/ROS_humble_LIO/install/autorccar_interfaces/include/autorccar_interfaces/autorccar_interfaces/msg/detail/gnss__builder.hpp\n'}
[1.041625] (autorccar_interfaces) StdoutLine: {'line': b'-- Up-to-date: /home/ztl/ROS_humble_LIO/install/autorccar_interfaces/include/autorccar_interfaces/autorccar_interfaces/msg/bounding_boxes.hpp\n'}
[1.041772] (autorccar_interfaces) StdoutLine: {'line': b'-- Up-to-date: /home/ztl/ROS_humble_LIO/install/autorccar_interfaces/include/autorccar_interfaces/autorccar_interfaces/msg/imu.hpp\n'}
[1.041913] (autorccar_interfaces) StdoutLine: {'line': b'-- Up-to-date: /home/ztl/ROS_humble_LIO/install/autorccar_interfaces/include/autorccar_interfaces/autorccar_interfaces/msg/rosidl_generator_cpp__visibility_control.hpp\n'}
[1.042055] (autorccar_interfaces) StdoutLine: {'line': b'-- Up-to-date: /home/ztl/ROS_humble_LIO/install/autorccar_interfaces/include/autorccar_interfaces/autorccar_interfaces/msg/gnss.hpp\n'}
[1.042201] (autorccar_interfaces) StdoutLine: {'line': b'-- Up-to-date: /home/ztl/ROS_humble_LIO/install/autorccar_interfaces/include/autorccar_interfaces/autorccar_interfaces/msg/control_command.hpp\n'}
[1.042344] (autorccar_interfaces) StdoutLine: {'line': b'-- Up-to-date: /home/ztl/ROS_humble_LIO/install/autorccar_interfaces/include/autorccar_interfaces/autorccar_interfaces/msg/path.hpp\n'}
[1.042485] (autorccar_interfaces) StdoutLine: {'line': b'-- Up-to-date: /home/ztl/ROS_humble_LIO/install/autorccar_interfaces/include/autorccar_interfaces/autorccar_interfaces/msg/nav_state.hpp\n'}
[1.042626] (autorccar_interfaces) StdoutLine: {'line': b'-- Up-to-date: /home/ztl/ROS_humble_LIO/install/autorccar_interfaces/include/autorccar_interfaces/autorccar_interfaces/msg/path_point.hpp\n'}
[1.042766] (autorccar_interfaces) StdoutLine: {'line': b'-- Up-to-date: /home/ztl/ROS_humble_LIO/install/autorccar_interfaces/include/autorccar_interfaces/autorccar_interfaces\n'}
[1.042909] (autorccar_interfaces) StdoutLine: {'line': b'-- Up-to-date: /home/ztl/ROS_humble_LIO/install/autorccar_interfaces/include/autorccar_interfaces/autorccar_interfaces/msg\n'}
[1.043050] (autorccar_interfaces) StdoutLine: {'line': b'-- Up-to-date: /home/ztl/ROS_humble_LIO/install/autorccar_interfaces/include/autorccar_interfaces/autorccar_interfaces/msg/detail\n'}
[1.043190] (autorccar_interfaces) StdoutLine: {'line': b'-- Up-to-date: /home/ztl/ROS_humble_LIO/install/autorccar_interfaces/include/autorccar_interfaces/autorccar_interfaces/msg/detail/nav_state__rosidl_typesupport_fastrtps_cpp.hpp\n'}
[1.043334] (autorccar_interfaces) StdoutLine: {'line': b'-- Up-to-date: /home/ztl/ROS_humble_LIO/install/autorccar_interfaces/include/autorccar_interfaces/autorccar_interfaces/msg/detail/control_command__rosidl_typesupport_fastrtps_cpp.hpp\n'}
[1.043476] (autorccar_interfaces) StdoutLine: {'line': b'-- Up-to-date: /home/ztl/ROS_humble_LIO/install/autorccar_interfaces/include/autorccar_interfaces/autorccar_interfaces/msg/detail/gnss__rosidl_typesupport_fastrtps_cpp.hpp\n'}
[1.043620] (autorccar_interfaces) StdoutLine: {'line': b'-- Up-to-date: /home/ztl/ROS_humble_LIO/install/autorccar_interfaces/include/autorccar_interfaces/autorccar_interfaces/msg/detail/path__rosidl_typesupport_fastrtps_cpp.hpp\n'}
[1.043783] (autorccar_interfaces) StdoutLine: {'line': b'-- Up-to-date: /home/ztl/ROS_humble_LIO/install/autorccar_interfaces/include/autorccar_interfaces/autorccar_interfaces/msg/detail/dds_fastrtps\n'}
[1.043932] (autorccar_interfaces) StdoutLine: {'line': b'-- Up-to-date: /home/ztl/ROS_humble_LIO/install/autorccar_interfaces/include/autorccar_interfaces/autorccar_interfaces/msg/detail/imu__rosidl_typesupport_fastrtps_cpp.hpp\n'}
[1.044077] (autorccar_interfaces) StdoutLine: {'line': b'-- Up-to-date: /home/ztl/ROS_humble_LIO/install/autorccar_interfaces/include/autorccar_interfaces/autorccar_interfaces/msg/detail/bounding_boxes__rosidl_typesupport_fastrtps_cpp.hpp\n'}
[1.044219] (autorccar_interfaces) StdoutLine: {'line': b'-- Up-to-date: /home/ztl/ROS_humble_LIO/install/autorccar_interfaces/include/autorccar_interfaces/autorccar_interfaces/msg/detail/path_point__rosidl_typesupport_fastrtps_cpp.hpp\n'}
[1.044361] (autorccar_interfaces) StdoutLine: {'line': b'-- Up-to-date: /home/ztl/ROS_humble_LIO/install/autorccar_interfaces/include/autorccar_interfaces/autorccar_interfaces/msg/rosidl_typesupport_fastrtps_cpp__visibility_control.h\n'}
[1.044504] (autorccar_interfaces) StdoutLine: {'line': b'-- Up-to-date: /home/ztl/ROS_humble_LIO/install/autorccar_interfaces/lib/libautorccar_interfaces__rosidl_typesupport_fastrtps_cpp.so\n'}
[1.044647] (autorccar_interfaces) StdoutLine: {'line': b'-- Up-to-date: /home/ztl/ROS_humble_LIO/install/autorccar_interfaces/include/autorccar_interfaces/autorccar_interfaces\n'}
[1.044798] (autorccar_interfaces) StdoutLine: {'line': b'-- Up-to-date: /home/ztl/ROS_humble_LIO/install/autorccar_interfaces/include/autorccar_interfaces/autorccar_interfaces/msg\n'}
[1.044944] (autorccar_interfaces) StdoutLine: {'line': b'-- Up-to-date: /home/ztl/ROS_humble_LIO/install/autorccar_interfaces/include/autorccar_interfaces/autorccar_interfaces/msg/detail\n'}
[1.045085] (autorccar_interfaces) StdoutLine: {'line': b'-- Up-to-date: /home/ztl/ROS_humble_LIO/install/autorccar_interfaces/include/autorccar_interfaces/autorccar_interfaces/msg/detail/bounding_boxes__rosidl_typesupport_introspection_c.h\n'}
[1.045228] (autorccar_interfaces) StdoutLine: {'line': b'-- Up-to-date: /home/ztl/ROS_humble_LIO/install/autorccar_interfaces/include/autorccar_interfaces/autorccar_interfaces/msg/detail/path_point__rosidl_typesupport_introspection_c.h\n'}
[1.045369] (autorccar_interfaces) StdoutLine: {'line': b'-- Up-to-date: /home/ztl/ROS_humble_LIO/install/autorccar_interfaces/include/autorccar_interfaces/autorccar_interfaces/msg/detail/gnss__type_support.c\n'}
[1.045511] (autorccar_interfaces) StdoutLine: {'line': b'-- Up-to-date: /home/ztl/ROS_humble_LIO/install/autorccar_interfaces/include/autorccar_interfaces/autorccar_interfaces/msg/detail/control_command__type_support.c\n'}
[1.045658] (autorccar_interfaces) StdoutLine: {'line': b'-- Up-to-date: /home/ztl/ROS_humble_LIO/install/autorccar_interfaces/include/autorccar_interfaces/autorccar_interfaces/msg/detail/control_command__rosidl_typesupport_introspection_c.h\n'}
[1.045810] (autorccar_interfaces) StdoutLine: {'line': b'-- Up-to-date: /home/ztl/ROS_humble_LIO/install/autorccar_interfaces/include/autorccar_interfaces/autorccar_interfaces/msg/detail/path_point__type_support.c\n'}
[1.045955] (autorccar_interfaces) StdoutLine: {'line': b'-- Up-to-date: /home/ztl/ROS_humble_LIO/install/autorccar_interfaces/include/autorccar_interfaces/autorccar_interfaces/msg/detail/nav_state__type_support.c\n'}
[1.046096] (autorccar_interfaces) StdoutLine: {'line': b'-- Up-to-date: /home/ztl/ROS_humble_LIO/install/autorccar_interfaces/include/autorccar_interfaces/autorccar_interfaces/msg/detail/bounding_boxes__type_support.c\n'}
[1.046237] (autorccar_interfaces) StdoutLine: {'line': b'-- Up-to-date: /home/ztl/ROS_humble_LIO/install/autorccar_interfaces/include/autorccar_interfaces/autorccar_interfaces/msg/detail/imu__type_support.c\n'}
[1.046379] (autorccar_interfaces) StdoutLine: {'line': b'-- Up-to-date: /home/ztl/ROS_humble_LIO/install/autorccar_interfaces/include/autorccar_interfaces/autorccar_interfaces/msg/detail/imu__rosidl_typesupport_introspection_c.h\n'}
[1.046524] (autorccar_interfaces) StdoutLine: {'line': b'-- Up-to-date: /home/ztl/ROS_humble_LIO/install/autorccar_interfaces/include/autorccar_interfaces/autorccar_interfaces/msg/detail/nav_state__rosidl_typesupport_introspection_c.h\n'}
[1.046685] (autorccar_interfaces) StdoutLine: {'line': b'-- Up-to-date: /home/ztl/ROS_humble_LIO/install/autorccar_interfaces/include/autorccar_interfaces/autorccar_interfaces/msg/detail/path__rosidl_typesupport_introspection_c.h\n'}
[1.046829] (autorccar_interfaces) StdoutLine: {'line': b'-- Up-to-date: /home/ztl/ROS_humble_LIO/install/autorccar_interfaces/include/autorccar_interfaces/autorccar_interfaces/msg/detail/gnss__rosidl_typesupport_introspection_c.h\n'}
[1.046971] (autorccar_interfaces) StdoutLine: {'line': b'-- Up-to-date: /home/ztl/ROS_humble_LIO/install/autorccar_interfaces/include/autorccar_interfaces/autorccar_interfaces/msg/detail/path__type_support.c\n'}
[1.047112] (autorccar_interfaces) StdoutLine: {'line': b'-- Up-to-date: /home/ztl/ROS_humble_LIO/install/autorccar_interfaces/include/autorccar_interfaces/autorccar_interfaces/msg/rosidl_typesupport_introspection_c__visibility_control.h\n'}
[1.047256] (autorccar_interfaces) StdoutLine: {'line': b'-- Up-to-date: /home/ztl/ROS_humble_LIO/install/autorccar_interfaces/lib/libautorccar_interfaces__rosidl_typesupport_introspection_c.so\n'}
[1.047398] (autorccar_interfaces) StdoutLine: {'line': b'-- Up-to-date: /home/ztl/ROS_humble_LIO/install/autorccar_interfaces/lib/libautorccar_interfaces__rosidl_typesupport_c.so\n'}
[1.047555] (autorccar_interfaces) StdoutLine: {'line': b'-- Up-to-date: /home/ztl/ROS_humble_LIO/install/autorccar_interfaces/include/autorccar_interfaces/autorccar_interfaces\n'}
[1.047696] (autorccar_interfaces) StdoutLine: {'line': b'-- Up-to-date: /home/ztl/ROS_humble_LIO/install/autorccar_interfaces/include/autorccar_interfaces/autorccar_interfaces/msg\n'}
[1.047837] (autorccar_interfaces) StdoutLine: {'line': b'-- Up-to-date: /home/ztl/ROS_humble_LIO/install/autorccar_interfaces/include/autorccar_interfaces/autorccar_interfaces/msg/detail\n'}
[1.047979] (autorccar_interfaces) StdoutLine: {'line': b'-- Up-to-date: /home/ztl/ROS_humble_LIO/install/autorccar_interfaces/include/autorccar_interfaces/autorccar_interfaces/msg/detail/control_command__type_support.cpp\n'}
[1.048128] (autorccar_interfaces) StdoutLine: {'line': b'-- Up-to-date: /home/ztl/ROS_humble_LIO/install/autorccar_interfaces/include/autorccar_interfaces/autorccar_interfaces/msg/detail/path__rosidl_typesupport_introspection_cpp.hpp\n'}
[1.048275] (autorccar_interfaces) StdoutLine: {'line': b'-- Up-to-date: /home/ztl/ROS_humble_LIO/install/autorccar_interfaces/include/autorccar_interfaces/autorccar_interfaces/msg/detail/bounding_boxes__type_support.cpp\n'}
[1.048418] (autorccar_interfaces) StdoutLine: {'line': b'-- Up-to-date: /home/ztl/ROS_humble_LIO/install/autorccar_interfaces/include/autorccar_interfaces/autorccar_interfaces/msg/detail/path_point__type_support.cpp\n'}
[1.048566] (autorccar_interfaces) StdoutLine: {'line': b'-- Up-to-date: /home/ztl/ROS_humble_LIO/install/autorccar_interfaces/include/autorccar_interfaces/autorccar_interfaces/msg/detail/bounding_boxes__rosidl_typesupport_introspection_cpp.hpp\n'}
[1.048711] (autorccar_interfaces) StdoutLine: {'line': b'-- Up-to-date: /home/ztl/ROS_humble_LIO/install/autorccar_interfaces/include/autorccar_interfaces/autorccar_interfaces/msg/detail/nav_state__type_support.cpp\n'}
[1.048854] (autorccar_interfaces) StdoutLine: {'line': b'-- Up-to-date: /home/ztl/ROS_humble_LIO/install/autorccar_interfaces/include/autorccar_interfaces/autorccar_interfaces/msg/detail/gnss__rosidl_typesupport_introspection_cpp.hpp\n'}
[1.048996] (autorccar_interfaces) StdoutLine: {'line': b'-- Up-to-date: /home/ztl/ROS_humble_LIO/install/autorccar_interfaces/include/autorccar_interfaces/autorccar_interfaces/msg/detail/path__type_support.cpp\n'}
[1.049139] (autorccar_interfaces) StdoutLine: {'line': b'-- Up-to-date: /home/ztl/ROS_humble_LIO/install/autorccar_interfaces/include/autorccar_interfaces/autorccar_interfaces/msg/detail/gnss__type_support.cpp\n'}
[1.049281] (autorccar_interfaces) StdoutLine: {'line': b'-- Up-to-date: /home/ztl/ROS_humble_LIO/install/autorccar_interfaces/include/autorccar_interfaces/autorccar_interfaces/msg/detail/imu__type_support.cpp\n'}
[1.049439] (autorccar_interfaces) StdoutLine: {'line': b'-- Up-to-date: /home/ztl/ROS_humble_LIO/install/autorccar_interfaces/include/autorccar_interfaces/autorccar_interfaces/msg/detail/control_command__rosidl_typesupport_introspection_cpp.hpp\n'}
[1.049589] (autorccar_interfaces) StdoutLine: {'line': b'-- Up-to-date: /home/ztl/ROS_humble_LIO/install/autorccar_interfaces/include/autorccar_interfaces/autorccar_interfaces/msg/detail/path_point__rosidl_typesupport_introspection_cpp.hpp\n'}
[1.049732] (autorccar_interfaces) StdoutLine: {'line': b'-- Up-to-date: /home/ztl/ROS_humble_LIO/install/autorccar_interfaces/include/autorccar_interfaces/autorccar_interfaces/msg/detail/nav_state__rosidl_typesupport_introspection_cpp.hpp\n'}
[1.049873] (autorccar_interfaces) StdoutLine: {'line': b'-- Up-to-date: /home/ztl/ROS_humble_LIO/install/autorccar_interfaces/include/autorccar_interfaces/autorccar_interfaces/msg/detail/imu__rosidl_typesupport_introspection_cpp.hpp\n'}
[1.050018] (autorccar_interfaces) StdoutLine: {'line': b'-- Up-to-date: /home/ztl/ROS_humble_LIO/install/autorccar_interfaces/lib/libautorccar_interfaces__rosidl_typesupport_introspection_cpp.so\n'}
[1.050161] (autorccar_interfaces) StdoutLine: {'line': b'-- Up-to-date: /home/ztl/ROS_humble_LIO/install/autorccar_interfaces/lib/libautorccar_interfaces__rosidl_typesupport_cpp.so\n'}
[1.050306] (autorccar_interfaces) StdoutLine: {'line': b'-- Up-to-date: /home/ztl/ROS_humble_LIO/install/autorccar_interfaces/share/autorccar_interfaces/environment/pythonpath.sh\n'}
[1.050448] (autorccar_interfaces) StdoutLine: {'line': b'-- Up-to-date: /home/ztl/ROS_humble_LIO/install/autorccar_interfaces/share/autorccar_interfaces/environment/pythonpath.dsv\n'}
[1.050587] (autorccar_interfaces) StdoutLine: {'line': b'-- Up-to-date: /home/ztl/ROS_humble_LIO/install/autorccar_interfaces/local/lib/python3.10/dist-packages/autorccar_interfaces-0.0.0-py3.10.egg-info\n'}
[1.050730] (autorccar_interfaces) StdoutLine: {'line': b'-- Installing: /home/ztl/ROS_humble_LIO/install/autorccar_interfaces/local/lib/python3.10/dist-packages/autorccar_interfaces-0.0.0-py3.10.egg-info/top_level.txt\n'}
[1.050870] (autorccar_interfaces) StdoutLine: {'line': b'-- Installing: /home/ztl/ROS_humble_LIO/install/autorccar_interfaces/local/lib/python3.10/dist-packages/autorccar_interfaces-0.0.0-py3.10.egg-info/PKG-INFO\n'}
[1.051012] (autorccar_interfaces) StdoutLine: {'line': b'-- Installing: /home/ztl/ROS_humble_LIO/install/autorccar_interfaces/local/lib/python3.10/dist-packages/autorccar_interfaces-0.0.0-py3.10.egg-info/SOURCES.txt\n'}
[1.051153] (autorccar_interfaces) StdoutLine: {'line': b'-- Installing: /home/ztl/ROS_humble_LIO/install/autorccar_interfaces/local/lib/python3.10/dist-packages/autorccar_interfaces-0.0.0-py3.10.egg-info/dependency_links.txt\n'}
[1.051308] (autorccar_interfaces) StdoutLine: {'line': b'-- Up-to-date: /home/ztl/ROS_humble_LIO/install/autorccar_interfaces/local/lib/python3.10/dist-packages/autorccar_interfaces\n'}
[1.051460] (autorccar_interfaces) StdoutLine: {'line': b'-- Up-to-date: /home/ztl/ROS_humble_LIO/install/autorccar_interfaces/local/lib/python3.10/dist-packages/autorccar_interfaces/__init__.py\n'}
[1.051604] (autorccar_interfaces) StdoutLine: {'line': b'-- Up-to-date: /home/ztl/ROS_humble_LIO/install/autorccar_interfaces/local/lib/python3.10/dist-packages/autorccar_interfaces/autorccar_interfaces_s__rosidl_typesupport_fastrtps_c.cpython-310-aarch64-linux-gnu.so\n'}
[1.051762] (autorccar_interfaces) StdoutLine: {'line': b'-- Up-to-date: /home/ztl/ROS_humble_LIO/install/autorccar_interfaces/local/lib/python3.10/dist-packages/autorccar_interfaces/msg\n'}
[1.051906] (autorccar_interfaces) StdoutLine: {'line': b'-- Up-to-date: /home/ztl/ROS_humble_LIO/install/autorccar_interfaces/local/lib/python3.10/dist-packages/autorccar_interfaces/msg/__init__.py\n'}
[1.052047] (autorccar_interfaces) StdoutLine: {'line': b'-- Up-to-date: /home/ztl/ROS_humble_LIO/install/autorccar_interfaces/local/lib/python3.10/dist-packages/autorccar_interfaces/msg/_nav_state.py\n'}
[1.052198] (autorccar_interfaces) StdoutLine: {'line': b'-- Up-to-date: /home/ztl/ROS_humble_LIO/install/autorccar_interfaces/local/lib/python3.10/dist-packages/autorccar_interfaces/msg/_bounding_boxes_s.c\n'}
[1.052346] (autorccar_interfaces) StdoutLine: {'line': b'-- Up-to-date: /home/ztl/ROS_humble_LIO/install/autorccar_interfaces/local/lib/python3.10/dist-packages/autorccar_interfaces/msg/_control_command_s.c\n'}
[1.052487] (autorccar_interfaces) StdoutLine: {'line': b'-- Up-to-date: /home/ztl/ROS_humble_LIO/install/autorccar_interfaces/local/lib/python3.10/dist-packages/autorccar_interfaces/msg/_path_point_s.c\n'}
[1.052628] (autorccar_interfaces) StdoutLine: {'line': b'-- Up-to-date: /home/ztl/ROS_humble_LIO/install/autorccar_interfaces/local/lib/python3.10/dist-packages/autorccar_interfaces/msg/_path_s.c\n'}
[1.052769] (autorccar_interfaces) StdoutLine: {'line': b'-- Up-to-date: /home/ztl/ROS_humble_LIO/install/autorccar_interfaces/local/lib/python3.10/dist-packages/autorccar_interfaces/msg/_path.py\n'}
[1.052912] (autorccar_interfaces) StdoutLine: {'line': b'-- Up-to-date: /home/ztl/ROS_humble_LIO/install/autorccar_interfaces/local/lib/python3.10/dist-packages/autorccar_interfaces/msg/_imu_s.c\n'}
[1.053059] (autorccar_interfaces) StdoutLine: {'line': b'-- Up-to-date: /home/ztl/ROS_humble_LIO/install/autorccar_interfaces/local/lib/python3.10/dist-packages/autorccar_interfaces/msg/_gnss_s.c\n'}
[1.053200] (autorccar_interfaces) StdoutLine: {'line': b'-- Up-to-date: /home/ztl/ROS_humble_LIO/install/autorccar_interfaces/local/lib/python3.10/dist-packages/autorccar_interfaces/msg/_bounding_boxes.py\n'}
[1.053343] (autorccar_interfaces) StdoutLine: {'line': b'-- Up-to-date: /home/ztl/ROS_humble_LIO/install/autorccar_interfaces/local/lib/python3.10/dist-packages/autorccar_interfaces/msg/_gnss.py\n'}
[1.053483] (autorccar_interfaces) StdoutLine: {'line': b'-- Up-to-date: /home/ztl/ROS_humble_LIO/install/autorccar_interfaces/local/lib/python3.10/dist-packages/autorccar_interfaces/msg/_nav_state_s.c\n'}
[1.053625] (autorccar_interfaces) StdoutLine: {'line': b'-- Up-to-date: /home/ztl/ROS_humble_LIO/install/autorccar_interfaces/local/lib/python3.10/dist-packages/autorccar_interfaces/msg/_imu.py\n'}
[1.053764] (autorccar_interfaces) StdoutLine: {'line': b'-- Up-to-date: /home/ztl/ROS_humble_LIO/install/autorccar_interfaces/local/lib/python3.10/dist-packages/autorccar_interfaces/msg/_path_point.py\n'}
[1.053904] (autorccar_interfaces) StdoutLine: {'line': b'-- Up-to-date: /home/ztl/ROS_humble_LIO/install/autorccar_interfaces/local/lib/python3.10/dist-packages/autorccar_interfaces/msg/_control_command.py\n'}
[1.054045] (autorccar_interfaces) StdoutLine: {'line': b'-- Up-to-date: /home/ztl/ROS_humble_LIO/install/autorccar_interfaces/local/lib/python3.10/dist-packages/autorccar_interfaces/_autorccar_interfaces_s.ep.rosidl_typesupport_c.c\n'}
[1.054191] (autorccar_interfaces) StdoutLine: {'line': b'-- Up-to-date: /home/ztl/ROS_humble_LIO/install/autorccar_interfaces/local/lib/python3.10/dist-packages/autorccar_interfaces/autorccar_interfaces_s__rosidl_typesupport_introspection_c.cpython-310-aarch64-linux-gnu.so\n'}
[1.054338] (autorccar_interfaces) StdoutLine: {'line': b'-- Up-to-date: /home/ztl/ROS_humble_LIO/install/autorccar_interfaces/local/lib/python3.10/dist-packages/autorccar_interfaces/libautorccar_interfaces__rosidl_generator_py.so\n'}
[1.054481] (autorccar_interfaces) StdoutLine: {'line': b'-- Up-to-date: /home/ztl/ROS_humble_LIO/install/autorccar_interfaces/local/lib/python3.10/dist-packages/autorccar_interfaces/_autorccar_interfaces_s.ep.rosidl_typesupport_introspection_c.c\n'}
[1.054625] (autorccar_interfaces) StdoutLine: {'line': b'-- Up-to-date: /home/ztl/ROS_humble_LIO/install/autorccar_interfaces/local/lib/python3.10/dist-packages/autorccar_interfaces/autorccar_interfaces_s__rosidl_typesupport_c.cpython-310-aarch64-linux-gnu.so\n'}
[1.054788] (autorccar_interfaces) StdoutLine: {'line': b'-- Up-to-date: /home/ztl/ROS_humble_LIO/install/autorccar_interfaces/local/lib/python3.10/dist-packages/autorccar_interfaces/_autorccar_interfaces_s.ep.rosidl_typesupport_fastrtps_c.c\n'}
[1.104113] (-) TimerEvent: {}
[1.110853] (autorccar_interfaces) StdoutLine: {'line': b"Listing '/home/ztl/ROS_humble_LIO/install/autorccar_interfaces/local/lib/python3.10/dist-packages/autorccar_interfaces'...\n"}
[1.111259] (autorccar_interfaces) StdoutLine: {'line': b"Listing '/home/ztl/ROS_humble_LIO/install/autorccar_interfaces/local/lib/python3.10/dist-packages/autorccar_interfaces/msg'...\n"}
[1.125009] (autorccar_interfaces) StdoutLine: {'line': b'-- Up-to-date: /home/ztl/ROS_humble_LIO/install/autorccar_interfaces/local/lib/python3.10/dist-packages/autorccar_interfaces/autorccar_interfaces_s__rosidl_typesupport_fastrtps_c.cpython-310-aarch64-linux-gnu.so\n'}
[1.125565] (autorccar_interfaces) StdoutLine: {'line': b'-- Up-to-date: /home/ztl/ROS_humble_LIO/install/autorccar_interfaces/local/lib/python3.10/dist-packages/autorccar_interfaces/autorccar_interfaces_s__rosidl_typesupport_introspection_c.cpython-310-aarch64-linux-gnu.so\n'}
[1.126146] (autorccar_interfaces) StdoutLine: {'line': b'-- Up-to-date: /home/ztl/ROS_humble_LIO/install/autorccar_interfaces/local/lib/python3.10/dist-packages/autorccar_interfaces/autorccar_interfaces_s__rosidl_typesupport_c.cpython-310-aarch64-linux-gnu.so\n'}
[1.126804] (autorccar_interfaces) StdoutLine: {'line': b'-- Up-to-date: /home/ztl/ROS_humble_LIO/install/autorccar_interfaces/lib/libautorccar_interfaces__rosidl_generator_py.so\n'}
[1.127101] (autorccar_interfaces) StdoutLine: {'line': b'-- Up-to-date: /home/ztl/ROS_humble_LIO/install/autorccar_interfaces/share/autorccar_interfaces/msg/Imu.idl\n'}
[1.127347] (autorccar_interfaces) StdoutLine: {'line': b'-- Up-to-date: /home/ztl/ROS_humble_LIO/install/autorccar_interfaces/share/autorccar_interfaces/msg/Gnss.idl\n'}
[1.127569] (autorccar_interfaces) StdoutLine: {'line': b'-- Up-to-date: /home/ztl/ROS_humble_LIO/install/autorccar_interfaces/share/autorccar_interfaces/msg/NavState.idl\n'}
[1.127814] (autorccar_interfaces) StdoutLine: {'line': b'-- Up-to-date: /home/ztl/ROS_humble_LIO/install/autorccar_interfaces/share/autorccar_interfaces/msg/ControlCommand.idl\n'}
[1.128048] (autorccar_interfaces) StdoutLine: {'line': b'-- Up-to-date: /home/ztl/ROS_humble_LIO/install/autorccar_interfaces/share/autorccar_interfaces/msg/Path.idl\n'}
[1.128316] (autorccar_interfaces) StdoutLine: {'line': b'-- Up-to-date: /home/ztl/ROS_humble_LIO/install/autorccar_interfaces/share/autorccar_interfaces/msg/PathPoint.idl\n'}
[1.128527] (autorccar_interfaces) StdoutLine: {'line': b'-- Up-to-date: /home/ztl/ROS_humble_LIO/install/autorccar_interfaces/share/autorccar_interfaces/msg/BoundingBoxes.idl\n'}
[1.128752] (autorccar_interfaces) StdoutLine: {'line': b'-- Up-to-date: /home/ztl/ROS_humble_LIO/install/autorccar_interfaces/share/autorccar_interfaces/msg/Imu.msg\n'}
[1.129002] (autorccar_interfaces) StdoutLine: {'line': b'-- Up-to-date: /home/ztl/ROS_humble_LIO/install/autorccar_interfaces/share/autorccar_interfaces/msg/Gnss.msg\n'}
[1.129364] (autorccar_interfaces) StdoutLine: {'line': b'-- Up-to-date: /home/ztl/ROS_humble_LIO/install/autorccar_interfaces/share/autorccar_interfaces/msg/NavState.msg\n'}
[1.129552] (autorccar_interfaces) StdoutLine: {'line': b'-- Up-to-date: /home/ztl/ROS_humble_LIO/install/autorccar_interfaces/share/autorccar_interfaces/msg/ControlCommand.msg\n'}
[1.129720] (autorccar_interfaces) StdoutLine: {'line': b'-- Up-to-date: /home/ztl/ROS_humble_LIO/install/autorccar_interfaces/share/autorccar_interfaces/msg/Path.msg\n'}
[1.129884] (autorccar_interfaces) StdoutLine: {'line': b'-- Up-to-date: /home/ztl/ROS_humble_LIO/install/autorccar_interfaces/share/autorccar_interfaces/msg/PathPoint.msg\n'}
[1.130116] (autorccar_interfaces) StdoutLine: {'line': b'-- Up-to-date: /home/ztl/ROS_humble_LIO/install/autorccar_interfaces/share/autorccar_interfaces/msg/BoundingBoxes.msg\n'}
[1.130273] (autorccar_interfaces) StdoutLine: {'line': b'-- Up-to-date: /home/ztl/ROS_humble_LIO/install/autorccar_interfaces/share/ament_index/resource_index/package_run_dependencies/autorccar_interfaces\n'}
[1.130496] (autorccar_interfaces) StdoutLine: {'line': b'-- Up-to-date: /home/ztl/ROS_humble_LIO/install/autorccar_interfaces/share/ament_index/resource_index/parent_prefix_path/autorccar_interfaces\n'}
[1.130655] (autorccar_interfaces) StdoutLine: {'line': b'-- Up-to-date: /home/ztl/ROS_humble_LIO/install/autorccar_interfaces/share/autorccar_interfaces/environment/ament_prefix_path.sh\n'}
[1.130812] (autorccar_interfaces) StdoutLine: {'line': b'-- Up-to-date: /home/ztl/ROS_humble_LIO/install/autorccar_interfaces/share/autorccar_interfaces/environment/ament_prefix_path.dsv\n'}
[1.130966] (autorccar_interfaces) StdoutLine: {'line': b'-- Up-to-date: /home/ztl/ROS_humble_LIO/install/autorccar_interfaces/share/autorccar_interfaces/environment/path.sh\n'}
[1.131118] (autorccar_interfaces) StdoutLine: {'line': b'-- Up-to-date: /home/ztl/ROS_humble_LIO/install/autorccar_interfaces/share/autorccar_interfaces/environment/path.dsv\n'}
[1.131274] (autorccar_interfaces) StdoutLine: {'line': b'-- Up-to-date: /home/ztl/ROS_humble_LIO/install/autorccar_interfaces/share/autorccar_interfaces/local_setup.bash\n'}
[1.131417] (autorccar_interfaces) StdoutLine: {'line': b'-- Up-to-date: /home/ztl/ROS_humble_LIO/install/autorccar_interfaces/share/autorccar_interfaces/local_setup.sh\n'}
[1.131579] (autorccar_interfaces) StdoutLine: {'line': b'-- Up-to-date: /home/ztl/ROS_humble_LIO/install/autorccar_interfaces/share/autorccar_interfaces/local_setup.zsh\n'}
[1.131723] (autorccar_interfaces) StdoutLine: {'line': b'-- Up-to-date: /home/ztl/ROS_humble_LIO/install/autorccar_interfaces/share/autorccar_interfaces/local_setup.dsv\n'}
[1.131864] (autorccar_interfaces) StdoutLine: {'line': b'-- Installing: /home/ztl/ROS_humble_LIO/install/autorccar_interfaces/share/autorccar_interfaces/package.dsv\n'}
[1.132003] (autorccar_interfaces) StdoutLine: {'line': b'-- Up-to-date: /home/ztl/ROS_humble_LIO/install/autorccar_interfaces/share/ament_index/resource_index/packages/autorccar_interfaces\n'}
[1.132146] (autorccar_interfaces) StdoutLine: {'line': b'-- Up-to-date: /home/ztl/ROS_humble_LIO/install/autorccar_interfaces/share/autorccar_interfaces/cmake/export_autorccar_interfaces__rosidl_generator_cExport.cmake\n'}
[1.132288] (autorccar_interfaces) StdoutLine: {'line': b'-- Up-to-date: /home/ztl/ROS_humble_LIO/install/autorccar_interfaces/share/autorccar_interfaces/cmake/export_autorccar_interfaces__rosidl_generator_cExport-noconfig.cmake\n'}
[1.132445] (autorccar_interfaces) StdoutLine: {'line': b'-- Up-to-date: /home/ztl/ROS_humble_LIO/install/autorccar_interfaces/share/autorccar_interfaces/cmake/export_autorccar_interfaces__rosidl_typesupport_fastrtps_cExport.cmake\n'}
[1.132588] (autorccar_interfaces) StdoutLine: {'line': b'-- Up-to-date: /home/ztl/ROS_humble_LIO/install/autorccar_interfaces/share/autorccar_interfaces/cmake/export_autorccar_interfaces__rosidl_typesupport_fastrtps_cExport-noconfig.cmake\n'}
[1.133407] (autorccar_interfaces) StdoutLine: {'line': b'-- Up-to-date: /home/ztl/ROS_humble_LIO/install/autorccar_interfaces/share/autorccar_interfaces/cmake/export_autorccar_interfaces__rosidl_generator_cppExport.cmake\n'}
[1.133870] (autorccar_interfaces) StdoutLine: {'line': b'-- Up-to-date: /home/ztl/ROS_humble_LIO/install/autorccar_interfaces/share/autorccar_interfaces/cmake/export_autorccar_interfaces__rosidl_typesupport_fastrtps_cppExport.cmake\n'}
[1.134038] (autorccar_interfaces) StdoutLine: {'line': b'-- Up-to-date: /home/ztl/ROS_humble_LIO/install/autorccar_interfaces/share/autorccar_interfaces/cmake/export_autorccar_interfaces__rosidl_typesupport_fastrtps_cppExport-noconfig.cmake\n'}
[1.134187] (autorccar_interfaces) StdoutLine: {'line': b'-- Up-to-date: /home/ztl/ROS_humble_LIO/install/autorccar_interfaces/share/autorccar_interfaces/cmake/autorccar_interfaces__rosidl_typesupport_introspection_cExport.cmake\n'}
[1.134335] (autorccar_interfaces) StdoutLine: {'line': b'-- Up-to-date: /home/ztl/ROS_humble_LIO/install/autorccar_interfaces/share/autorccar_interfaces/cmake/autorccar_interfaces__rosidl_typesupport_introspection_cExport-noconfig.cmake\n'}
[1.134493] (autorccar_interfaces) StdoutLine: {'line': b'-- Up-to-date: /home/ztl/ROS_humble_LIO/install/autorccar_interfaces/share/autorccar_interfaces/cmake/autorccar_interfaces__rosidl_typesupport_cExport.cmake\n'}
[1.134638] (autorccar_interfaces) StdoutLine: {'line': b'-- Up-to-date: /home/ztl/ROS_humble_LIO/install/autorccar_interfaces/share/autorccar_interfaces/cmake/autorccar_interfaces__rosidl_typesupport_cExport-noconfig.cmake\n'}
[1.134794] (autorccar_interfaces) StdoutLine: {'line': b'-- Up-to-date: /home/ztl/ROS_humble_LIO/install/autorccar_interfaces/share/autorccar_interfaces/cmake/autorccar_interfaces__rosidl_typesupport_introspection_cppExport.cmake\n'}
[1.134942] (autorccar_interfaces) StdoutLine: {'line': b'-- Up-to-date: /home/ztl/ROS_humble_LIO/install/autorccar_interfaces/share/autorccar_interfaces/cmake/autorccar_interfaces__rosidl_typesupport_introspection_cppExport-noconfig.cmake\n'}
[1.135087] (autorccar_interfaces) StdoutLine: {'line': b'-- Up-to-date: /home/ztl/ROS_humble_LIO/install/autorccar_interfaces/share/autorccar_interfaces/cmake/autorccar_interfaces__rosidl_typesupport_cppExport.cmake\n'}
[1.135230] (autorccar_interfaces) StdoutLine: {'line': b'-- Up-to-date: /home/ztl/ROS_humble_LIO/install/autorccar_interfaces/share/autorccar_interfaces/cmake/autorccar_interfaces__rosidl_typesupport_cppExport-noconfig.cmake\n'}
[1.135373] (autorccar_interfaces) StdoutLine: {'line': b'-- Up-to-date: /home/ztl/ROS_humble_LIO/install/autorccar_interfaces/share/autorccar_interfaces/cmake/export_autorccar_interfaces__rosidl_generator_pyExport.cmake\n'}
[1.135514] (autorccar_interfaces) StdoutLine: {'line': b'-- Up-to-date: /home/ztl/ROS_humble_LIO/install/autorccar_interfaces/share/autorccar_interfaces/cmake/export_autorccar_interfaces__rosidl_generator_pyExport-noconfig.cmake\n'}
[1.135655] (autorccar_interfaces) StdoutLine: {'line': b'-- Up-to-date: /home/ztl/ROS_humble_LIO/install/autorccar_interfaces/share/autorccar_interfaces/cmake/rosidl_cmake-extras.cmake\n'}
[1.135797] (autorccar_interfaces) StdoutLine: {'line': b'-- Up-to-date: /home/ztl/ROS_humble_LIO/install/autorccar_interfaces/share/autorccar_interfaces/cmake/ament_cmake_export_dependencies-extras.cmake\n'}
[1.135937] (autorccar_interfaces) StdoutLine: {'line': b'-- Up-to-date: /home/ztl/ROS_humble_LIO/install/autorccar_interfaces/share/autorccar_interfaces/cmake/ament_cmake_export_include_directories-extras.cmake\n'}
[1.136083] (autorccar_interfaces) StdoutLine: {'line': b'-- Up-to-date: /home/ztl/ROS_humble_LIO/install/autorccar_interfaces/share/autorccar_interfaces/cmake/ament_cmake_export_libraries-extras.cmake\n'}
[1.136225] (autorccar_interfaces) StdoutLine: {'line': b'-- Up-to-date: /home/ztl/ROS_humble_LIO/install/autorccar_interfaces/share/autorccar_interfaces/cmake/ament_cmake_export_targets-extras.cmake\n'}
[1.136366] (autorccar_interfaces) StdoutLine: {'line': b'-- Up-to-date: /home/ztl/ROS_humble_LIO/install/autorccar_interfaces/share/autorccar_interfaces/cmake/rosidl_cmake_export_typesupport_targets-extras.cmake\n'}
[1.136581] (autorccar_interfaces) StdoutLine: {'line': b'-- Up-to-date: /home/ztl/ROS_humble_LIO/install/autorccar_interfaces/share/autorccar_interfaces/cmake/rosidl_cmake_export_typesupport_libraries-extras.cmake\n'}
[1.138530] (autorccar_interfaces) StdoutLine: {'line': b'-- Up-to-date: /home/ztl/ROS_humble_LIO/install/autorccar_interfaces/share/autorccar_interfaces/cmake/autorccar_interfacesConfig.cmake\n'}
[1.139232] (autorccar_interfaces) StdoutLine: {'line': b'-- Up-to-date: /home/ztl/ROS_humble_LIO/install/autorccar_interfaces/share/autorccar_interfaces/cmake/autorccar_interfacesConfig-version.cmake\n'}
[1.139442] (autorccar_interfaces) StdoutLine: {'line': b'-- Up-to-date: /home/ztl/ROS_humble_LIO/install/autorccar_interfaces/share/autorccar_interfaces/package.xml\n'}
[1.140940] (autorccar_interfaces) CommandEnded: {'returncode': 0}
[1.193774] (autorccar_interfaces) JobEnded: {'identifier': 'autorccar_interfaces', 'rc': 0}
[1.196130] (lio_sam) JobStarted: {'identifier': 'lio_sam'}
[1.204314] (-) TimerEvent: {}
[1.217193] (lio_sam) JobProgress: {'identifier': 'lio_sam', 'progress': 'cmake'}
[1.220258] (lio_sam) JobProgress: {'identifier': 'lio_sam', 'progress': 'build'}
[1.221784] (lio_sam) Command: {'cmd': ['/usr/bin/cmake', '--build', '/home/ztl/ROS_humble_LIO/build/lio_sam', '--', '-j8', '-l8'], 'cwd': '/home/ztl/ROS_humble_LIO/build/lio_sam', 'env': OrderedDict([('LESSOPEN', '| /usr/bin/lesspipe %s'), ('LANGUAGE', 'zh_CN:en'), ('USER', 'ztl'), ('LC_TIME', 'en_US.UTF-8'), ('XDG_SESSION_TYPE', 'x11'), ('SHLVL', '1'), ('LD_LIBRARY_PATH', '/home/ztl/ROS_humble_LIO/install/autorccar_interfaces/lib:/home/ztl/lio-sam/src/LIO/LIO-SAM_MID360_ROS2_PKG/ros2/install/lio_sam/lib:/home/ztl/lio-sam/src/LIO/LIO-SAM_MID360_ROS2_PKG/ros2/install/autorccar_interfaces/lib:/home/ztl/project/install/livox_ros_driver2/lib:/opt/ros/humble/opt/rviz_ogre_vendor/lib:/opt/ros/humble/lib/aarch64-linux-gnu:/opt/ros/humble/lib'), ('HOME', '/home/ztl'), ('MUTTER_DEBUG_ENABLE_ATOMIC_KMS', '0'), ('DESKTOP_SESSION', 'ubuntu'), ('ROS_PYTHON_VERSION', '3'), ('GNOME_SHELL_SESSION_MODE', 'ubuntu'), ('GTK_MODULES', 'gail:atk-bridge'), ('LC_MONETARY', 'en_US.UTF-8'), ('DBUS_STARTER_BUS_TYPE', 'session'), ('SYSTEMD_EXEC_PID', '1138'), ('DBUS_SESSION_BUS_ADDRESS', 'unix:path=/run/user/1000/bus,guid=e38796444bff260aed25fbd367c59363'), ('COLORTERM', 'truecolor'), ('DEBUGINFOD_URLS', ''), ('IM_CONFIG_PHASE', '1'), ('COLCON_PREFIX_PATH', '/home/ztl/pointcloud2pcd/install:/home/ztl/lio-sam/src/LIO/LIO-SAM_MID360_ROS2_PKG/ros2/install:/home/ztl/project/install'), ('ROS_DISTRO', 'humble'), ('GTK_IM_MODULE', 'ibus'), ('LOGNAME', 'ztl'), ('_', '/usr/bin/colcon'), ('ROS_VERSION', '2'), ('XDG_SESSION_CLASS', 'user'), ('USERNAME', 'ztl'), ('TERM', 'xterm-256color'), ('GNOME_DESKTOP_SESSION_ID', 'this-is-deprecated'), ('ROS_LOCALHOST_ONLY', '0'), ('WINDOWPATH', '2'), ('PATH', '/opt/ros/humble/bin:/usr/local/sbin:/usr/local/bin:/usr/sbin:/usr/bin:/sbin:/bin:/usr/games:/usr/local/games:/snap/bin:/snap/bin'), ('SESSION_MANAGER', 'local/3588:@/tmp/.ICE-unix/1138,unix/3588:/tmp/.ICE-unix/1138'), ('PAPERSIZE', 'letter'), ('XDG_MENU_PREFIX', 'gnome-'), ('LC_ADDRESS', 'en_US.UTF-8'), ('GNOME_TERMINAL_SCREEN', '/org/gnome/Terminal/screen/15001a7c_95e8_42c3_83ca_8e6400d20d5f'), ('XDG_RUNTIME_DIR', '/run/user/1000'), ('DISPLAY', ':0'), ('LANG', 'zh_CN.UTF-8'), ('XDG_CURRENT_DESKTOP', 'ubuntu:GNOME'), ('LC_TELEPHONE', 'en_US.UTF-8'), ('XMODIFIERS', '@im=ibus'), ('XDG_SESSION_DESKTOP', 'ubuntu'), ('XAUTHORITY', '/run/user/1000/gdm/Xauthority'), ('LS_COLORS', 'rs=0:di=01;34:ln=01;36:mh=00:pi=40;33:so=01;35:do=01;35:bd=40;33;01:cd=40;33;01:or=40;31;01:mi=00:su=37;41:sg=30;43:ca=30;41:tw=30;42:ow=34;42:st=37;44:ex=01;32:*.tar=01;31:*.tgz=01;31:*.arc=01;31:*.arj=01;31:*.taz=01;31:*.lha=01;31:*.lz4=01;31:*.lzh=01;31:*.lzma=01;31:*.tlz=01;31:*.txz=01;31:*.tzo=01;31:*.t7z=01;31:*.zip=01;31:*.z=01;31:*.dz=01;31:*.gz=01;31:*.lrz=01;31:*.lz=01;31:*.lzo=01;31:*.xz=01;31:*.zst=01;31:*.tzst=01;31:*.bz2=01;31:*.bz=01;31:*.tbz=01;31:*.tbz2=01;31:*.tz=01;31:*.deb=01;31:*.rpm=01;31:*.jar=01;31:*.war=01;31:*.ear=01;31:*.sar=01;31:*.rar=01;31:*.alz=01;31:*.ace=01;31:*.zoo=01;31:*.cpio=01;31:*.7z=01;31:*.rz=01;31:*.cab=01;31:*.wim=01;31:*.swm=01;31:*.dwm=01;31:*.esd=01;31:*.jpg=01;35:*.jpeg=01;35:*.mjpg=01;35:*.mjpeg=01;35:*.gif=01;35:*.bmp=01;35:*.pbm=01;35:*.pgm=01;35:*.ppm=01;35:*.tga=01;35:*.xbm=01;35:*.xpm=01;35:*.tif=01;35:*.tiff=01;35:*.png=01;35:*.svg=01;35:*.svgz=01;35:*.mng=01;35:*.pcx=01;35:*.mov=01;35:*.mpg=01;35:*.mpeg=01;35:*.m2v=01;35:*.mkv=01;35:*.webm=01;35:*.webp=01;35:*.ogm=01;35:*.mp4=01;35:*.m4v=01;35:*.mp4v=01;35:*.vob=01;35:*.qt=01;35:*.nuv=01;35:*.wmv=01;35:*.asf=01;35:*.rm=01;35:*.rmvb=01;35:*.flc=01;35:*.avi=01;35:*.fli=01;35:*.flv=01;35:*.gl=01;35:*.dl=01;35:*.xcf=01;35:*.xwd=01;35:*.yuv=01;35:*.cgm=01;35:*.emf=01;35:*.ogv=01;35:*.ogx=01;35:*.aac=00;36:*.au=00;36:*.flac=00;36:*.m4a=00;36:*.mid=00;36:*.midi=00;36:*.mka=00;36:*.mp3=00;36:*.mpc=00;36:*.ogg=00;36:*.ra=00;36:*.wav=00;36:*.oga=00;36:*.opus=00;36:*.spx=00;36:*.xspf=00;36:'), ('GNOME_TERMINAL_SERVICE', ':1.95'), ('SSH_AGENT_LAUNCHER', 'gnome-keyring'), ('SSH_AUTH_SOCK', '/run/user/1000/keyring/ssh'), ('AMENT_PREFIX_PATH', '/home/ztl/ROS_humble_LIO/install/autorccar_interfaces:/home/ztl/pointcloud2pcd/install/pointcloud2_to_pcd:/home/ztl/lio-sam/src/LIO/LIO-SAM_MID360_ROS2_PKG/ros2/install/lio_sam:/home/ztl/lio-sam/src/LIO/LIO-SAM_MID360_ROS2_PKG/ros2/install/autorccar_interfaces:/home/ztl/project/install/livox_ros_driver2:/opt/ros/humble'), ('SHELL', '/bin/bash'), ('LC_NAME', 'en_US.UTF-8'), ('CLUTTER_PAINT', 'disable-dynamic-max-render-time'), ('QT_ACCESSIBILITY', '1'), ('GDMSESSION', 'ubuntu'), ('LESSCLOSE', '/usr/bin/lesspipe %s %s'), ('LC_MEASUREMENT', 'en_US.UTF-8'), ('GPG_AGENT_INFO', '/run/user/1000/gnupg/S.gpg-agent:0:1'), ('LC_IDENTIFICATION', 'en_US.UTF-8'), ('MUTTER_DEBUG_FORCE_KMS_MODE', 'simple'), ('QT_IM_MODULE', 'ibus'), ('PWD', '/home/ztl/ROS_humble_LIO/build/lio_sam'), ('XDG_CONFIG_DIRS', '/etc/xdg/xdg-ubuntu:/etc/xdg'), ('DBUS_STARTER_ADDRESS', 'unix:path=/run/user/1000/bus,guid=e38796444bff260aed25fbd367c59363'), ('XDG_DATA_DIRS', '/usr/share/ubuntu:/usr/share/gnome:/usr/local/share/:/usr/share/:/var/lib/snapd/desktop'), ('PYTHONPATH', '/home/ztl/ROS_humble_LIO/install/autorccar_interfaces/local/lib/python3.10/dist-packages:/home/ztl/lio-sam/src/LIO/LIO-SAM_MID360_ROS2_PKG/ros2/install/lio_sam/local/lib/python3.10/dist-packages:/home/ztl/lio-sam/src/LIO/LIO-SAM_MID360_ROS2_PKG/ros2/install/autorccar_interfaces/local/lib/python3.10/dist-packages:/home/ztl/project/install/livox_ros_driver2/local/lib/python3.10/dist-packages:/opt/ros/humble/lib/python3.10/site-packages:/opt/ros/humble/local/lib/python3.10/dist-packages'), ('LC_NUMERIC', 'en_US.UTF-8'), ('LC_PAPER', 'en_US.UTF-8'), ('COLCON', '1'), ('VTE_VERSION', '6800'), ('CMAKE_PREFIX_PATH', '/home/ztl/ROS_humble_LIO/install/autorccar_interfaces:/home/ztl/pointcloud2pcd/install/pointcloud2_to_pcd:/home/ztl/lio-sam/src/LIO/LIO-SAM_MID360_ROS2_PKG/ros2/install/lio_sam:/home/ztl/lio-sam/src/LIO/LIO-SAM_MID360_ROS2_PKG/ros2/install/autorccar_interfaces:/home/ztl/project/install/livox_ros_driver2:/opt/ros/humble')]), 'shell': False}
[1.304489] (-) TimerEvent: {}
[1.346716] (lio_sam) StdoutLine: {'line': b'[  8%] Built target lio_sam__cpp\n'}
[1.348320] (lio_sam) StdoutLine: {'line': b'[ 10%] Built target lio_sam__rosidl_generator_c\n'}
[1.388707] (lio_sam) StdoutLine: {'line': b'[ 10%] Built target ament_cmake_python_copy_lio_sam\n'}
[1.404827] (-) TimerEvent: {}
[1.425965] (lio_sam) StdoutLine: {'line': b'[ 19%] Built target lio_sam__rosidl_typesupport_introspection_c\n'}
[1.427129] (lio_sam) StdoutLine: {'line': b'[ 27%] Built target lio_sam__rosidl_typesupport_c\n'}
[1.446450] (lio_sam) StdoutLine: {'line': b'[ 36%] Built target lio_sam__rosidl_typesupport_fastrtps_c\n'}
[1.456628] (lio_sam) StdoutLine: {'line': b'[ 44%] Built target lio_sam__rosidl_typesupport_fastrtps_cpp\n'}
[1.479266] (lio_sam) StdoutLine: {'line': b'[ 53%] Built target lio_sam__rosidl_typesupport_introspection_cpp\n'}
[1.489650] (lio_sam) StdoutLine: {'line': b'[ 61%] Built target lio_sam__rosidl_typesupport_cpp\n'}
[1.504883] (-) TimerEvent: {}
[1.573314] (lio_sam) StdoutLine: {'line': b'[ 61%] Built target lio_sam\n'}
[1.596608] (lio_sam) StdoutLine: {'line': b'[ 65%] Built target lio_sam_featureExtraction\n'}
[1.602602] (lio_sam) StdoutLine: {'line': b'\x1b[35m\x1b[1mConsolidate compiler generated dependencies of target lio_sam_mapOptimization\x1b[0m\n'}
[1.605146] (-) TimerEvent: {}
[1.644709] (lio_sam) StdoutLine: {'line': b'[ 68%] Built target lio_sam__py\n'}
[1.662648] (lio_sam) StdoutLine: {'line': b'[ 72%] Built target lio_sam_imageProjection\n'}
[1.700906] (lio_sam) StdoutLine: {'line': b'[ 76%] Built target lio_sam_imuPreintegration\n'}
[1.705259] (-) TimerEvent: {}
[1.709618] (lio_sam) StdoutLine: {'line': b'[ 80%] Built target lio_sam_mapOptimization\n'}
[1.752124] (lio_sam) StdoutLine: {'line': b'[ 87%] Built target lio_sam__rosidl_generator_py\n'}
[1.805384] (-) TimerEvent: {}
[1.812464] (lio_sam) StdoutLine: {'line': b'[ 91%] Built target lio_sam__rosidl_typesupport_introspection_c__pyext\n'}
[1.816290] (lio_sam) StdoutLine: {'line': b'[ 95%] Built target lio_sam__rosidl_typesupport_c__pyext\n'}
[1.854345] (lio_sam) StdoutLine: {'line': b'[100%] Built target lio_sam__rosidl_typesupport_fastrtps_c__pyext\n'}
[1.905521] (-) TimerEvent: {}
[2.005994] (-) TimerEvent: {}
[2.033258] (lio_sam) StdoutLine: {'line': b'running egg_info\n'}
[2.035887] (lio_sam) StdoutLine: {'line': b'writing lio_sam.egg-info/PKG-INFO\n'}
[2.036596] (lio_sam) StdoutLine: {'line': b'writing dependency_links to lio_sam.egg-info/dependency_links.txt\n'}
[2.037059] (lio_sam) StdoutLine: {'line': b'writing top-level names to lio_sam.egg-info/top_level.txt\n'}
[2.043466] (lio_sam) StdoutLine: {'line': b"reading manifest file 'lio_sam.egg-info/SOURCES.txt'\n"}
[2.045027] (lio_sam) StdoutLine: {'line': b"writing manifest file 'lio_sam.egg-info/SOURCES.txt'\n"}
[2.106258] (-) TimerEvent: {}
[2.139792] (lio_sam) StdoutLine: {'line': b'[100%] Built target ament_cmake_python_build_lio_sam_egg\n'}
[2.179574] (lio_sam) CommandEnded: {'returncode': 0}
[2.184379] (lio_sam) JobProgress: {'identifier': 'lio_sam', 'progress': 'install'}
[2.188609] (lio_sam) Command: {'cmd': ['/usr/bin/cmake', '--install', '/home/ztl/ROS_humble_LIO/build/lio_sam'], 'cwd': '/home/ztl/ROS_humble_LIO/build/lio_sam', 'env': OrderedDict([('LESSOPEN', '| /usr/bin/lesspipe %s'), ('LANGUAGE', 'zh_CN:en'), ('USER', 'ztl'), ('LC_TIME', 'en_US.UTF-8'), ('XDG_SESSION_TYPE', 'x11'), ('SHLVL', '1'), ('LD_LIBRARY_PATH', '/home/ztl/ROS_humble_LIO/install/autorccar_interfaces/lib:/home/ztl/lio-sam/src/LIO/LIO-SAM_MID360_ROS2_PKG/ros2/install/lio_sam/lib:/home/ztl/lio-sam/src/LIO/LIO-SAM_MID360_ROS2_PKG/ros2/install/autorccar_interfaces/lib:/home/ztl/project/install/livox_ros_driver2/lib:/opt/ros/humble/opt/rviz_ogre_vendor/lib:/opt/ros/humble/lib/aarch64-linux-gnu:/opt/ros/humble/lib'), ('HOME', '/home/ztl'), ('MUTTER_DEBUG_ENABLE_ATOMIC_KMS', '0'), ('DESKTOP_SESSION', 'ubuntu'), ('ROS_PYTHON_VERSION', '3'), ('GNOME_SHELL_SESSION_MODE', 'ubuntu'), ('GTK_MODULES', 'gail:atk-bridge'), ('LC_MONETARY', 'en_US.UTF-8'), ('DBUS_STARTER_BUS_TYPE', 'session'), ('SYSTEMD_EXEC_PID', '1138'), ('DBUS_SESSION_BUS_ADDRESS', 'unix:path=/run/user/1000/bus,guid=e38796444bff260aed25fbd367c59363'), ('COLORTERM', 'truecolor'), ('DEBUGINFOD_URLS', ''), ('IM_CONFIG_PHASE', '1'), ('COLCON_PREFIX_PATH', '/home/ztl/pointcloud2pcd/install:/home/ztl/lio-sam/src/LIO/LIO-SAM_MID360_ROS2_PKG/ros2/install:/home/ztl/project/install'), ('ROS_DISTRO', 'humble'), ('GTK_IM_MODULE', 'ibus'), ('LOGNAME', 'ztl'), ('_', '/usr/bin/colcon'), ('ROS_VERSION', '2'), ('XDG_SESSION_CLASS', 'user'), ('USERNAME', 'ztl'), ('TERM', 'xterm-256color'), ('GNOME_DESKTOP_SESSION_ID', 'this-is-deprecated'), ('ROS_LOCALHOST_ONLY', '0'), ('WINDOWPATH', '2'), ('PATH', '/opt/ros/humble/bin:/usr/local/sbin:/usr/local/bin:/usr/sbin:/usr/bin:/sbin:/bin:/usr/games:/usr/local/games:/snap/bin:/snap/bin'), ('SESSION_MANAGER', 'local/3588:@/tmp/.ICE-unix/1138,unix/3588:/tmp/.ICE-unix/1138'), ('PAPERSIZE', 'letter'), ('XDG_MENU_PREFIX', 'gnome-'), ('LC_ADDRESS', 'en_US.UTF-8'), ('GNOME_TERMINAL_SCREEN', '/org/gnome/Terminal/screen/15001a7c_95e8_42c3_83ca_8e6400d20d5f'), ('XDG_RUNTIME_DIR', '/run/user/1000'), ('DISPLAY', ':0'), ('LANG', 'zh_CN.UTF-8'), ('XDG_CURRENT_DESKTOP', 'ubuntu:GNOME'), ('LC_TELEPHONE', 'en_US.UTF-8'), ('XMODIFIERS', '@im=ibus'), ('XDG_SESSION_DESKTOP', 'ubuntu'), ('XAUTHORITY', '/run/user/1000/gdm/Xauthority'), ('LS_COLORS', 'rs=0:di=01;34:ln=01;36:mh=00:pi=40;33:so=01;35:do=01;35:bd=40;33;01:cd=40;33;01:or=40;31;01:mi=00:su=37;41:sg=30;43:ca=30;41:tw=30;42:ow=34;42:st=37;44:ex=01;32:*.tar=01;31:*.tgz=01;31:*.arc=01;31:*.arj=01;31:*.taz=01;31:*.lha=01;31:*.lz4=01;31:*.lzh=01;31:*.lzma=01;31:*.tlz=01;31:*.txz=01;31:*.tzo=01;31:*.t7z=01;31:*.zip=01;31:*.z=01;31:*.dz=01;31:*.gz=01;31:*.lrz=01;31:*.lz=01;31:*.lzo=01;31:*.xz=01;31:*.zst=01;31:*.tzst=01;31:*.bz2=01;31:*.bz=01;31:*.tbz=01;31:*.tbz2=01;31:*.tz=01;31:*.deb=01;31:*.rpm=01;31:*.jar=01;31:*.war=01;31:*.ear=01;31:*.sar=01;31:*.rar=01;31:*.alz=01;31:*.ace=01;31:*.zoo=01;31:*.cpio=01;31:*.7z=01;31:*.rz=01;31:*.cab=01;31:*.wim=01;31:*.swm=01;31:*.dwm=01;31:*.esd=01;31:*.jpg=01;35:*.jpeg=01;35:*.mjpg=01;35:*.mjpeg=01;35:*.gif=01;35:*.bmp=01;35:*.pbm=01;35:*.pgm=01;35:*.ppm=01;35:*.tga=01;35:*.xbm=01;35:*.xpm=01;35:*.tif=01;35:*.tiff=01;35:*.png=01;35:*.svg=01;35:*.svgz=01;35:*.mng=01;35:*.pcx=01;35:*.mov=01;35:*.mpg=01;35:*.mpeg=01;35:*.m2v=01;35:*.mkv=01;35:*.webm=01;35:*.webp=01;35:*.ogm=01;35:*.mp4=01;35:*.m4v=01;35:*.mp4v=01;35:*.vob=01;35:*.qt=01;35:*.nuv=01;35:*.wmv=01;35:*.asf=01;35:*.rm=01;35:*.rmvb=01;35:*.flc=01;35:*.avi=01;35:*.fli=01;35:*.flv=01;35:*.gl=01;35:*.dl=01;35:*.xcf=01;35:*.xwd=01;35:*.yuv=01;35:*.cgm=01;35:*.emf=01;35:*.ogv=01;35:*.ogx=01;35:*.aac=00;36:*.au=00;36:*.flac=00;36:*.m4a=00;36:*.mid=00;36:*.midi=00;36:*.mka=00;36:*.mp3=00;36:*.mpc=00;36:*.ogg=00;36:*.ra=00;36:*.wav=00;36:*.oga=00;36:*.opus=00;36:*.spx=00;36:*.xspf=00;36:'), ('GNOME_TERMINAL_SERVICE', ':1.95'), ('SSH_AGENT_LAUNCHER', 'gnome-keyring'), ('SSH_AUTH_SOCK', '/run/user/1000/keyring/ssh'), ('AMENT_PREFIX_PATH', '/home/ztl/ROS_humble_LIO/install/autorccar_interfaces:/home/ztl/pointcloud2pcd/install/pointcloud2_to_pcd:/home/ztl/lio-sam/src/LIO/LIO-SAM_MID360_ROS2_PKG/ros2/install/lio_sam:/home/ztl/lio-sam/src/LIO/LIO-SAM_MID360_ROS2_PKG/ros2/install/autorccar_interfaces:/home/ztl/project/install/livox_ros_driver2:/opt/ros/humble'), ('SHELL', '/bin/bash'), ('LC_NAME', 'en_US.UTF-8'), ('CLUTTER_PAINT', 'disable-dynamic-max-render-time'), ('QT_ACCESSIBILITY', '1'), ('GDMSESSION', 'ubuntu'), ('LESSCLOSE', '/usr/bin/lesspipe %s %s'), ('LC_MEASUREMENT', 'en_US.UTF-8'), ('GPG_AGENT_INFO', '/run/user/1000/gnupg/S.gpg-agent:0:1'), ('LC_IDENTIFICATION', 'en_US.UTF-8'), ('MUTTER_DEBUG_FORCE_KMS_MODE', 'simple'), ('QT_IM_MODULE', 'ibus'), ('PWD', '/home/ztl/ROS_humble_LIO/build/lio_sam'), ('XDG_CONFIG_DIRS', '/etc/xdg/xdg-ubuntu:/etc/xdg'), ('DBUS_STARTER_ADDRESS', 'unix:path=/run/user/1000/bus,guid=e38796444bff260aed25fbd367c59363'), ('XDG_DATA_DIRS', '/usr/share/ubuntu:/usr/share/gnome:/usr/local/share/:/usr/share/:/var/lib/snapd/desktop'), ('PYTHONPATH', '/home/ztl/ROS_humble_LIO/install/autorccar_interfaces/local/lib/python3.10/dist-packages:/home/ztl/lio-sam/src/LIO/LIO-SAM_MID360_ROS2_PKG/ros2/install/lio_sam/local/lib/python3.10/dist-packages:/home/ztl/lio-sam/src/LIO/LIO-SAM_MID360_ROS2_PKG/ros2/install/autorccar_interfaces/local/lib/python3.10/dist-packages:/home/ztl/project/install/livox_ros_driver2/local/lib/python3.10/dist-packages:/opt/ros/humble/lib/python3.10/site-packages:/opt/ros/humble/local/lib/python3.10/dist-packages'), ('LC_NUMERIC', 'en_US.UTF-8'), ('LC_PAPER', 'en_US.UTF-8'), ('COLCON', '1'), ('VTE_VERSION', '6800'), ('CMAKE_PREFIX_PATH', '/home/ztl/ROS_humble_LIO/install/autorccar_interfaces:/home/ztl/pointcloud2pcd/install/pointcloud2_to_pcd:/home/ztl/lio-sam/src/LIO/LIO-SAM_MID360_ROS2_PKG/ros2/install/lio_sam:/home/ztl/lio-sam/src/LIO/LIO-SAM_MID360_ROS2_PKG/ros2/install/autorccar_interfaces:/home/ztl/project/install/livox_ros_driver2:/opt/ros/humble')]), 'shell': False}
[2.206379] (-) TimerEvent: {}
[2.228379] (lio_sam) StdoutLine: {'line': b'-- Install configuration: "Release"\n'}
[2.228930] (lio_sam) StdoutLine: {'line': b'-- Up-to-date: /home/ztl/ROS_humble_LIO/install/lio_sam/share/ament_index/resource_index/rosidl_interfaces/lio_sam\n'}
[2.229487] (lio_sam) StdoutLine: {'line': b'-- Up-to-date: /home/ztl/ROS_humble_LIO/install/lio_sam/include/lio_sam/lio_sam\n'}
[2.229718] (lio_sam) StdoutLine: {'line': b'-- Up-to-date: /home/ztl/ROS_humble_LIO/install/lio_sam/include/lio_sam/lio_sam/srv\n'}
[2.229886] (lio_sam) StdoutLine: {'line': b'-- Up-to-date: /home/ztl/ROS_humble_LIO/install/lio_sam/include/lio_sam/lio_sam/srv/detail\n'}
[2.230042] (lio_sam) StdoutLine: {'line': b'-- Up-to-date: /home/ztl/ROS_humble_LIO/install/lio_sam/include/lio_sam/lio_sam/srv/detail/save_map__functions.h\n'}
[2.230561] (lio_sam) StdoutLine: {'line': b'-- Up-to-date: /home/ztl/ROS_humble_LIO/install/lio_sam/include/lio_sam/lio_sam/srv/detail/save_map__struct.h\n'}
[2.230883] (lio_sam) StdoutLine: {'line': b'-- Up-to-date: /home/ztl/ROS_humble_LIO/install/lio_sam/include/lio_sam/lio_sam/srv/detail/save_map__type_support.h\n'}
[2.231048] (lio_sam) StdoutLine: {'line': b'-- Up-to-date: /home/ztl/ROS_humble_LIO/install/lio_sam/include/lio_sam/lio_sam/srv/detail/save_map__functions.c\n'}
[2.231261] (lio_sam) StdoutLine: {'line': b'-- Up-to-date: /home/ztl/ROS_humble_LIO/install/lio_sam/include/lio_sam/lio_sam/srv/save_map.h\n'}
[2.231485] (lio_sam) StdoutLine: {'line': b'-- Up-to-date: /home/ztl/ROS_humble_LIO/install/lio_sam/include/lio_sam/lio_sam/msg\n'}
[2.231728] (lio_sam) StdoutLine: {'line': b'-- Up-to-date: /home/ztl/ROS_humble_LIO/install/lio_sam/include/lio_sam/lio_sam/msg/detail\n'}
[2.231871] (lio_sam) StdoutLine: {'line': b'-- Up-to-date: /home/ztl/ROS_humble_LIO/install/lio_sam/include/lio_sam/lio_sam/msg/detail/cloud_info__functions.c\n'}
[2.232126] (lio_sam) StdoutLine: {'line': b'-- Up-to-date: /home/ztl/ROS_humble_LIO/install/lio_sam/include/lio_sam/lio_sam/msg/detail/cloud_info__struct.h\n'}
[2.232267] (lio_sam) StdoutLine: {'line': b'-- Up-to-date: /home/ztl/ROS_humble_LIO/install/lio_sam/include/lio_sam/lio_sam/msg/detail/cloud_info__type_support.h\n'}
[2.232409] (lio_sam) StdoutLine: {'line': b'-- Up-to-date: /home/ztl/ROS_humble_LIO/install/lio_sam/include/lio_sam/lio_sam/msg/detail/cloud_info__functions.h\n'}
[2.233079] (lio_sam) StdoutLine: {'line': b'-- Up-to-date: /home/ztl/ROS_humble_LIO/install/lio_sam/include/lio_sam/lio_sam/msg/cloud_info.h\n'}
[2.234340] (lio_sam) StdoutLine: {'line': b'-- Up-to-date: /home/ztl/ROS_humble_LIO/install/lio_sam/include/lio_sam/lio_sam/msg/rosidl_generator_c__visibility_control.h\n'}
[2.235338] (lio_sam) StdoutLine: {'line': b'-- Up-to-date: /home/ztl/ROS_humble_LIO/install/lio_sam/share/lio_sam/environment/library_path.sh\n'}
[2.236372] (lio_sam) StdoutLine: {'line': b'-- Up-to-date: /home/ztl/ROS_humble_LIO/install/lio_sam/share/lio_sam/environment/library_path.dsv\n'}
[2.237291] (lio_sam) StdoutLine: {'line': b'-- Up-to-date: /home/ztl/ROS_humble_LIO/install/lio_sam/lib/liblio_sam__rosidl_generator_c.so\n'}
[2.238676] (lio_sam) StdoutLine: {'line': b'-- Up-to-date: /home/ztl/ROS_humble_LIO/install/lio_sam/include/lio_sam/lio_sam\n'}
[2.239404] (lio_sam) StdoutLine: {'line': b'-- Up-to-date: /home/ztl/ROS_humble_LIO/install/lio_sam/include/lio_sam/lio_sam/srv\n'}
[2.240100] (lio_sam) StdoutLine: {'line': b'-- Up-to-date: /home/ztl/ROS_humble_LIO/install/lio_sam/include/lio_sam/lio_sam/srv/detail\n'}
[2.240751] (lio_sam) StdoutLine: {'line': b'-- Up-to-date: /home/ztl/ROS_humble_LIO/install/lio_sam/include/lio_sam/lio_sam/srv/detail/save_map__rosidl_typesupport_fastrtps_c.h\n'}
[2.241478] (lio_sam) StdoutLine: {'line': b'-- Up-to-date: /home/ztl/ROS_humble_LIO/install/lio_sam/include/lio_sam/lio_sam/msg\n'}
[2.242127] (lio_sam) StdoutLine: {'line': b'-- Up-to-date: /home/ztl/ROS_humble_LIO/install/lio_sam/include/lio_sam/lio_sam/msg/detail\n'}
[2.242780] (lio_sam) StdoutLine: {'line': b'-- Up-to-date: /home/ztl/ROS_humble_LIO/install/lio_sam/include/lio_sam/lio_sam/msg/detail/cloud_info__rosidl_typesupport_fastrtps_c.h\n'}
[2.243522] (lio_sam) StdoutLine: {'line': b'-- Up-to-date: /home/ztl/ROS_humble_LIO/install/lio_sam/include/lio_sam/lio_sam/msg/rosidl_typesupport_fastrtps_c__visibility_control.h\n'}
[2.244201] (lio_sam) StdoutLine: {'line': b'-- Up-to-date: /home/ztl/ROS_humble_LIO/install/lio_sam/lib/liblio_sam__rosidl_typesupport_fastrtps_c.so\n'}
[2.244927] (lio_sam) StdoutLine: {'line': b'-- Up-to-date: /home/ztl/ROS_humble_LIO/install/lio_sam/include/lio_sam/lio_sam\n'}
[2.245582] (lio_sam) StdoutLine: {'line': b'-- Up-to-date: /home/ztl/ROS_humble_LIO/install/lio_sam/include/lio_sam/lio_sam/srv\n'}
[2.246218] (lio_sam) StdoutLine: {'line': b'-- Up-to-date: /home/ztl/ROS_humble_LIO/install/lio_sam/include/lio_sam/lio_sam/srv/detail\n'}
[2.246964] (lio_sam) StdoutLine: {'line': b'-- Up-to-date: /home/ztl/ROS_humble_LIO/install/lio_sam/include/lio_sam/lio_sam/srv/detail/save_map__type_support.c\n'}
[2.247632] (lio_sam) StdoutLine: {'line': b'-- Up-to-date: /home/ztl/ROS_humble_LIO/install/lio_sam/include/lio_sam/lio_sam/srv/detail/save_map__rosidl_typesupport_introspection_c.h\n'}
[2.248297] (lio_sam) StdoutLine: {'line': b'-- Up-to-date: /home/ztl/ROS_humble_LIO/install/lio_sam/include/lio_sam/lio_sam/msg\n'}
[2.248997] (lio_sam) StdoutLine: {'line': b'-- Up-to-date: /home/ztl/ROS_humble_LIO/install/lio_sam/include/lio_sam/lio_sam/msg/detail\n'}
[2.249652] (lio_sam) StdoutLine: {'line': b'-- Up-to-date: /home/ztl/ROS_humble_LIO/install/lio_sam/include/lio_sam/lio_sam/msg/detail/cloud_info__rosidl_typesupport_introspection_c.h\n'}
[2.250315] (lio_sam) StdoutLine: {'line': b'-- Up-to-date: /home/ztl/ROS_humble_LIO/install/lio_sam/include/lio_sam/lio_sam/msg/detail/cloud_info__type_support.c\n'}
[2.250952] (lio_sam) StdoutLine: {'line': b'-- Up-to-date: /home/ztl/ROS_humble_LIO/install/lio_sam/include/lio_sam/lio_sam/msg/rosidl_typesupport_introspection_c__visibility_control.h\n'}
[2.251618] (lio_sam) StdoutLine: {'line': b'-- Up-to-date: /home/ztl/ROS_humble_LIO/install/lio_sam/lib/liblio_sam__rosidl_typesupport_introspection_c.so\n'}
[2.252256] (lio_sam) StdoutLine: {'line': b'-- Up-to-date: /home/ztl/ROS_humble_LIO/install/lio_sam/lib/liblio_sam__rosidl_typesupport_c.so\n'}
[2.252893] (lio_sam) StdoutLine: {'line': b'-- Up-to-date: /home/ztl/ROS_humble_LIO/install/lio_sam/include/lio_sam/lio_sam\n'}
[2.253527] (lio_sam) StdoutLine: {'line': b'-- Up-to-date: /home/ztl/ROS_humble_LIO/install/lio_sam/include/lio_sam/lio_sam/srv\n'}
[2.254158] (lio_sam) StdoutLine: {'line': b'-- Up-to-date: /home/ztl/ROS_humble_LIO/install/lio_sam/include/lio_sam/lio_sam/srv/detail\n'}
[2.254808] (lio_sam) StdoutLine: {'line': b'-- Up-to-date: /home/ztl/ROS_humble_LIO/install/lio_sam/include/lio_sam/lio_sam/srv/detail/save_map__builder.hpp\n'}
[2.255444] (lio_sam) StdoutLine: {'line': b'-- Up-to-date: /home/ztl/ROS_humble_LIO/install/lio_sam/include/lio_sam/lio_sam/srv/detail/save_map__traits.hpp\n'}
[2.256100] (lio_sam) StdoutLine: {'line': b'-- Up-to-date: /home/ztl/ROS_humble_LIO/install/lio_sam/include/lio_sam/lio_sam/srv/detail/save_map__struct.hpp\n'}
[2.256733] (lio_sam) StdoutLine: {'line': b'-- Up-to-date: /home/ztl/ROS_humble_LIO/install/lio_sam/include/lio_sam/lio_sam/srv/detail/save_map__type_support.hpp\n'}
[2.257365] (lio_sam) StdoutLine: {'line': b'-- Up-to-date: /home/ztl/ROS_humble_LIO/install/lio_sam/include/lio_sam/lio_sam/srv/save_map.hpp\n'}
[2.257996] (lio_sam) StdoutLine: {'line': b'-- Up-to-date: /home/ztl/ROS_humble_LIO/install/lio_sam/include/lio_sam/lio_sam/msg\n'}
[2.258648] (lio_sam) StdoutLine: {'line': b'-- Up-to-date: /home/ztl/ROS_humble_LIO/install/lio_sam/include/lio_sam/lio_sam/msg/detail\n'}
[2.259283] (lio_sam) StdoutLine: {'line': b'-- Up-to-date: /home/ztl/ROS_humble_LIO/install/lio_sam/include/lio_sam/lio_sam/msg/detail/cloud_info__traits.hpp\n'}
[2.259918] (lio_sam) StdoutLine: {'line': b'-- Up-to-date: /home/ztl/ROS_humble_LIO/install/lio_sam/include/lio_sam/lio_sam/msg/detail/cloud_info__type_support.hpp\n'}
[2.260560] (lio_sam) StdoutLine: {'line': b'-- Up-to-date: /home/ztl/ROS_humble_LIO/install/lio_sam/include/lio_sam/lio_sam/msg/detail/cloud_info__builder.hpp\n'}
[2.261193] (lio_sam) StdoutLine: {'line': b'-- Up-to-date: /home/ztl/ROS_humble_LIO/install/lio_sam/include/lio_sam/lio_sam/msg/detail/cloud_info__struct.hpp\n'}
[2.261868] (lio_sam) StdoutLine: {'line': b'-- Up-to-date: /home/ztl/ROS_humble_LIO/install/lio_sam/include/lio_sam/lio_sam/msg/rosidl_generator_cpp__visibility_control.hpp\n'}
[2.262507] (lio_sam) StdoutLine: {'line': b'-- Up-to-date: /home/ztl/ROS_humble_LIO/install/lio_sam/include/lio_sam/lio_sam/msg/cloud_info.hpp\n'}
[2.263145] (lio_sam) StdoutLine: {'line': b'-- Up-to-date: /home/ztl/ROS_humble_LIO/install/lio_sam/include/lio_sam/lio_sam\n'}
[2.263777] (lio_sam) StdoutLine: {'line': b'-- Up-to-date: /home/ztl/ROS_humble_LIO/install/lio_sam/include/lio_sam/lio_sam/srv\n'}
[2.264437] (lio_sam) StdoutLine: {'line': b'-- Up-to-date: /home/ztl/ROS_humble_LIO/install/lio_sam/include/lio_sam/lio_sam/srv/detail\n'}
[2.265089] (lio_sam) StdoutLine: {'line': b'-- Up-to-date: /home/ztl/ROS_humble_LIO/install/lio_sam/include/lio_sam/lio_sam/srv/detail/dds_fastrtps\n'}
[2.265832] (lio_sam) StdoutLine: {'line': b'-- Up-to-date: /home/ztl/ROS_humble_LIO/install/lio_sam/include/lio_sam/lio_sam/srv/detail/save_map__rosidl_typesupport_fastrtps_cpp.hpp\n'}
[2.266469] (lio_sam) StdoutLine: {'line': b'-- Up-to-date: /home/ztl/ROS_humble_LIO/install/lio_sam/include/lio_sam/lio_sam/msg\n'}
[2.267101] (lio_sam) StdoutLine: {'line': b'-- Up-to-date: /home/ztl/ROS_humble_LIO/install/lio_sam/include/lio_sam/lio_sam/msg/detail\n'}
[2.267735] (lio_sam) StdoutLine: {'line': b'-- Up-to-date: /home/ztl/ROS_humble_LIO/install/lio_sam/include/lio_sam/lio_sam/msg/detail/dds_fastrtps\n'}
[2.268399] (lio_sam) StdoutLine: {'line': b'-- Up-to-date: /home/ztl/ROS_humble_LIO/install/lio_sam/include/lio_sam/lio_sam/msg/detail/cloud_info__rosidl_typesupport_fastrtps_cpp.hpp\n'}
[2.269095] (lio_sam) StdoutLine: {'line': b'-- Up-to-date: /home/ztl/ROS_humble_LIO/install/lio_sam/include/lio_sam/lio_sam/msg/rosidl_typesupport_fastrtps_cpp__visibility_control.h\n'}
[2.269739] (lio_sam) StdoutLine: {'line': b'-- Up-to-date: /home/ztl/ROS_humble_LIO/install/lio_sam/lib/liblio_sam__rosidl_typesupport_fastrtps_cpp.so\n'}
[2.270379] (lio_sam) StdoutLine: {'line': b'-- Up-to-date: /home/ztl/ROS_humble_LIO/install/lio_sam/include/lio_sam/lio_sam\n'}
[2.271020] (lio_sam) StdoutLine: {'line': b'-- Up-to-date: /home/ztl/ROS_humble_LIO/install/lio_sam/include/lio_sam/lio_sam/srv\n'}
[2.271676] (lio_sam) StdoutLine: {'line': b'-- Up-to-date: /home/ztl/ROS_humble_LIO/install/lio_sam/include/lio_sam/lio_sam/srv/detail\n'}
[2.272313] (lio_sam) StdoutLine: {'line': b'-- Up-to-date: /home/ztl/ROS_humble_LIO/install/lio_sam/include/lio_sam/lio_sam/srv/detail/save_map__type_support.cpp\n'}
[2.272955] (lio_sam) StdoutLine: {'line': b'-- Up-to-date: /home/ztl/ROS_humble_LIO/install/lio_sam/include/lio_sam/lio_sam/srv/detail/save_map__rosidl_typesupport_introspection_cpp.hpp\n'}
[2.273648] (lio_sam) StdoutLine: {'line': b'-- Up-to-date: /home/ztl/ROS_humble_LIO/install/lio_sam/include/lio_sam/lio_sam/msg\n'}
[2.274284] (lio_sam) StdoutLine: {'line': b'-- Up-to-date: /home/ztl/ROS_humble_LIO/install/lio_sam/include/lio_sam/lio_sam/msg/detail\n'}
[2.274957] (lio_sam) StdoutLine: {'line': b'-- Up-to-date: /home/ztl/ROS_humble_LIO/install/lio_sam/include/lio_sam/lio_sam/msg/detail/cloud_info__type_support.cpp\n'}
[2.275609] (lio_sam) StdoutLine: {'line': b'-- Up-to-date: /home/ztl/ROS_humble_LIO/install/lio_sam/include/lio_sam/lio_sam/msg/detail/cloud_info__rosidl_typesupport_introspection_cpp.hpp\n'}
[2.276291] (lio_sam) StdoutLine: {'line': b'-- Up-to-date: /home/ztl/ROS_humble_LIO/install/lio_sam/lib/liblio_sam__rosidl_typesupport_introspection_cpp.so\n'}
[2.276943] (lio_sam) StdoutLine: {'line': b'-- Up-to-date: /home/ztl/ROS_humble_LIO/install/lio_sam/lib/liblio_sam__rosidl_typesupport_cpp.so\n'}
[2.277595] (lio_sam) StdoutLine: {'line': b'-- Up-to-date: /home/ztl/ROS_humble_LIO/install/lio_sam/share/lio_sam/environment/pythonpath.sh\n'}
[2.277929] (lio_sam) StdoutLine: {'line': b'-- Up-to-date: /home/ztl/ROS_humble_LIO/install/lio_sam/share/lio_sam/environment/pythonpath.dsv\n'}
[2.278103] (lio_sam) StdoutLine: {'line': b'-- Up-to-date: /home/ztl/ROS_humble_LIO/install/lio_sam/local/lib/python3.10/dist-packages/lio_sam-1.0.0-py3.10.egg-info\n'}
[2.278470] (lio_sam) StdoutLine: {'line': b'-- Installing: /home/ztl/ROS_humble_LIO/install/lio_sam/local/lib/python3.10/dist-packages/lio_sam-1.0.0-py3.10.egg-info/top_level.txt\n'}
[2.278626] (lio_sam) StdoutLine: {'line': b'-- Installing: /home/ztl/ROS_humble_LIO/install/lio_sam/local/lib/python3.10/dist-packages/lio_sam-1.0.0-py3.10.egg-info/PKG-INFO\n'}
[2.278776] (lio_sam) StdoutLine: {'line': b'-- Installing: /home/ztl/ROS_humble_LIO/install/lio_sam/local/lib/python3.10/dist-packages/lio_sam-1.0.0-py3.10.egg-info/SOURCES.txt\n'}
[2.278935] (lio_sam) StdoutLine: {'line': b'-- Installing: /home/ztl/ROS_humble_LIO/install/lio_sam/local/lib/python3.10/dist-packages/lio_sam-1.0.0-py3.10.egg-info/dependency_links.txt\n'}
[2.279082] (lio_sam) StdoutLine: {'line': b'-- Up-to-date: /home/ztl/ROS_humble_LIO/install/lio_sam/local/lib/python3.10/dist-packages/lio_sam\n'}
[2.279223] (lio_sam) StdoutLine: {'line': b'-- Up-to-date: /home/ztl/ROS_humble_LIO/install/lio_sam/local/lib/python3.10/dist-packages/lio_sam/_lio_sam_s.ep.rosidl_typesupport_c.c\n'}
[2.279364] (lio_sam) StdoutLine: {'line': b'-- Up-to-date: /home/ztl/ROS_humble_LIO/install/lio_sam/local/lib/python3.10/dist-packages/lio_sam/_lio_sam_s.ep.rosidl_typesupport_introspection_c.c\n'}
[2.279508] (lio_sam) StdoutLine: {'line': b'-- Up-to-date: /home/ztl/ROS_humble_LIO/install/lio_sam/local/lib/python3.10/dist-packages/lio_sam/__init__.py\n'}
[2.279662] (lio_sam) StdoutLine: {'line': b'-- Up-to-date: /home/ztl/ROS_humble_LIO/install/lio_sam/local/lib/python3.10/dist-packages/lio_sam/srv\n'}
[2.279805] (lio_sam) StdoutLine: {'line': b'-- Up-to-date: /home/ztl/ROS_humble_LIO/install/lio_sam/local/lib/python3.10/dist-packages/lio_sam/srv/__init__.py\n'}
[2.279949] (lio_sam) StdoutLine: {'line': b'-- Up-to-date: /home/ztl/ROS_humble_LIO/install/lio_sam/local/lib/python3.10/dist-packages/lio_sam/srv/_save_map.py\n'}
[2.280089] (lio_sam) StdoutLine: {'line': b'-- Up-to-date: /home/ztl/ROS_humble_LIO/install/lio_sam/local/lib/python3.10/dist-packages/lio_sam/srv/_save_map_s.c\n'}
[2.280228] (lio_sam) StdoutLine: {'line': b'-- Up-to-date: /home/ztl/ROS_humble_LIO/install/lio_sam/local/lib/python3.10/dist-packages/lio_sam/_lio_sam_s.ep.rosidl_typesupport_fastrtps_c.c\n'}
[2.280369] (lio_sam) StdoutLine: {'line': b'-- Up-to-date: /home/ztl/ROS_humble_LIO/install/lio_sam/local/lib/python3.10/dist-packages/lio_sam/msg\n'}
[2.280507] (lio_sam) StdoutLine: {'line': b'-- Up-to-date: /home/ztl/ROS_humble_LIO/install/lio_sam/local/lib/python3.10/dist-packages/lio_sam/msg/__init__.py\n'}
[2.280648] (lio_sam) StdoutLine: {'line': b'-- Up-to-date: /home/ztl/ROS_humble_LIO/install/lio_sam/local/lib/python3.10/dist-packages/lio_sam/msg/_cloud_info_s.c\n'}
[2.280787] (lio_sam) StdoutLine: {'line': b'-- Up-to-date: /home/ztl/ROS_humble_LIO/install/lio_sam/local/lib/python3.10/dist-packages/lio_sam/msg/_cloud_info.py\n'}
[2.280925] (lio_sam) StdoutLine: {'line': b'-- Up-to-date: /home/ztl/ROS_humble_LIO/install/lio_sam/local/lib/python3.10/dist-packages/lio_sam/lio_sam_s__rosidl_typesupport_c.cpython-310-aarch64-linux-gnu.so\n'}
[2.281069] (lio_sam) StdoutLine: {'line': b'-- Up-to-date: /home/ztl/ROS_humble_LIO/install/lio_sam/local/lib/python3.10/dist-packages/lio_sam/lio_sam_s__rosidl_typesupport_fastrtps_c.cpython-310-aarch64-linux-gnu.so\n'}
[2.281235] (lio_sam) StdoutLine: {'line': b'-- Up-to-date: /home/ztl/ROS_humble_LIO/install/lio_sam/local/lib/python3.10/dist-packages/lio_sam/lio_sam_s__rosidl_typesupport_introspection_c.cpython-310-aarch64-linux-gnu.so\n'}
[2.281380] (lio_sam) StdoutLine: {'line': b'-- Up-to-date: /home/ztl/ROS_humble_LIO/install/lio_sam/local/lib/python3.10/dist-packages/lio_sam/liblio_sam__rosidl_generator_py.so\n'}
[2.306496] (-) TimerEvent: {}
[2.342429] (lio_sam) StdoutLine: {'line': b"Listing '/home/ztl/ROS_humble_LIO/install/lio_sam/local/lib/python3.10/dist-packages/lio_sam'...\n"}
[2.342814] (lio_sam) StdoutLine: {'line': b"Listing '/home/ztl/ROS_humble_LIO/install/lio_sam/local/lib/python3.10/dist-packages/lio_sam/msg'...\n"}
[2.343005] (lio_sam) StdoutLine: {'line': b"Listing '/home/ztl/ROS_humble_LIO/install/lio_sam/local/lib/python3.10/dist-packages/lio_sam/srv'...\n"}
[2.358001] (lio_sam) StdoutLine: {'line': b'-- Up-to-date: /home/ztl/ROS_humble_LIO/install/lio_sam/local/lib/python3.10/dist-packages/lio_sam/lio_sam_s__rosidl_typesupport_fastrtps_c.cpython-310-aarch64-linux-gnu.so\n'}
[2.358881] (lio_sam) StdoutLine: {'line': b'-- Up-to-date: /home/ztl/ROS_humble_LIO/install/lio_sam/local/lib/python3.10/dist-packages/lio_sam/lio_sam_s__rosidl_typesupport_introspection_c.cpython-310-aarch64-linux-gnu.so\n'}
[2.363096] (lio_sam) StdoutLine: {'line': b'-- Up-to-date: /home/ztl/ROS_humble_LIO/install/lio_sam/local/lib/python3.10/dist-packages/lio_sam/lio_sam_s__rosidl_typesupport_c.cpython-310-aarch64-linux-gnu.so\n'}
[2.364292] (lio_sam) StdoutLine: {'line': b'-- Up-to-date: /home/ztl/ROS_humble_LIO/install/lio_sam/lib/liblio_sam__rosidl_generator_py.so\n'}
[2.365409] (lio_sam) StdoutLine: {'line': b'-- Up-to-date: /home/ztl/ROS_humble_LIO/install/lio_sam/share/lio_sam/msg/CloudInfo.idl\n'}
[2.366330] (lio_sam) StdoutLine: {'line': b'-- Up-to-date: /home/ztl/ROS_humble_LIO/install/lio_sam/share/lio_sam/srv/SaveMap.idl\n'}
[2.367279] (lio_sam) StdoutLine: {'line': b'-- Up-to-date: /home/ztl/ROS_humble_LIO/install/lio_sam/share/lio_sam/msg/CloudInfo.msg\n'}
[2.368539] (lio_sam) StdoutLine: {'line': b'-- Up-to-date: /home/ztl/ROS_humble_LIO/install/lio_sam/share/lio_sam/srv/SaveMap.srv\n'}
[2.369205] (lio_sam) StdoutLine: {'line': b'-- Up-to-date: /home/ztl/ROS_humble_LIO/install/lio_sam/share/lio_sam/srv/SaveMap_Request.msg\n'}
[2.369861] (lio_sam) StdoutLine: {'line': b'-- Up-to-date: /home/ztl/ROS_humble_LIO/install/lio_sam/share/lio_sam/srv/SaveMap_Response.msg\n'}
[2.370501] (lio_sam) StdoutLine: {'line': b'-- Up-to-date: /home/ztl/ROS_humble_LIO/install/lio_sam/share/lio_sam//launch\n'}
[2.371613] (lio_sam) StdoutLine: {'line': b'-- Up-to-date: /home/ztl/ROS_humble_LIO/install/lio_sam/share/lio_sam//launch/run.launch.py\n'}
[2.372022] (lio_sam) StdoutLine: {'line': b'-- Up-to-date: /home/ztl/ROS_humble_LIO/install/lio_sam/share/lio_sam//config\n'}
[2.372201] (lio_sam) StdoutLine: {'line': b'-- Up-to-date: /home/ztl/ROS_humble_LIO/install/lio_sam/share/lio_sam//config/robot.urdf.xacro\n'}
[2.372361] (lio_sam) StdoutLine: {'line': b'-- Up-to-date: /home/ztl/ROS_humble_LIO/install/lio_sam/share/lio_sam//config/rviz2.rviz\n'}
[2.372516] (lio_sam) StdoutLine: {'line': b'-- Up-to-date: /home/ztl/ROS_humble_LIO/install/lio_sam/share/lio_sam//config/params.yaml\n'}
[2.372674] (lio_sam) StdoutLine: {'line': b'-- Up-to-date: /home/ztl/ROS_humble_LIO/install/lio_sam/lib/lio_sam/lio_sam_imageProjection\n'}
[2.372828] (lio_sam) StdoutLine: {'line': b'-- Up-to-date: /home/ztl/ROS_humble_LIO/install/lio_sam/lib/lio_sam/lio_sam_imuPreintegration\n'}
[2.373165] (lio_sam) StdoutLine: {'line': b'-- Up-to-date: /home/ztl/ROS_humble_LIO/install/lio_sam/lib/lio_sam/lio_sam_featureExtraction\n'}
[2.375411] (lio_sam) StdoutLine: {'line': b'-- Up-to-date: /home/ztl/ROS_humble_LIO/install/lio_sam/lib/lio_sam/lio_sam_mapOptimization\n'}
[2.375844] (lio_sam) StdoutLine: {'line': b'-- Up-to-date: /home/ztl/ROS_humble_LIO/install/lio_sam/include\n'}
[2.376054] (lio_sam) StdoutLine: {'line': b'-- Up-to-date: /home/ztl/ROS_humble_LIO/install/lio_sam/include/lio_sam\n'}
[2.376336] (lio_sam) StdoutLine: {'line': b'-- Up-to-date: /home/ztl/ROS_humble_LIO/install/lio_sam/include/lio_sam/utility.hpp\n'}
[2.376614] (lio_sam) StdoutLine: {'line': b'-- Up-to-date: /home/ztl/ROS_humble_LIO/install/lio_sam/share/ament_index/resource_index/package_run_dependencies/lio_sam\n'}
[2.376881] (lio_sam) StdoutLine: {'line': b'-- Up-to-date: /home/ztl/ROS_humble_LIO/install/lio_sam/share/ament_index/resource_index/parent_prefix_path/lio_sam\n'}
[2.377294] (lio_sam) StdoutLine: {'line': b'-- Up-to-date: /home/ztl/ROS_humble_LIO/install/lio_sam/share/lio_sam/environment/ament_prefix_path.sh\n'}
[2.377584] (lio_sam) StdoutLine: {'line': b'-- Up-to-date: /home/ztl/ROS_humble_LIO/install/lio_sam/share/lio_sam/environment/ament_prefix_path.dsv\n'}
[2.378870] (lio_sam) StdoutLine: {'line': b'-- Up-to-date: /home/ztl/ROS_humble_LIO/install/lio_sam/share/lio_sam/environment/path.sh\n'}
[2.379145] (lio_sam) StdoutLine: {'line': b'-- Up-to-date: /home/ztl/ROS_humble_LIO/install/lio_sam/share/lio_sam/environment/path.dsv\n'}
[2.379369] (lio_sam) StdoutLine: {'line': b'-- Up-to-date: /home/ztl/ROS_humble_LIO/install/lio_sam/share/lio_sam/local_setup.bash\n'}
[2.379540] (lio_sam) StdoutLine: {'line': b'-- Up-to-date: /home/ztl/ROS_humble_LIO/install/lio_sam/share/lio_sam/local_setup.sh\n'}
[2.379773] (lio_sam) StdoutLine: {'line': b'-- Up-to-date: /home/ztl/ROS_humble_LIO/install/lio_sam/share/lio_sam/local_setup.zsh\n'}
[2.379942] (lio_sam) StdoutLine: {'line': b'-- Up-to-date: /home/ztl/ROS_humble_LIO/install/lio_sam/share/lio_sam/local_setup.dsv\n'}
[2.380119] (lio_sam) StdoutLine: {'line': b'-- Installing: /home/ztl/ROS_humble_LIO/install/lio_sam/share/lio_sam/package.dsv\n'}
[2.380342] (lio_sam) StdoutLine: {'line': b'-- Up-to-date: /home/ztl/ROS_humble_LIO/install/lio_sam/share/ament_index/resource_index/packages/lio_sam\n'}
[2.380628] (lio_sam) StdoutLine: {'line': b'-- Up-to-date: /home/ztl/ROS_humble_LIO/install/lio_sam/share/lio_sam/cmake/export_lio_sam__rosidl_generator_cExport.cmake\n'}
[2.380962] (lio_sam) StdoutLine: {'line': b'-- Up-to-date: /home/ztl/ROS_humble_LIO/install/lio_sam/share/lio_sam/cmake/export_lio_sam__rosidl_generator_cExport-release.cmake\n'}
[2.381230] (lio_sam) StdoutLine: {'line': b'-- Up-to-date: /home/ztl/ROS_humble_LIO/install/lio_sam/share/lio_sam/cmake/export_lio_sam__rosidl_typesupport_fastrtps_cExport.cmake\n'}
[2.381449] (lio_sam) StdoutLine: {'line': b'-- Up-to-date: /home/ztl/ROS_humble_LIO/install/lio_sam/share/lio_sam/cmake/export_lio_sam__rosidl_typesupport_fastrtps_cExport-release.cmake\n'}
[2.381648] (lio_sam) StdoutLine: {'line': b'-- Up-to-date: /home/ztl/ROS_humble_LIO/install/lio_sam/share/lio_sam/cmake/lio_sam__rosidl_typesupport_introspection_cExport.cmake\n'}
[2.381876] (lio_sam) StdoutLine: {'line': b'-- Up-to-date: /home/ztl/ROS_humble_LIO/install/lio_sam/share/lio_sam/cmake/lio_sam__rosidl_typesupport_introspection_cExport-release.cmake\n'}
[2.382077] (lio_sam) StdoutLine: {'line': b'-- Up-to-date: /home/ztl/ROS_humble_LIO/install/lio_sam/share/lio_sam/cmake/lio_sam__rosidl_typesupport_cExport.cmake\n'}
[2.382294] (lio_sam) StdoutLine: {'line': b'-- Up-to-date: /home/ztl/ROS_humble_LIO/install/lio_sam/share/lio_sam/cmake/lio_sam__rosidl_typesupport_cExport-release.cmake\n'}
[2.382515] (lio_sam) StdoutLine: {'line': b'-- Up-to-date: /home/ztl/ROS_humble_LIO/install/lio_sam/share/lio_sam/cmake/export_lio_sam__rosidl_generator_cppExport.cmake\n'}
[2.382693] (lio_sam) StdoutLine: {'line': b'-- Up-to-date: /home/ztl/ROS_humble_LIO/install/lio_sam/share/lio_sam/cmake/export_lio_sam__rosidl_typesupport_fastrtps_cppExport.cmake\n'}
[2.382934] (lio_sam) StdoutLine: {'line': b'-- Up-to-date: /home/ztl/ROS_humble_LIO/install/lio_sam/share/lio_sam/cmake/export_lio_sam__rosidl_typesupport_fastrtps_cppExport-release.cmake\n'}
[2.383172] (lio_sam) StdoutLine: {'line': b'-- Up-to-date: /home/ztl/ROS_humble_LIO/install/lio_sam/share/lio_sam/cmake/lio_sam__rosidl_typesupport_introspection_cppExport.cmake\n'}
[2.383395] (lio_sam) StdoutLine: {'line': b'-- Up-to-date: /home/ztl/ROS_humble_LIO/install/lio_sam/share/lio_sam/cmake/lio_sam__rosidl_typesupport_introspection_cppExport-release.cmake\n'}
[2.383609] (lio_sam) StdoutLine: {'line': b'-- Up-to-date: /home/ztl/ROS_humble_LIO/install/lio_sam/share/lio_sam/cmake/lio_sam__rosidl_typesupport_cppExport.cmake\n'}
[2.383797] (lio_sam) StdoutLine: {'line': b'-- Up-to-date: /home/ztl/ROS_humble_LIO/install/lio_sam/share/lio_sam/cmake/lio_sam__rosidl_typesupport_cppExport-release.cmake\n'}
[2.384020] (lio_sam) StdoutLine: {'line': b'-- Up-to-date: /home/ztl/ROS_humble_LIO/install/lio_sam/share/lio_sam/cmake/export_lio_sam__rosidl_generator_pyExport.cmake\n'}
[2.384241] (lio_sam) StdoutLine: {'line': b'-- Up-to-date: /home/ztl/ROS_humble_LIO/install/lio_sam/share/lio_sam/cmake/export_lio_sam__rosidl_generator_pyExport-release.cmake\n'}
[2.384494] (lio_sam) StdoutLine: {'line': b'-- Up-to-date: /home/ztl/ROS_humble_LIO/install/lio_sam/share/lio_sam/cmake/rosidl_cmake-extras.cmake\n'}
[2.384717] (lio_sam) StdoutLine: {'line': b'-- Up-to-date: /home/ztl/ROS_humble_LIO/install/lio_sam/share/lio_sam/cmake/ament_cmake_export_dependencies-extras.cmake\n'}
[2.385550] (lio_sam) StdoutLine: {'line': b'-- Up-to-date: /home/ztl/ROS_humble_LIO/install/lio_sam/share/lio_sam/cmake/ament_cmake_export_include_directories-extras.cmake\n'}
[2.386335] (lio_sam) StdoutLine: {'line': b'-- Up-to-date: /home/ztl/ROS_humble_LIO/install/lio_sam/share/lio_sam/cmake/ament_cmake_export_libraries-extras.cmake\n'}
[2.386691] (lio_sam) StdoutLine: {'line': b'-- Up-to-date: /home/ztl/ROS_humble_LIO/install/lio_sam/share/lio_sam/cmake/ament_cmake_export_targets-extras.cmake\n'}
[2.386948] (lio_sam) StdoutLine: {'line': b'-- Up-to-date: /home/ztl/ROS_humble_LIO/install/lio_sam/share/lio_sam/cmake/rosidl_cmake_export_typesupport_targets-extras.cmake\n'}
[2.387153] (lio_sam) StdoutLine: {'line': b'-- Up-to-date: /home/ztl/ROS_humble_LIO/install/lio_sam/share/lio_sam/cmake/rosidl_cmake_export_typesupport_libraries-extras.cmake\n'}
[2.387351] (lio_sam) StdoutLine: {'line': b'-- Up-to-date: /home/ztl/ROS_humble_LIO/install/lio_sam/share/lio_sam/cmake/lio_samConfig.cmake\n'}
[2.387502] (lio_sam) StdoutLine: {'line': b'-- Up-to-date: /home/ztl/ROS_humble_LIO/install/lio_sam/share/lio_sam/cmake/lio_samConfig-version.cmake\n'}
[2.387657] (lio_sam) StdoutLine: {'line': b'-- Up-to-date: /home/ztl/ROS_humble_LIO/install/lio_sam/share/lio_sam/package.xml\n'}
[2.387809] (lio_sam) CommandEnded: {'returncode': 0}
[2.406910] (-) TimerEvent: {}
[2.428424] (lio_sam) JobEnded: {'identifier': 'lio_sam', 'rc': 0}
[2.430613] (-) EventReactorShutdown: {}
